timeframe,instrument,direction,case,case_label,horizon,n,mean_r,median_r,std_r,win_rate,stop_rate,p5,p25,p50,p75,p95
Daily,NQ,both,all_cisd,All CISDs,1,804,0.01764255230140354,-0.13182066019702035,1.347691992048013,42.78606965174129,33.33333333333333,-1.0,-1.0,-0.13182066019702035,0.4442254351293253,1.9193704652155301
Daily,NQ,both,all_cisd,All CISDs,2,804,-0.017211423628326863,-0.5801926049221258,1.6043518723787362,38.930348258706466,46.766169154228855,-1.0,-1.0,-0.5801926049221258,0.5315729081252488,2.4867729349555927
Daily,NQ,both,all_cisd,All CISDs,3,804,0.0010335687872093007,-1.0,1.8179181805218039,35.32338308457712,53.73134328358209,-1.0,-1.0,-1.0,0.4679330424563196,2.9010388962765936
Daily,NQ,both,all_cisd,All CISDs,4,804,0.004775048870844674,-1.0,1.9757180077649317,32.960199004975124,58.95522388059702,-1.0,-1.0,-1.0,0.51259808324857,3.050986063409087
Daily,NQ,both,all_cisd,All CISDs,5,804,0.03547095697871132,-1.0,2.151861892574931,30.721393034825873,61.940298507462686,-1.0,-1.0,-1.0,0.4867436969401626,3.5928083089014993
Daily,NQ,both,all_cisd,All CISDs,6,804,0.019231709918788687,-1.0,2.231151672374892,29.228855721393032,65.4228855721393,-1.0,-1.0,-1.0,0.5433186052065918,3.5494286078965263
Daily,NQ,both,all_cisd,All CISDs,7,804,0.0324823239412097,-1.0,2.327433621681837,28.35820895522388,67.91044776119402,-1.0,-1.0,-1.0,0.38304058796007484,3.9369442182726546
Daily,NQ,bullish,all_cisd,All CISDs,1,411,0.03503207379000719,-0.047619047619047616,1.0921524338183386,48.175182481751825,31.630170316301705,-1.0,-1.0,-0.047619047619047616,0.5203863249005781,1.8294940934771442
Daily,NQ,bullish,all_cisd,All CISDs,2,411,0.06944755143108873,-0.31496062992125984,1.5588763513159218,43.79562043795621,44.52554744525548,-1.0,-1.0,-0.31496062992125984,0.6458139080768386,2.4842394373427794
Daily,NQ,bullish,all_cisd,All CISDs,3,411,0.0928266194177752,-1.0,1.8011323704587117,41.605839416058394,50.85158150851582,-1.0,-1.0,-1.0,0.6484447525468684,2.7308888078903553
Daily,NQ,bullish,all_cisd,All CISDs,4,411,0.09157746166055093,-1.0,1.9300467692841534,38.19951338199513,55.71776155717762,-1.0,-1.0,-1.0,0.7098934531367835,2.921114997554505
Daily,NQ,bullish,all_cisd,All CISDs,5,411,0.15319956060294304,-1.0,2.328085582325485,35.523114355231144,58.15085158150851,-1.0,-1.0,-1.0,0.8177955014341065,3.335301980619624
Daily,NQ,bullish,all_cisd,All CISDs,6,411,0.1636154259231245,-1.0,2.4303699004532624,34.306569343065696,61.55717761557178,-1.0,-1.0,-1.0,0.7740612843841969,3.6612193275971956
Daily,NQ,bullish,all_cisd,All CISDs,7,411,0.18112769860246244,-1.0,2.512657361330517,33.09002433090024,63.26034063260341,-1.0,-1.0,-1.0,0.8325783457512758,3.831100732703171
Daily,NQ,bearish,all_cisd,All CISDs,1,393,-0.0005434358202659374,-0.22949526813880125,1.5723753471796404,37.150127226463106,35.11450381679389,-1.0,-1.0,-0.22949526813880125,0.3324125230202578,2.1394646533973916
Daily,NQ,bearish,all_cisd,All CISDs,2,393,-0.10783951204924239,-0.7897280966767372,1.6476825315402928,33.842239185750635,49.10941475826972,-1.0,-1.0,-0.7897280966767372,0.3082278481012658,2.469165872427546
Daily,NQ,bearish,all_cisd,All CISDs,3,393,-0.09496374370429855,-1.0,1.832681644106179,28.75318066157761,56.74300254452926,-1.0,-1.0,-1.0,0.18598524762908325,2.9307176027337243
Daily,NQ,bearish,all_cisd,All CISDs,4,393,-0.08600304694739781,-1.0,2.020848830741877,27.480916030534353,62.34096692111959,-1.0,-1.0,-1.0,0.19858156028368795,3.528256814921087
Daily,NQ,bearish,all_cisd,All CISDs,5,393,-0.0876497964298363,-1.0,1.945987859353044,25.699745547073793,65.9033078880407,-1.0,-1.0,-1.0,0.0792,4.041151085724751
Daily,NQ,bearish,all_cisd,All CISDs,6,393,-0.13176500071169986,-1.0,1.9936697286723029,23.918575063613233,69.46564885496184,-1.0,-1.0,-1.0,-0.2400398406374502,3.428163992869875
Daily,NQ,bearish,all_cisd,All CISDs,7,393,-0.12297123581903172,-1.0,2.108484430192795,23.40966921119593,72.7735368956743,-1.0,-1.0,-1.0,-0.3594213649851632,3.9665366835669538
Daily,NQ,both,fvg_any,CISD w/ FVG (mid0|mid1),1,232,0.8602513623160288,0.46708595591325164,1.8844876783117965,79.3103448275862,6.0344827586206895,-1.0,0.06848518269514046,0.46708595591325164,1.185568980647963,3.3022435897435884
Daily,NQ,both,fvg_any,CISD w/ FVG (mid0|mid1),2,232,1.106461209240065,0.6570757368562625,2.274751464495765,77.15517241379311,9.482758620689655,-1.0,0.09941180014113354,0.6570757368562625,1.4163318702173586,3.904648055913787
Daily,NQ,both,fvg_any,CISD w/ FVG (mid0|mid1),3,232,1.1256920226337295,0.580619532073751,2.3796135328586807,72.41379310344827,14.655172413793101,-1.0,-0.12502200229901572,0.580619532073751,1.8138995164203453,4.7953947368421
Daily,NQ,both,fvg_any,CISD w/ FVG (mid0|mid1),4,232,1.1298845354241036,0.5382704904325546,2.627801793761226,67.24137931034483,19.396551724137932,-1.0,-0.378051706718626,0.5382704904325546,1.7236282127913927,5.577850877192982
Daily,NQ,both,fvg_any,CISD w/ FVG (mid0|mid1),5,232,1.1516663458556209,0.44014092429537854,2.797597014488867,61.206896551724135,25.0,-1.0,-0.8981109324758842,0.44014092429537854,1.89937516227333,5.762330828182207
Daily,NQ,both,fvg_any,CISD w/ FVG (mid0|mid1),6,232,1.15069502806076,0.5685731586480238,2.9592266828122904,59.05172413793104,30.603448275862068,-1.0,-1.0,0.5685731586480238,1.8743868893749585,5.908017429193888
Daily,NQ,both,fvg_any,CISD w/ FVG (mid0|mid1),7,232,1.2049134853327996,0.493537152208542,3.0504882314485213,59.48275862068966,34.48275862068966,-1.0,-1.0,0.493537152208542,1.836308684618638,7.859663905702444
Daily,NQ,bullish,fvg_any,CISD w/ FVG (mid0|mid1),1,130,0.7469322719207484,0.4531160490511994,1.2931376458002577,81.53846153846153,6.923076923076923,-1.0,0.0764091383053084,0.4531160490511994,1.1066951632741362,3.0282391649648273
Daily,NQ,bullish,fvg_any,CISD w/ FVG (mid0|mid1),2,130,1.159891140985464,0.7841849214632866,2.0721775061527983,80.76923076923077,11.538461538461538,-1.0,0.2285346687211094,0.7841849214632866,1.4672861541207443,3.9446927236971483
Daily,NQ,bullish,fvg_any,CISD w/ FVG (mid0|mid1),3,130,1.1308067030279467,0.6421733053808525,2.2565783377461743,77.6923076923077,16.153846153846153,-1.0,0.14207978529072873,0.6421733053808525,1.6680198419766907,4.346957236842104
Daily,NQ,bullish,fvg_any,CISD w/ FVG (mid0|mid1),4,130,1.167382922927542,0.6200251456863577,2.3967070692000134,70.76923076923077,18.461538461538463,-1.0,-0.20934792433695626,0.6200251456863577,1.9096034812229976,5.029934210526313
Daily,NQ,bullish,fvg_any,CISD w/ FVG (mid0|mid1),5,130,1.2629994683193921,0.5663186191186187,2.949443389466652,65.38461538461539,22.30769230769231,-1.0,-0.5828744376538494,0.5663186191186187,1.9081447546427253,5.333908986864939
Daily,NQ,bullish,fvg_any,CISD w/ FVG (mid0|mid1),6,130,1.3122616088745294,0.644953415466329,3.1359636678878546,63.84615384615384,27.692307692307693,-1.0,-1.0,0.644953415466329,1.88484291111553,6.012679738562088
Daily,NQ,bullish,fvg_any,CISD w/ FVG (mid0|mid1),7,130,1.3875541080780216,0.7308602715213754,3.2223991811541386,63.84615384615384,30.76923076923077,-1.0,-1.0,0.7308602715213754,1.9930046883753045,7.284781465466863
Daily,NQ,bearish,fvg_any,CISD w/ FVG (mid0|mid1),1,102,1.0046776539962883,0.47524561844030405,2.4390337670403217,76.47058823529412,4.901960784313726,-0.3916700009093388,0.048550833557093984,0.47524561844030405,1.3942389174302208,3.3552833612506965
Daily,NQ,bearish,fvg_any,CISD w/ FVG (mid0|mid1),2,102,1.0383642374076936,0.5425019035953123,2.5183454076042695,72.54901960784314,6.862745098039216,-1.0,-0.0772669206343399,0.5425019035953123,1.3795073012022678,3.873122332118688
Daily,NQ,bearish,fvg_any,CISD w/ FVG (mid0|mid1),3,102,1.1191733123273746,0.5220041502820774,2.5391137225028455,65.68627450980392,12.745098039215685,-1.0,-0.32846869450933375,0.5220041502820774,1.9397726730195106,5.1786635239461445
Daily,NQ,bearish,fvg_any,CISD w/ FVG (mid0|mid1),4,102,1.0820924729197214,0.41476969292389854,2.9073411258601354,62.745098039215684,20.588235294117645,-1.0,-0.5797286720969657,0.41476969292389854,1.5506961701251396,6.521333608682666
Daily,NQ,bearish,fvg_any,CISD w/ FVG (mid0|mid1),5,102,1.009771189774344,0.27460036850754443,2.598683744854554,55.88235294117647,28.431372549019606,-1.0,-1.0,0.27460036850754443,1.761840005398501,5.636152138386101
Daily,NQ,bearish,fvg_any,CISD w/ FVG (mid0|mid1),6,102,0.9447768368275241,0.15960647337445735,2.718716025524708,52.94117647058824,34.31372549019608,-1.0,-1.0,0.15960647337445735,1.8429981227499304,5.0202420779697565
Daily,NQ,bearish,fvg_any,CISD w/ FVG (mid0|mid1),7,102,0.9721362210496731,0.16999354872063377,2.814714962131382,53.92156862745098,39.21568627450981,-1.0,-1.0,0.16999354872063377,1.3569176524676454,7.44774582937744
Daily,NQ,both,fvg_mid0,CISD-FVG mid0,1,134,0.43571047712803934,0.22580242425717323,0.6354702455334527,73.88059701492537,0.7462686567164178,-0.2382889674113707,-0.0021929232223647783,0.22580242425717323,0.797586099695182,1.6558614945264156
Daily,NQ,both,fvg_mid0,CISD-FVG mid0,2,134,0.48331414594451044,0.3348908164809118,0.9853993984611056,70.1492537313433,6.7164179104477615,-1.0,-0.08372394538819722,0.3348908164809118,0.9402003830775993,2.1964739791342467
Daily,NQ,both,fvg_mid0,CISD-FVG mid0,3,134,0.4910970521419758,0.31136832684357113,1.1025323958674254,67.91044776119402,11.940298507462686,-1.0,-0.1768966170159051,0.31136832684357113,1.0316702885288136,2.458763403146608
Daily,NQ,both,fvg_mid0,CISD-FVG mid0,4,134,0.3778634750213763,0.2658904173904878,1.150887434121736,61.19402985074627,17.91044776119403,-1.0,-0.40172964891957375,0.2658904173904878,0.9968596066546677,2.109155674033791
Daily,NQ,both,fvg_mid0,CISD-FVG mid0,5,134,0.2993996900676117,0.09977317395978388,1.2363773817340131,53.73134328358209,26.119402985074625,-1.0,-1.0,0.09977317395978388,1.0634079689161857,2.598558099423861
Daily,NQ,both,fvg_mid0,CISD-FVG mid0,6,134,0.3293762242997712,0.22145200399372417,1.314989421991799,54.47761194029851,32.83582089552239,-1.0,-1.0,0.22145200399372417,1.0565985285657002,2.6302136052708875
Daily,NQ,both,fvg_mid0,CISD-FVG mid0,7,134,0.4038568953169455,0.2272661341415968,1.4665078222467167,56.71641791044776,35.07462686567165,-1.0,-1.0,0.2272661341415968,1.242401348671289,3.0060646005428944
Daily,NQ,bullish,fvg_mid0,CISD-FVG mid0,1,70,0.4586028081380276,0.2527013984533187,0.6654863951193425,77.14285714285715,1.4285714285714286,-0.2832654571705666,0.01168796246013591,0.2527013984533187,0.8269409003370245,1.7797153780798636
Daily,NQ,bullish,fvg_mid0,CISD-FVG mid0,2,70,0.6321711257128446,0.5341659760935387,1.072273478804288,75.71428571428571,10.0,-1.0,0.08715047433062424,0.5341659760935387,1.0143638850889192,2.7530314268983007
Daily,NQ,bullish,fvg_mid0,CISD-FVG mid0,3,70,0.5556019259269693,0.40267453692257427,1.150008132794946,75.71428571428571,14.285714285714285,-1.0,0.058721416708149905,0.40267453692257427,1.0550705384612693,2.4550979843225083
Daily,NQ,bullish,fvg_mid0,CISD-FVG mid0,4,70,0.4801267899998584,0.29379916775506487,1.2137376578957224,65.71428571428571,17.142857142857142,-1.0,-0.3320571126177744,0.29379916775506487,1.081821527526627,2.5524468085106373
Daily,NQ,bullish,fvg_mid0,CISD-FVG mid0,5,70,0.46090719681030745,0.41635479115867513,1.3300005130175327,60.0,22.857142857142858,-1.0,-0.7826300487191576,0.41635479115867513,1.2151554749769096,2.925077539108894
Daily,NQ,bullish,fvg_mid0,CISD-FVG mid0,6,70,0.4768843356535668,0.5229088692228124,1.2635287035935214,62.857142857142854,28.57142857142857,-1.0,-1.0,0.5229088692228124,1.214022004420512,2.4766802252816014
Daily,NQ,bullish,fvg_mid0,CISD-FVG mid0,7,70,0.6113753926084384,0.493537152208542,1.4442635896372313,65.71428571428571,28.57142857142857,-1.0,-1.0,0.493537152208542,1.4465848813603719,2.8006786984668324
Daily,NQ,bearish,fvg_mid0,CISD-FVG mid0,1,64,0.41067199008586475,0.20164626311855485,0.6051813110010699,70.3125,0.0,-0.22366686832893995,-0.05046867650815707,0.20164626311855485,0.7497839612858624,1.5598809950632941
Daily,NQ,bearish,fvg_mid0,CISD-FVG mid0,2,64,0.32050182432289515,0.2270455524644524,0.8597050391507323,64.0625,3.125,-0.8555788752456681,-0.2894172876931498,0.2270455524644524,0.7537017368718506,1.7228450786255096
Daily,NQ,bearish,fvg_mid0,CISD-FVG mid0,3,64,0.420544846439639,0.1776026457446434,1.0526475502191828,59.375,9.375,-1.0,-0.36300315706393055,0.1776026457446434,1.0165061926892442,2.405244755244754
Daily,NQ,bearish,fvg_mid0,CISD-FVG mid0,4,64,0.26601297426366133,0.19961095089958142,1.0763206991588277,56.25,18.75,-1.0,-0.6003599248852414,0.19961095089958142,0.8597676561649662,1.9489184512607347
Daily,NQ,bearish,fvg_mid0,CISD-FVG mid0,5,64,0.12275085456778828,-0.06325675342986951,1.1086272914753197,46.875,29.6875,-1.0,-1.0,-0.06325675342986951,0.7974415433724676,1.9722761905896478
Daily,NQ,bearish,fvg_mid0,CISD-FVG mid0,6,64,0.1680392275065572,-0.19384884088898988,1.3606452348911389,45.3125,37.5,-1.0,-1.0,-0.19384884088898988,0.911523875616244,2.6969825046748115
Daily,NQ,bearish,fvg_mid0,CISD-FVG mid0,7,64,0.17688353890437516,-0.25839882278926435,1.4681666520314038,46.875,42.1875,-1.0,-1.0,-0.25839882278926435,0.7092283284301197,3.0241578299841816
Daily,NQ,both,fvg_mid1,CISD-FVG mid1,1,143,1.2969220364278053,0.8345771144278606,2.2728878770012786,90.9090909090909,9.090909090909092,-1.0,0.3771801673127933,0.8345771144278606,1.6571107363687465,3.8860330882352945
Daily,NQ,both,fvg_mid1,CISD-FVG mid1,2,143,1.7593277219091548,1.1724137931034482,2.6551874114694245,90.9090909090909,9.090909090909092,-1.0,0.5792787395562604,1.1724137931034482,2.397261456371626,4.513147865853659
Daily,NQ,both,fvg_mid1,CISD-FVG mid1,3,143,1.7818912372275444,1.1942809083263246,2.7777344132327797,82.51748251748252,12.587412587412588,-1.0,0.3698365667254556,1.1942809083263246,2.373651702907022,5.576603708196154
Daily,NQ,both,fvg_mid1,CISD-FVG mid1,4,143,1.874111186475576,1.4018691588785046,3.069972301422324,79.02097902097903,15.384615384615385,-1.0,0.15242688609100824,1.4018691588785046,2.50326941986234,6.766982664565403
Daily,NQ,both,fvg_mid1,CISD-FVG mid1,5,143,1.9757676349445652,1.292887029288703,3.243629253593796,72.72727272727273,16.783216783216783,-1.0,-0.10929989562905724,1.292887029288703,2.869486528168375,8.26748111374919
Daily,NQ,both,fvg_mid1,CISD-FVG mid1,6,143,1.9605083737264946,1.211320754716981,3.454418129734684,71.32867132867133,20.97902097902098,-1.0,-0.2228988332480868,1.211320754716981,2.7967695130798447,8.105081474450246
Daily,NQ,both,fvg_mid1,CISD-FVG mid1,7,143,2.0003026430719912,1.0668257756563246,3.5671371851626894,68.53146853146853,25.874125874125873,-1.0,-1.0,1.0668257756563246,2.962335408798612,9.64518155143958
Daily,NQ,bullish,fvg_mid1,CISD-FVG mid1,1,87,1.0516077506473294,0.7326642335766423,1.4599047096480557,90.80459770114942,9.195402298850574,-1.0,0.3745534737916454,0.7326642335766423,1.3618593623890234,3.8537006578947373
Daily,NQ,bullish,fvg_mid1,CISD-FVG mid1,2,87,1.6647392408513428,1.0101880877742946,2.334288661385455,90.80459770114942,9.195402298850574,-1.0,0.567364094352886,1.0101880877742946,2.2798240050737277,4.906289258793971
Daily,NQ,bullish,fvg_mid1,CISD-FVG mid1,3,87,1.6588038116368256,1.1733128834355828,2.55670916504967,85.0574712643678,12.643678160919542,-1.0,0.3353068553502434,1.1733128834355828,2.120059728046766,5.509003350083754
Daily,NQ,bullish,fvg_mid1,CISD-FVG mid1,4,87,1.7658915328760778,1.3473170731707318,2.6961908302087076,79.3103448275862,13.793103448275861,-1.0,0.13868652388910757,1.3473170731707318,2.50326941986234,5.807426018983809
Daily,NQ,bullish,fvg_mid1,CISD-FVG mid1,5,87,1.9493975875964396,1.232968881412952,3.3526854282547784,74.71264367816092,14.942528735632186,-1.0,-0.016065084511022752,1.232968881412952,2.8617628112137767,7.678981348637021
Daily,NQ,bullish,fvg_mid1,CISD-FVG mid1,6,87,2.0106572622812298,1.219945355191257,3.582584717337569,73.5632183908046,19.54022988505747,-1.0,-0.008986562051907713,1.219945355191257,2.6678663750248557,8.17921157118548
Daily,NQ,bullish,fvg_mid1,CISD-FVG mid1,7,87,2.061236179423958,1.1825153374233128,3.695197412544745,70.11494252873564,24.137931034482758,-1.0,-0.5417411934702804,1.1825153374233128,2.5988780169602084,9.493035943517333
Daily,NQ,bearish,fvg_mid1,CISD-FVG mid1,1,56,1.67803530183676,1.2878025106721394,3.1244247114325714,91.07142857142857,8.928571428571429,-1.0,0.5772462831286361,1.2878025106721394,1.8564231699709386,4.03883914627798
Daily,NQ,bearish,fvg_mid1,CISD-FVG mid1,2,56,1.906277683552542,1.2486487871103256,3.1057409997028476,91.07142857142857,8.928571428571429,-1.0,0.6516598928542123,1.2486487871103256,2.528504152752804,4.1782419395255594
Daily,NQ,bearish,fvg_mid1,CISD-FVG mid1,3,56,1.9731163448416973,1.6848418794261948,3.104593203678372,78.57142857142857,12.5,-1.0,0.42342399536994657,1.6848418794261948,2.6241178213055876,5.5138075434644485
Daily,NQ,bearish,fvg_mid1,CISD-FVG mid1,4,56,2.0422381483176535,1.4365475745373055,3.5942821944628953,78.57142857142857,17.857142857142858,-1.0,0.22459662781626774,1.4365475745373055,2.4274756282897174,7.302975437962796
Daily,NQ,bearish,fvg_mid1,CISD-FVG mid1,5,56,2.016735387074688,1.359012979608439,3.095930215334457,69.64285714285714,19.642857142857142,-1.0,-0.18799975582932668,1.359012979608439,3.1462923581090503,8.438236191638694
Daily,NQ,bearish,fvg_mid1,CISD-FVG mid1,6,56,1.8825984932932447,1.1244496426401676,3.2755996003865158,67.85714285714286,23.214285714285715,-1.0,-0.6538050196535967,1.1244496426401676,2.9566464523953915,7.357378335949765
Daily,NQ,bearish,fvg_mid1,CISD-FVG mid1,7,56,1.9056380419537586,0.7924564040239109,3.3891912056593134,66.07142857142857,28.57142857142857,-1.0,-1.0,0.7924564040239109,3.339504511672314,9.318736805066855
Daily,NQ,both,fvg_none,CISD no FVG,1,572,-0.32411486714508786,-0.5411128091269956,0.8438432575764208,27.972027972027973,44.40559440559441,-1.0,-1.0,-0.5411128091269956,0.08254624945801417,1.3939067669172918
Daily,NQ,both,fvg_none,CISD no FVG,2,572,-0.472966757239283,-1.0,0.897384111788485,23.426573426573427,61.88811188811189,-1.0,-1.0,-1.0,-0.06181372101438248,1.1788185458652027
Daily,NQ,both,fvg_none,CISD no FVG,3,572,-0.45512160829739334,-1.0,1.278446614922523,20.27972027972028,69.58041958041959,-1.0,-1.0,-1.0,-0.30594311719864087,1.6767621483375885
Daily,NQ,both,fvg_none,CISD no FVG,4,572,-0.4515630645563513,-1.0,1.4046131429207196,19.055944055944053,75.0,-1.0,-1.0,-1.0,-0.9566458982346833,1.7746242422564793
Daily,NQ,both,fvg_none,CISD no FVG,5,572,-0.4172516483000352,-1.0,1.6229977915264222,18.356643356643357,76.92307692307693,-1.0,-1.0,-1.0,-1.0,2.220986298863178
Daily,NQ,both,fvg_none,CISD no FVG,6,572,-0.4396834820548779,-1.0,1.6513108853791532,17.132867132867133,79.54545454545455,-1.0,-1.0,-1.0,-1.0,2.2331842712914156
Daily,NQ,both,fvg_none,CISD no FVG,7,572,-0.44304919606377074,-1.0,1.751652030209545,15.734265734265735,81.46853146853147,-1.0,-1.0,-1.0,-1.0,2.3743619843435098
Daily,NQ,bullish,fvg_none,CISD no FVG,1,281,-0.29431677232030007,-0.4314789687924016,0.795001800292402,32.74021352313167,43.06049822064057,-1.0,-1.0,-0.4314789687924016,0.1907514450867052,1.3490701001430616
Daily,NQ,bullish,fvg_none,CISD no FVG,2,281,-0.4350281305691561,-1.0,0.8789837501585076,26.690391459074732,59.7864768683274,-1.0,-1.0,-1.0,0.08013937282229965,1.1751025991792066
Daily,NQ,bullish,fvg_none,CISD no FVG,3,281,-0.3873776897257205,-1.0,1.293286546898379,24.91103202846975,66.90391459074732,-1.0,-1.0,-1.0,-0.02197802197802198,1.7365728900255755
Daily,NQ,bullish,fvg_none,CISD no FVG,4,281,-0.4061261325199076,-1.0,1.4220432349051955,23.131672597864767,72.95373665480427,-1.0,-1.0,-1.0,-0.11203319502074689,1.8131868131868132
Daily,NQ,bullish,fvg_none,CISD no FVG,5,281,-0.3602310016858056,-1.0,1.75845303279609,21.70818505338078,74.73309608540926,-1.0,-1.0,-1.0,-0.6441048034934498,2.042622950819672
Daily,NQ,bullish,fvg_none,CISD no FVG,6,281,-0.3677867227732551,-1.0,1.7950865359322785,20.640569395017792,77.22419928825623,-1.0,-1.0,-1.0,-1.0,2.4444444444444446
Daily,NQ,bullish,fvg_none,CISD no FVG,7,281,-0.37700551574566094,-1.0,1.8634169046974476,18.86120996441281,78.29181494661923,-1.0,-1.0,-1.0,-1.0,2.3674785100286533
Daily,NQ,bearish,fvg_none,CISD no FVG,1,291,-0.35288897245699635,-0.6141429669485011,0.8888864636650906,23.367697594501717,45.70446735395189,-1.0,-1.0,-0.6141429669485011,-0.031740481740481746,1.6156348249065706
Daily,NQ,bearish,fvg_none,CISD no FVG,2,291,-0.5096016510341478,-1.0,0.914818252460355,20.274914089347078,63.91752577319587,-1.0,-1.0,-1.0,-0.2505174817674818,1.213667236193677
Daily,NQ,bearish,fvg_none,CISD no FVG,3,291,-0.5205375571586993,-1.0,1.2627242567294812,15.807560137457044,72.16494845360825,-1.0,-1.0,-1.0,-0.7175597676323825,1.5122479784366578
Daily,NQ,bearish,fvg_none,CISD no FVG,4,291,-0.49543858999360446,-1.0,1.3886105353028069,15.120274914089347,76.97594501718214,-1.0,-1.0,-1.0,-1.0,1.5682816036771823
Daily,NQ,bearish,fvg_none,CISD no FVG,5,291,-0.47231282252202317,-1.0,1.481476106489606,15.120274914089347,79.03780068728523,-1.0,-1.0,-1.0,-1.0,2.4222806541655366
Daily,NQ,bearish,fvg_none,CISD no FVG,6,291,-0.5091095623233867,-1.0,1.4993210540437163,13.745704467353953,81.78694158075601,-1.0,-1.0,-1.0,-1.0,2.0374054836896542
Daily,NQ,bearish,fvg_none,CISD no FVG,7,291,-0.5068233341029077,-1.0,1.6372086517170608,12.714776632302405,84.5360824742268,-1.0,-1.0,-1.0,-1.0,2.226715089907419
Daily,NQ,both,sweep,CISD w/ sweep,1,286,0.02101675442346094,-0.16748128416302127,1.1270190441078733,45.10489510489511,33.91608391608392,-1.0,-1.0,-0.16748128416302127,0.5522244318672027,2.0818349815203274
Daily,NQ,both,sweep,CISD w/ sweep,2,286,-0.11932440803707527,-1.0,1.4399750812026306,35.31468531468531,51.048951048951054,-1.0,-1.0,-1.0,0.3897411482578643,2.0786947101016136
Daily,NQ,both,sweep,CISD w/ sweep,3,286,-0.07617903388714928,-1.0,1.7724756631981642,30.76923076923077,58.04195804195804,-1.0,-1.0,-1.0,0.319249606459475,2.712734962406015
Daily,NQ,both,sweep,CISD w/ sweep,4,286,-0.07437159751851295,-1.0,1.897769240530279,28.671328671328673,62.23776223776224,-1.0,-1.0,-1.0,0.2526448713224763,2.867800660779574
Daily,NQ,both,sweep,CISD w/ sweep,5,286,-0.021275830638719528,-1.0,2.221552972422674,26.573426573426573,63.98601398601399,-1.0,-1.0,-1.0,0.21644926627367364,3.5171325956125026
Daily,NQ,both,sweep,CISD w/ sweep,6,286,0.009438579578226518,-1.0,2.3458369913819843,24.825174825174827,67.83216783216784,-1.0,-1.0,-1.0,-0.11154354182094443,4.099303671550009
Daily,NQ,both,sweep,CISD w/ sweep,7,286,0.04118056912524025,-1.0,2.5182058645348726,24.825174825174827,70.97902097902097,-1.0,-1.0,-1.0,-0.04431923373361904,4.982742332443229
Daily,NQ,bullish,sweep,CISD w/ sweep,1,106,0.1004674640257569,0.06661393921963378,1.1799397869578006,51.886792452830186,30.18867924528302,-1.0,-1.0,0.06661393921963378,0.6184897122737526,1.6677083604043765
Daily,NQ,bullish,sweep,CISD w/ sweep,2,106,0.00468743891747785,-0.8084696823869104,1.7591377665076156,38.67924528301887,50.0,-1.0,-1.0,-0.8084696823869104,0.7194876296574253,1.5226065641906164
Daily,NQ,bullish,sweep,CISD w/ sweep,3,106,0.043360638906406894,-1.0,1.9021041517827257,37.735849056603776,56.60377358490566,-1.0,-1.0,-1.0,0.5290654725301933,2.550385338594772
Daily,NQ,bullish,sweep,CISD w/ sweep,4,106,0.008731616109211417,-1.0,2.069344128673564,33.0188679245283,61.32075471698113,-1.0,-1.0,-1.0,0.6206147253226157,2.4106470974677494
Daily,NQ,bullish,sweep,CISD w/ sweep,5,106,0.11161212164371133,-1.0,2.703993285884764,30.18867924528302,62.264150943396224,-1.0,-1.0,-1.0,0.8043910267969849,2.8528608891937948
Daily,NQ,bullish,sweep,CISD w/ sweep,6,106,0.1390161940908469,-1.0,2.72857266231529,29.245283018867923,65.09433962264151,-1.0,-1.0,-1.0,0.8760475135963837,3.359372804706709
Daily,NQ,bullish,sweep,CISD w/ sweep,7,106,0.13545680784371134,-1.0,2.839668143653645,29.245283018867923,67.9245283018868,-1.0,-1.0,-1.0,0.6957345183959354,3.8697953261572184
Daily,NQ,bearish,sweep,CISD w/ sweep,1,180,-0.025770885675668914,-0.20316649905881745,1.0953144704276057,41.11111111111111,36.11111111111111,-1.0,-1.0,-0.20316649905881745,0.39419813451513264,2.1518823858192264
Daily,NQ,bearish,sweep,CISD w/ sweep,2,180,-0.192353606799201,-1.0,1.2131403344476963,33.33333333333333,51.66666666666667,-1.0,-1.0,-1.0,0.2649446726543609,2.295105633802813
Daily,NQ,bearish,sweep,CISD w/ sweep,3,180,-0.14657461897668791,-1.0,1.6930340574867937,26.666666666666668,58.88888888888889,-1.0,-1.0,-1.0,0.10860387950648288,2.726782178217818
Daily,NQ,bearish,sweep,CISD w/ sweep,4,180,-0.1233101566548395,-1.0,1.7932881065059454,26.111111111111114,62.77777777777778,-1.0,-1.0,-1.0,0.1236726123174193,3.6415017593382144
Daily,NQ,bearish,sweep,CISD w/ sweep,5,180,-0.09953206920503992,-1.0,1.8847665536468403,24.444444444444443,65.0,-1.0,-1.0,-1.0,-0.0072289156626506035,3.641758793969842
Daily,NQ,bearish,sweep,CISD w/ sweep,6,180,-0.06686823785698322,-1.0,2.092520330265234,22.22222222222222,69.44444444444444,-1.0,-1.0,-1.0,-0.45303999830493213,4.123804895451095
Daily,NQ,bearish,sweep,CISD w/ sweep,7,180,-0.014337660342303899,-1.0,2.3147580812985953,22.22222222222222,72.77777777777777,-1.0,-1.0,-1.0,-0.6779031907429915,5.135777126099706
Daily,NQ,both,no_sweep,CISD no sweep,1,518,0.01577957584019037,-0.11703702701239646,1.4563034020699372,41.50579150579151,33.011583011583014,-1.0,-1.0,-0.11703702701239646,0.39987156784525874,1.8617603737725688
Daily,NQ,both,no_sweep,CISD no sweep,2,518,0.039167560041368225,-0.45509499136442144,1.6869585000713008,40.92664092664093,44.4015444015444,-1.0,-1.0,-0.45509499136442144,0.5719911674347158,2.532171327696739
Daily,NQ,both,no_sweep,CISD no sweep,3,518,0.04366446524448061,-1.0,1.8428350795910398,37.83783783783784,51.35135135135135,-1.0,-1.0,-1.0,0.5241066285282959,2.907732065524383
Daily,NQ,both,no_sweep,CISD no sweep,4,518,0.048473776414003515,-1.0,2.017938640054267,35.32818532818533,57.14285714285714,-1.0,-1.0,-1.0,0.5529948164352292,3.0640744569995766
Daily,NQ,both,no_sweep,CISD no sweep,5,518,0.06680219492964809,-1.0,2.1139263405902833,33.011583011583014,60.810810810810814,-1.0,-1.0,-1.0,0.5895314653371801,3.6046562556273627
Daily,NQ,both,no_sweep,CISD no sweep,6,518,0.02463872782882878,-1.0,2.1675381926445865,31.66023166023166,64.0926640926641,-1.0,-1.0,-1.0,0.5747724369211115,3.296051241105603
Daily,NQ,both,no_sweep,CISD no sweep,7,518,0.02767981791296119,-1.0,2.217604631282262,30.30888030888031,66.21621621621621,-1.0,-1.0,-1.0,0.4565521006668507,3.569501957270195
Daily,NQ,bullish,no_sweep,CISD no sweep,1,305,0.012290593904795822,-0.06060606060606061,1.0610447575357398,46.885245901639344,32.131147540983605,-1.0,-1.0,-0.06060606060606061,0.4287011807447775,1.8547996198320928
Daily,NQ,bullish,no_sweep,CISD no sweep,2,305,0.09195434463254037,-0.19036564132327335,1.4854676515875385,45.57377049180328,42.62295081967213,-1.0,-1.0,-0.19036564132327335,0.6092265943012212,2.581907454247881
Daily,NQ,bullish,no_sweep,CISD no sweep,3,305,0.11001807493975894,-0.46649703138252757,1.7676109842742556,42.950819672131146,48.85245901639344,-1.0,-1.0,-0.46649703138252757,0.6824966078697422,2.730564814971491
Daily,NQ,bullish,no_sweep,CISD no sweep,4,305,0.12036978831118046,-1.0,1.88193735181726,40.0,53.77049180327869,-1.0,-1.0,-1.0,0.7125748502994012,2.9719994089755133
Daily,NQ,bullish,no_sweep,CISD no sweep,5,305,0.16765290004451208,-1.0,2.1871559172828925,37.37704918032787,56.72131147540984,-1.0,-1.0,-1.0,0.8092436974789916,3.3369082486938426
Daily,NQ,bullish,no_sweep,CISD no sweep,6,305,0.17216466715008,-1.0,2.3226029403718296,36.0655737704918,60.32786885245902,-1.0,-1.0,-1.0,0.7646351242983159,3.714200924155515
Daily,NQ,bullish,no_sweep,CISD no sweep,7,305,0.19700020489894643,-1.0,2.393470589896297,34.42622950819672,61.63934426229508,-1.0,-1.0,-1.0,0.8645720476706392,3.7541160593792178
Daily,NQ,bearish,no_sweep,CISD no sweep,1,213,0.020775535888525303,-0.2546201232032854,1.886154426415962,33.80281690140845,34.27230046948357,-1.0,-1.0,-0.2546201232032854,0.3074648928307465,1.9678733126082268
Daily,NQ,bearish,no_sweep,CISD no sweep,2,213,-0.03641915028871398,-0.726775956284153,1.9406477158376623,34.27230046948357,46.948356807511736,-1.0,-1.0,-0.726775956284153,0.40761271249076125,2.4723730895867098
Daily,NQ,bearish,no_sweep,CISD no sweep,3,213,-0.05134891953044841,-1.0,1.9457927174369278,30.51643192488263,54.929577464788736,-1.0,-1.0,-1.0,0.20029239766081872,2.943045542844808
Daily,NQ,bearish,no_sweep,CISD no sweep,4,213,-0.054475911983362525,-1.0,2.198580371518912,28.638497652582164,61.97183098591549,-1.0,-1.0,-1.0,0.2384464110127827,3.450444573869151
Daily,NQ,bearish,no_sweep,CISD no sweep,5,213,-0.07760843915501635,-1.0,2.0006318705832866,26.76056338028169,66.66666666666666,-1.0,-1.0,-1.0,0.08830409356725147,4.073632693565483
Daily,NQ,bearish,no_sweep,CISD no sweep,6,213,-0.18660733551850267,-1.0,1.9094036434584751,25.352112676056336,69.48356807511738,-1.0,-1.0,-1.0,0.042809642560266,2.6479757391340604
Daily,NQ,bearish,no_sweep,CISD no sweep,7,213,-0.21477425734866085,-1.0,1.9177631030775648,24.413145539906104,72.76995305164318,-1.0,-1.0,-1.0,-0.16649214659685863,3.3479772357114763
Daily,NQ,both,prev_swing,prev-bar swing,1,302,-0.06406259482570806,-0.18228786302845212,1.0213879525348153,42.384105960264904,36.423841059602644,-1.0,-1.0,-0.18228786302845212,0.4227479043303846,1.924974222280724
Daily,NQ,both,prev_swing,prev-bar swing,2,302,-0.10819755527357294,-0.6677885494786904,1.1608259087240818,39.40397350993378,49.00662251655629,-1.0,-1.0,-0.6677885494786904,0.5514086019912291,2.246377203883016
Daily,NQ,both,prev_swing,prev-bar swing,3,302,-0.10522903307369413,-1.0,1.476551569359971,33.443708609271525,55.62913907284768,-1.0,-1.0,-1.0,0.44865577029265596,2.5509682139228733
Daily,NQ,both,prev_swing,prev-bar swing,4,302,-0.0901265013885063,-1.0,1.651782731256879,31.788079470198678,60.59602649006622,-1.0,-1.0,-1.0,0.471184423295559,3.033818795430938
Daily,NQ,both,prev_swing,prev-bar swing,5,302,-0.11346809841788093,-1.0,1.6925065499374756,28.14569536423841,63.24503311258278,-1.0,-1.0,-1.0,0.40357659037470067,3.188033105173093
Daily,NQ,both,prev_swing,prev-bar swing,6,302,-0.14529764904251666,-1.0,1.8350127749853538,25.496688741721858,68.54304635761589,-1.0,-1.0,-1.0,0.04920815776650328,2.868020196167564
Daily,NQ,both,prev_swing,prev-bar swing,7,302,-0.13169692160224652,-1.0,1.9333404214103973,25.496688741721858,71.19205298013244,-1.0,-1.0,-1.0,0.03938792604715215,3.650912633465823
Daily,NQ,bullish,prev_swing,prev-bar swing,1,162,-0.078900766013067,-0.10029757040115818,0.9248591178610963,45.06172839506173,35.18518518518518,-1.0,-1.0,-0.10029757040115818,0.45811003502191394,1.683527277277277
Daily,NQ,bullish,prev_swing,prev-bar swing,2,162,-0.04170578507620332,-0.5928463080962751,1.1538355307048893,43.82716049382716,47.53086419753087,-1.0,-1.0,-0.5928463080962751,0.7195127147436486,2.13637584478295
Daily,NQ,bullish,prev_swing,prev-bar swing,3,162,-0.054801060078618936,-1.0,1.4319543008541895,38.2716049382716,54.32098765432099,-1.0,-1.0,-1.0,0.5840437183126322,2.192936354869816
Daily,NQ,bullish,prev_swing,prev-bar swing,4,162,0.010337652873937496,-1.0,1.7428251014679763,36.41975308641975,59.876543209876544,-1.0,-1.0,-1.0,0.7845158469945355,2.4736052009456255
Daily,NQ,bullish,prev_swing,prev-bar swing,5,162,0.011840649739703717,-1.0,1.8350708640126596,32.098765432098766,61.72839506172839,-1.0,-1.0,-1.0,0.7583300349912165,2.9738286052009446
Daily,NQ,bullish,prev_swing,prev-bar swing,6,162,-0.03688832287729845,-1.0,1.9137470381265531,30.246913580246915,67.28395061728395,-1.0,-1.0,-1.0,0.7045683360840388,2.7517622571692852
Daily,NQ,bullish,prev_swing,prev-bar swing,7,162,-0.007794185547787277,-1.0,2.000828768899377,30.864197530864196,67.90123456790124,-1.0,-1.0,-1.0,0.7287737210844782,3.483865358354256
Daily,NQ,bearish,prev_swing,prev-bar swing,1,140,-0.04689271102319271,-0.22536710309594932,1.1259612402833978,39.285714285714285,37.857142857142854,-1.0,-1.0,-0.22536710309594932,0.34396456467898645,2.3542626728110596
Daily,NQ,bearish,prev_swing,prev-bar swing,2,140,-0.1851380322162435,-1.0,1.1682625111237355,34.285714285714285,50.71428571428571,-1.0,-1.0,-1.0,0.3394317079373452,2.440224681421863
Daily,NQ,bearish,prev_swing,prev-bar swing,3,140,-0.1635814018251383,-1.0,1.529620046552829,27.857142857142858,57.14285714285714,-1.0,-1.0,-1.0,0.1868724366667106,2.9371845568703208
Daily,NQ,bearish,prev_swing,prev-bar swing,4,140,-0.20637787989219133,-1.0,1.537749040792256,26.42857142857143,61.42857142857143,-1.0,-1.0,-1.0,0.11242671467027794,3.470934062649447
Daily,NQ,bearish,prev_swing,prev-bar swing,5,140,-0.2584682212859432,-1.0,1.5043957962501846,23.57142857142857,65.0,-1.0,-1.0,-1.0,-0.042417151103977556,3.4919012489484236
Daily,NQ,bearish,prev_swing,prev-bar swing,6,140,-0.27074272646226916,-1.0,1.7378373842291173,20.0,70.0,-1.0,-1.0,-1.0,-0.49859815678436603,2.985820502697716
Daily,NQ,bearish,prev_swing,prev-bar swing,7,140,-0.27507008760812085,-1.0,1.8489364939017876,19.28571428571429,75.0,-1.0,-1.0,-1.0,-0.9738200589970502,3.7641222498388966
Daily,NQ,both,cisd_swing,CISD-bar swing,1,285,0.4472730358850296,0.18238993710691823,0.9853191119182934,61.75438596491228,0.0,-0.5705211054585453,-0.16360932077342588,0.18238993710691823,0.817966903073286,2.1321314817174164
Daily,NQ,both,cisd_swing,CISD-bar swing,2,285,0.3396888283073307,0.13464696223316913,1.3357504306911736,54.03508771929825,20.350877192982455,-1.0,-0.6467568828744751,0.13464696223316913,0.8421052631578947,2.888214751350347
Daily,NQ,both,cisd_swing,CISD-bar swing,3,285,0.3792306559594281,0.09873793615441723,1.7431066666025397,52.63157894736842,31.2280701754386,-1.0,-1.0,0.09873793615441723,0.9164677804295943,3.002246045526228
Daily,NQ,both,cisd_swing,CISD-bar swing,4,285,0.4467190952412016,-0.037319762510602206,1.9810988787642474,49.473684210526315,38.59649122807017,-1.0,-1.0,-0.037319762510602206,1.2356955380577428,4.011353944947513
Daily,NQ,both,cisd_swing,CISD-bar swing,5,285,0.5139880524824936,-0.18214285714285713,2.152591391425504,48.421052631578945,42.45614035087719,-1.0,-1.0,-0.18214285714285713,1.254746835443038,4.438325836328549
Daily,NQ,both,cisd_swing,CISD-bar swing,6,285,0.4742766818586167,-0.3113596233078281,2.176556213080828,46.666666666666664,46.31578947368421,-1.0,-1.0,-0.3113596233078281,1.3643617021276595,4.101264425676305
Daily,NQ,both,cisd_swing,CISD-bar swing,7,285,0.517538286194396,-0.8529139685476411,2.433898844454405,44.56140350877193,49.824561403508774,-1.0,-1.0,-0.8529139685476411,1.157846715328467,4.789210165160195
Daily,NQ,bullish,cisd_swing,CISD-bar swing,1,143,0.49988276421155164,0.24724318049912944,1.002751131891344,68.53146853146853,0.0,-0.49345128291128626,-0.09729406881750909,0.24724318049912944,0.8203042062536241,2.223474576271189
Daily,NQ,bullish,cisd_swing,CISD-bar swing,2,143,0.38750162592138626,0.2734225621414914,1.3376128838501076,58.74125874125874,19.58041958041958,-1.0,-0.540836727064078,0.2734225621414914,0.8828438005667003,2.4861098847191565
Daily,NQ,bullish,cisd_swing,CISD-bar swing,3,143,0.4598699689332032,0.3073170731707317,1.7320557113460602,61.53846153846154,27.972027972027973,-1.0,-1.0,0.3073170731707317,0.9619856458809208,2.67419010107653
Daily,NQ,bullish,cisd_swing,CISD-bar swing,4,143,0.5009248817053661,0.20192076830732292,1.8358010802826448,57.34265734265735,32.16783216783217,-1.0,-1.0,0.20192076830732292,1.240208857265534,3.053913246609965
Daily,NQ,bullish,cisd_swing,CISD-bar swing,5,143,0.5381249963943537,0.28804347826086957,1.9555271354656958,55.94405594405595,34.96503496503497,-1.0,-1.0,0.28804347826086957,1.2968687868558424,3.337443671385249
Daily,NQ,bullish,cisd_swing,CISD-bar swing,6,143,0.6201328075757812,0.28270303781773093,2.1891368444175843,54.54545454545454,37.76223776223776,-1.0,-1.0,0.28270303781773093,1.4620189823502217,3.8800640199390353
Daily,NQ,bullish,cisd_swing,CISD-bar swing,7,143,0.6237437372566931,0.051094890510948905,2.2944135255060023,51.048951048951054,41.25874125874126,-1.0,-1.0,0.051094890510948905,1.4162943136772566,3.885455003076235
Daily,NQ,bearish,cisd_swing,CISD-bar swing,1,142,0.39429281651395465,0.09043434907973122,0.9680927219527495,54.929577464788736,0.0,-0.6137201533650246,-0.20756877009515767,0.09043434907973122,0.811055356462659,2.115336748106571
Daily,NQ,bearish,cisd_swing,CISD-bar swing,2,142,0.29153932085092266,-0.02891250965823093,1.3368678645945113,49.29577464788733,21.12676056338028,-1.0,-0.7385852856176598,-0.028912509658230928,0.7561512605042017,3.432826082457152
Daily,NQ,bearish,cisd_swing,CISD-bar swing,3,142,0.2980234604999222,-0.20096618357487922,1.7565334760415798,43.66197183098591,34.50704225352113,-1.0,-1.0,-0.20096618357487922,0.8107966058763931,3.4037684541901863
Daily,NQ,bearish,cisd_swing,CISD-bar swing,4,142,0.39213157788644426,-0.5790264508096994,2.1225285443551987,41.54929577464789,45.07042253521127,-1.0,-1.0,-0.5790264508096994,1.2289646359994475,5.112966157219834
Daily,NQ,bearish,cisd_swing,CISD-bar swing,5,142,0.4896811300923807,-0.9300271739130435,2.3410748587939696,40.845070422535215,50.0,-1.0,-1.0,-0.9300271739130435,1.1721962559674826,5.695769444201058
Daily,NQ,bearish,cisd_swing,CISD-bar swing,6,142,0.32739340032654296,-1.0,2.1615687194315294,38.732394366197184,54.929577464788736,-1.0,-1.0,-1.0,1.0320901342764772,4.1924848707133675
Daily,NQ,bearish,cisd_swing,CISD-bar swing,7,142,0.41058490942039255,-1.0,2.57043279138976,38.028169014084504,58.45070422535211,-1.0,-1.0,-1.0,0.8148872180451128,5.211344343262849
Daily,NQ,both,smt,CISD w/ SMT,1,120,0.11298178402180815,-0.1299748638458316,1.1732909551077575,42.5,26.666666666666668,-1.0,-1.0,-0.1299748638458316,0.5473060976270319,2.5267290398764644
Daily,NQ,both,smt,CISD w/ SMT,2,120,0.02590631055807954,-0.15565062074136143,1.2140610845993383,45.0,40.0,-1.0,-1.0,-0.15565062074136143,0.594869125811244,2.539537623293275
Daily,NQ,both,smt,CISD w/ SMT,3,120,0.0507437860837334,-0.8059439690973615,1.6069271509746832,38.333333333333336,49.166666666666664,-1.0,-1.0,-0.8059439690973615,0.5524940677956736,3.01396104574617
Daily,NQ,both,smt,CISD w/ SMT,4,120,0.10696832194976633,-1.0,1.9461222396063524,35.833333333333336,56.666666666666664,-1.0,-1.0,-1.0,0.7854885057471265,2.9558736791110287
Daily,NQ,both,smt,CISD w/ SMT,5,120,0.12895605932987678,-1.0,1.8933044536058115,35.833333333333336,57.49999999999999,-1.0,-1.0,-1.0,0.7556796758670492,3.6417587939698484
Daily,NQ,both,smt,CISD w/ SMT,6,120,0.02570801520900924,-1.0,1.7972140143008186,32.5,61.66666666666667,-1.0,-1.0,-1.0,0.7735337096767609,2.886418160461299
Daily,NQ,both,smt,CISD w/ SMT,7,120,0.07950531608999034,-1.0,2.0194483147902385,33.33333333333333,62.5,-1.0,-1.0,-1.0,0.7787656792526068,3.355133596966567
Daily,NQ,bullish,smt,CISD w/ SMT,1,62,0.021707885530574428,-0.08042262901093429,0.8920853962752039,48.38709677419355,25.806451612903224,-1.0,-0.9473192019950125,-0.08042262901093429,0.5272827809063672,1.6681220163352097
Daily,NQ,bullish,smt,CISD w/ SMT,2,62,0.1401377158393503,0.14433836384618895,1.0557031354800648,56.451612903225815,33.87096774193548,-1.0,-1.0,0.14433836384618895,0.7542238906930547,2.027239006340939
Daily,NQ,bullish,smt,CISD w/ SMT,3,62,0.1367268344107013,-0.012295515570732274,1.2969570120337053,50.0,38.70967741935484,-1.0,-1.0,-0.012295515570732274,0.9032927308723278,1.7702415899714377
Daily,NQ,bullish,smt,CISD w/ SMT,4,62,0.30787147983250274,-0.18861478633035694,2.0959325456351,46.774193548387096,46.774193548387096,-1.0,-1.0,-0.18861478633035694,1.081821527526627,2.476741486980087
Daily,NQ,bullish,smt,CISD w/ SMT,5,62,0.30853872772137014,-0.47068424254274477,1.938161903980523,45.16129032258064,46.774193548387096,-1.0,-1.0,-0.47068424254274477,1.0741249767481613,3.0842879714576954
Daily,NQ,bullish,smt,CISD w/ SMT,6,62,0.3112727411214969,-1.0,2.0438232398646035,41.935483870967744,51.61290322580645,-1.0,-1.0,-1.0,1.340273064567214,2.8691433105289152
Daily,NQ,bullish,smt,CISD w/ SMT,7,62,0.34772138573991296,-1.0,2.214171758637578,41.935483870967744,51.61290322580645,-1.0,-1.0,-1.0,1.2487767113690054,3.319432613073636
Daily,NQ,bearish,smt,CISD w/ SMT,1,58,0.210550434133127,-0.19913595485804975,1.4154742187080225,36.206896551724135,27.586206896551722,-1.0,-1.0,-0.19913595485804975,0.6191640746808493,3.2723978364822246
Daily,NQ,bearish,smt,CISD w/ SMT,2,58,-0.09620312267362374,-0.6818908509555992,1.362019077556168,32.758620689655174,46.55172413793103,-1.0,-1.0,-0.6818908509555992,0.26227856061015853,3.6110850584136087
Daily,NQ,bearish,smt,CISD w/ SMT,3,58,-0.0411691276450944,-1.0,1.890545582170101,25.862068965517242,60.3448275862069,-1.0,-1.0,-1.0,0.07509521661780551,3.858456377673018
Daily,NQ,bearish,smt,CISD w/ SMT,4,58,-0.10779022613177956,-1.0,1.7649273776687,24.137931034482758,67.24137931034483,-1.0,-1.0,-1.0,-0.18856908942810122,3.4737949147027374
Daily,NQ,bearish,smt,CISD w/ SMT,5,58,-0.06301162067482298,-1.0,1.841461828806566,25.862068965517242,68.96551724137932,-1.0,-1.0,-1.0,0.025890117690158906,4.15061074821617
Daily,NQ,bearish,smt,CISD w/ SMT,6,58,-0.2795508297319258,-1.0,1.4454820647950224,22.413793103448278,72.41379310344827,-1.0,-1.0,-1.0,-0.31556120213791294,2.931453302961275
Daily,NQ,bearish,smt,CISD w/ SMT,7,58,-0.20720841353578914,-1.0,1.762266828146413,24.137931034482758,74.13793103448276,-1.0,-1.0,-1.0,-0.39851485148514854,3.416772360369227
Daily,NQ,both,no_smt,CISD no SMT,1,684,0.0009163712978237786,-0.13182066019702035,1.3761027201495257,42.83625730994152,34.50292397660819,-1.0,-1.0,-0.13182066019702035,0.42666046313945705,1.8519804233587451
Daily,NQ,both,no_smt,CISD no SMT,2,684,-0.024775938397871837,-0.6595324675324675,1.664026484739342,37.86549707602339,47.953216374269005,-1.0,-1.0,-0.6595324675324675,0.5038938424169741,2.4790826873385017
Daily,NQ,both,no_smt,CISD no SMT,3,684,-0.007687521966566863,-1.0,1.8533905312442747,34.7953216374269,54.53216374269005,-1.0,-1.0,-1.0,0.45904143587317997,2.866547412762909
Daily,NQ,both,no_smt,CISD no SMT,4,684,-0.013153595528966163,-1.0,1.9817272894082034,32.45614035087719,59.356725146198826,-1.0,-1.0,-1.0,0.4382010456191983,3.0509860634090957
Daily,NQ,both,no_smt,CISD no SMT,5,684,0.019070061829384064,-1.0,2.1949292285435833,29.82456140350877,62.71929824561403,-1.0,-1.0,-1.0,0.4363518835060692,3.5207370737073713
Daily,NQ,both,no_smt,CISD no SMT,6,684,0.018095516008223695,-1.0,2.299974860768295,28.654970760233915,66.08187134502924,-1.0,-1.0,-1.0,0.5105745873129797,3.72303119024857
Daily,NQ,both,no_smt,CISD no SMT,7,684,0.024232676195809603,-1.0,2.3785874821614637,27.485380116959064,68.85964912280701,-1.0,-1.0,-1.0,0.33081845389909514,4.039912732264549
Daily,NQ,bullish,no_smt,CISD no SMT,1,349,0.03739912156102391,-0.0344,1.1250657512472062,48.13753581661891,32.664756446991404,-1.0,-1.0,-0.0344,0.5139813581890812,1.8497861555520347
Daily,NQ,bullish,no_smt,CISD no SMT,2,349,0.056889413341368905,-0.5439605587510271,1.632983686502978,41.54727793696275,46.41833810888252,-1.0,-1.0,-0.5439605587510271,0.6034669555796316,2.514292424028931
Daily,NQ,bullish,no_smt,CISD no SMT,3,349,0.0850277273559946,-1.0,1.8779752197538047,40.114613180515754,53.00859598853869,-1.0,-1.0,-1.0,0.5957627118644068,2.852304625523774
Daily,NQ,bullish,no_smt,CISD no SMT,4,349,0.05315273636925866,-1.0,1.8997113013169193,36.67621776504298,57.306590257879655,-1.0,-1.0,-1.0,0.6268656716417911,2.954240178628447
Daily,NQ,bullish,no_smt,CISD no SMT,5,349,0.12560349079966945,-1.0,2.3920883702005926,33.810888252149,60.17191977077364,-1.0,-1.0,-1.0,0.7216117216117216,3.4178839453229655
Daily,NQ,bullish,no_smt,CISD no SMT,6,349,0.13738404041510413,-1.0,2.4944445123451566,32.95128939828081,63.323782234957015,-1.0,-1.0,-1.0,0.6678230702515178,3.781127476729769
Daily,NQ,bullish,no_smt,CISD no SMT,7,349,0.15153225848062304,-1.0,2.5638013517595475,31.51862464183381,65.32951289398281,-1.0,-1.0,-1.0,0.6563728242560359,3.975678613736247
Daily,NQ,bearish,no_smt,CISD no SMT,1,335,-0.03709103121518174,-0.23242670434475451,1.5970889128784458,37.3134328358209,36.417910447761194,-1.0,-1.0,-0.23242670434475451,0.31111591916948256,1.839839883551674
Daily,NQ,bearish,no_smt,CISD no SMT,2,335,-0.10985417050830475,-0.8781954887218045,1.6940142459827234,34.02985074626866,49.55223880597015,-1.0,-1.0,-0.8781954887218045,0.31644378794174577,2.290061082024433
Daily,NQ,bearish,no_smt,CISD no SMT,3,335,-0.1042774384249966,-1.0,1.8252182674999151,29.253731343283583,56.11940298507463,-1.0,-1.0,-1.0,0.19272512430657585,2.757343750000002
Daily,NQ,bearish,no_smt,CISD no SMT,4,335,-0.08223093831248991,-1.0,2.064292840880321,28.059701492537314,61.49253731343284,-1.0,-1.0,-1.0,0.19961095089958142,3.511878885700624
Daily,NQ,bearish,no_smt,CISD no SMT,5,335,-0.09191551044115205,-1.0,1.9661242539855408,25.671641791044774,65.3731343283582,-1.0,-1.0,-1.0,0.06764746494066882,3.5353594771241834
Daily,NQ,bearish,no_smt,CISD no SMT,6,335,-0.10617820046342197,-1.0,2.0745874108995084,24.17910447761194,68.95522388059702,-1.0,-1.0,-1.0,-0.13124650298784718,3.468872272963893
Daily,NQ,bearish,no_smt,CISD no SMT,7,335,-0.10838688863224982,-1.0,2.164780594201351,23.283582089552237,72.53731343283583,-1.0,-1.0,-1.0,-0.37802291877950145,4.162894094352388
Daily,ES,both,all_cisd,All CISDs,1,828,-0.012014351783003505,-0.1719447793380992,1.1949692445504876,42.028985507246375,35.14492753623188,-1.0,-1.0,-0.1719447793380992,0.4748168498168498,1.9091923076923076
Daily,ES,both,all_cisd,All CISDs,2,828,-0.008357434829848253,-0.5998432023611879,1.5398607843764751,39.009661835748794,47.58454106280193,-1.0,-1.0,-0.5998432023611879,0.4979340683817797,2.557929475587702
Daily,ES,both,all_cisd,All CISDs,3,828,0.02109097519111524,-1.0,1.7954077633849637,35.748792270531396,54.710144927536234,-1.0,-1.0,-1.0,0.5073299687575102,3.2103409090909087
Daily,ES,both,all_cisd,All CISDs,4,828,0.01460706029473815,-1.0,1.9555274054441207,33.81642512077295,59.54106280193236,-1.0,-1.0,-1.0,0.6377867383512545,2.9847267290195325
Daily,ES,both,all_cisd,All CISDs,5,828,0.010727387166734687,-1.0,2.1242166143639962,30.555555555555557,62.92270531400966,-1.0,-1.0,-1.0,0.5856201703982564,3.5929761904761897
Daily,ES,both,all_cisd,All CISDs,6,828,0.0037191090079943317,-1.0,2.1904015152277214,28.26086956521739,65.94202898550725,-1.0,-1.0,-1.0,0.4258084457675133,3.51550051072523
Daily,ES,both,all_cisd,All CISDs,7,828,0.010936891893055642,-1.0,2.3269336097626714,27.536231884057973,69.20289855072464,-1.0,-1.0,-1.0,0.35360210563707617,3.809722222222219
Daily,ES,bullish,all_cisd,All CISDs,1,418,0.03270816310665592,-0.09327059791962883,1.1625616290695655,44.73684210526316,31.818181818181817,-1.0,-1.0,-0.09327059791962883,0.5379041248606466,1.8575714285714287
Daily,ES,bullish,all_cisd,All CISDs,2,418,0.1154692048140049,-0.20386756810499104,1.6651725382980622,44.73684210526316,42.3444976076555,-1.0,-1.0,-0.20386756810499104,0.6436630874845978,2.392565037445791
Daily,ES,bullish,all_cisd,All CISDs,3,418,0.13473254782101796,-0.6965843023255813,1.8874783439749778,41.866028708133975,49.52153110047847,-1.0,-1.0,-0.6965843023255813,0.6761545328572189,3.1435402097902077
Daily,ES,bullish,all_cisd,All CISDs,4,418,0.13164007843429895,-1.0,1.9910216643115572,39.952153110047846,54.54545454545454,-1.0,-1.0,-1.0,0.734742354811559,3.3288422986969595
Daily,ES,bullish,all_cisd,All CISDs,5,418,0.172281006818212,-1.0,2.3118871456426593,35.406698564593306,57.655502392344495,-1.0,-1.0,-1.0,0.7586250584749727,3.752199349945828
Daily,ES,bullish,all_cisd,All CISDs,6,418,0.18474570125715478,-1.0,2.40638944296732,34.44976076555024,61.004784688995215,-1.0,-1.0,-1.0,0.8157379691457518,4.076201923076921
Daily,ES,bullish,all_cisd,All CISDs,7,418,0.22599100998361057,-1.0,2.5504214191904184,34.92822966507177,62.91866028708134,-1.0,-1.0,-1.0,0.9260600193094473,4.446807409111817
Daily,ES,bearish,all_cisd,All CISDs,1,410,-0.057609501109534354,-0.2701107972190499,1.2268704382266837,39.268292682926834,38.53658536585366,-1.0,-1.0,-0.2701107972190499,0.35203464947622887,2.0706183057448877
Daily,ES,bearish,all_cisd,All CISDs,2,410,-0.13460020402772782,-1.0,1.3913439258925857,33.170731707317074,52.926829268292686,-1.0,-1.0,-1.0,0.30278748291052715,2.5499909584086766
Daily,ES,bearish,all_cisd,All CISDs,3,410,-0.09476799397790754,-1.0,1.6908571139524347,29.51219512195122,60.0,-1.0,-1.0,-1.0,0.3544252133632418,3.2496774193548346
Daily,ES,bearish,all_cisd,All CISDs,4,410,-0.1047095289304726,-1.0,1.913726239453925,27.5609756097561,64.63414634146342,-1.0,-1.0,-1.0,0.2187855254461335,2.8433306581059363
Daily,ES,bearish,all_cisd,All CISDs,5,410,-0.15397849823403978,-1.0,1.9028006757491134,25.609756097560975,68.29268292682927,-1.0,-1.0,-1.0,0.0254605351620277,3.0335950305921937
Daily,ES,bearish,all_cisd,All CISDs,6,410,-0.18083970943139366,-1.0,1.9312382286133671,21.951219512195124,70.97560975609755,-1.0,-1.0,-1.0,-0.25703106379597995,3.140014476541419
Daily,ES,bearish,all_cisd,All CISDs,7,410,-0.20831340411146132,-1.0,2.054520444790861,20.0,75.60975609756098,-1.0,-1.0,-1.0,-1.0,3.151462232988328
Daily,ES,both,fvg_any,CISD w/ FVG (mid0|mid1),1,241,0.9329462222416202,0.5758928571428571,1.3912236012594101,82.98755186721992,3.7344398340248963,-0.2851063829787234,0.1419141914191419,0.5758928571428571,1.2222222222222223,3.1944444444444446
Daily,ES,both,fvg_any,CISD w/ FVG (mid0|mid1),2,241,1.2490535341842557,0.7393162393162394,2.0127523358572303,83.81742738589212,6.639004149377594,-1.0,0.2032520325203252,0.7393162393162394,1.631578947368421,4.842105263157895
Daily,ES,both,fvg_any,CISD w/ FVG (mid0|mid1),3,241,1.3133368816902355,0.7279411764705882,2.3336484276091807,75.51867219917013,12.863070539419086,-1.0,0.009966777408637873,0.7279411764705882,1.9074074074074074,5.298076923076923
Daily,ES,both,fvg_any,CISD w/ FVG (mid0|mid1),4,241,1.2852397026933466,0.7724867724867724,2.6974228092045145,72.19917012448133,18.672199170124482,-1.0,-0.10559006211180125,0.7724867724867724,1.6883116883116882,5.979381443298969
Daily,ES,both,fvg_any,CISD w/ FVG (mid0|mid1),5,241,1.2953555685660658,0.7127659574468085,3.040266787012134,65.56016597510373,23.236514522821576,-1.0,-0.425531914893617,0.7127659574468085,1.7159090909090908,6.035714285714286
Daily,ES,both,fvg_any,CISD w/ FVG (mid0|mid1),6,241,1.3114575233732708,0.6463878326996197,3.130366527576505,61.41078838174274,27.800829875518673,-1.0,-1.0,0.6463878326996197,1.8850574712643677,6.634146341463414
Daily,ES,both,fvg_any,CISD w/ FVG (mid0|mid1),7,241,1.342281296124942,0.7023411371237458,3.322925562084094,59.75103734439834,32.780082987551864,-1.0,-1.0,0.7023411371237458,2.0853658536585367,6.964285714285714
Daily,ES,bullish,fvg_any,CISD w/ FVG (mid0|mid1),1,141,0.8541057411467446,0.544,1.3576866125187372,81.56028368794325,3.546099290780142,-0.3028571428571429,0.10416666666666667,0.544,1.0423280423280423,3.1341463414634148
Daily,ES,bullish,fvg_any,CISD w/ FVG (mid0|mid1),2,141,1.305018100202378,0.7393162393162394,2.1919189287611984,87.2340425531915,5.673758865248227,-1.0,0.29118773946360155,0.7393162393162394,1.53125,5.576923076923077
Daily,ES,bullish,fvg_any,CISD w/ FVG (mid0|mid1),3,141,1.20996719996187,0.6810344827586207,2.3334436078937166,77.30496453900709,12.056737588652481,-1.0,0.024844720496894408,0.6810344827586207,1.5776892430278884,4.914634146341464
Daily,ES,bullish,fvg_any,CISD w/ FVG (mid0|mid1),4,141,1.2226331591882489,0.7451456310679612,2.5989519532874645,73.75886524822694,17.73049645390071,-1.0,-0.06818181818181818,0.7451456310679612,1.6566757493188011,4.841463414634147
Daily,ES,bullish,fvg_any,CISD w/ FVG (mid0|mid1),5,141,1.369561104389956,0.7283950617283951,3.181054878415164,67.37588652482269,21.27659574468085,-1.0,-0.2506811989100817,0.7283950617283951,1.8453608247422681,6.035714285714286
Daily,ES,bullish,fvg_any,CISD w/ FVG (mid0|mid1),6,141,1.4218975798273057,0.7720588235294118,3.3257185982368704,64.53900709219859,25.53191489361702,-1.0,-1.0,0.7720588235294118,1.9090909090909092,6.634146341463414
Daily,ES,bullish,fvg_any,CISD w/ FVG (mid0|mid1),7,141,1.5097598392182376,0.8776978417266187,3.5511909513657067,65.95744680851064,29.78723404255319,-1.0,-1.0,0.8776978417266187,2.0853658536585367,6.964285714285714
Daily,ES,bearish,fvg_any,CISD w/ FVG (mid0|mid1),1,100,1.0441113005853946,0.6867016192103814,1.436693512033686,85.0,4.0,-0.1709042553191489,0.19550377798572605,0.6867016192103814,1.585617227084293,3.3334016393442614
Daily,ES,bearish,fvg_any,CISD w/ FVG (mid0|mid1),2,100,1.1701434960987034,0.7446581196581197,1.7366686240563851,79.0,8.0,-1.0,0.13992054503020318,0.7446581196581197,2.096275928249797,4.517105263157894
Daily,ES,bearish,fvg_any,CISD w/ FVG (mid0|mid1),3,100,1.4590881329272307,0.7916307471264368,2.3378621792426,73.0,14.000000000000002,-1.0,-0.03490196078431373,0.7916307471264368,2.5096358981652678,5.537599590257227
Daily,ES,bearish,fvg_any,CISD w/ FVG (mid0|mid1),4,100,1.373514929035534,0.8151780444619319,2.841418885100669,70.0,20.0,-1.0,-0.13383027758915159,0.8151780444619319,1.7029426269932597,6.9770276059019505
Daily,ES,bearish,fvg_any,CISD w/ FVG (mid0|mid1),5,100,1.1907257630543806,0.6212393162393162,2.8423683794824313,63.0,26.0,-1.0,-1.0,0.6212393162393162,1.6130932985771695,5.714916230366486
Daily,ES,bearish,fvg_any,CISD w/ FVG (mid0|mid1),6,100,1.1557370437730818,0.5312374487910676,2.841264214615887,56.99999999999999,31.0,-1.0,-1.0,0.5312374487910676,1.8812643678160919,6.463088043607062
Daily,ES,bearish,fvg_any,CISD w/ FVG (mid0|mid1),7,100,1.1061365503633955,0.08255759803307912,2.9728992646787424,51.0,37.0,-1.0,-1.0,0.08255759803307912,2.0942934782608695,6.293259720905024
Daily,ES,both,fvg_mid0,CISD-FVG mid0,1,132,0.47678038844187065,0.3101720377001276,0.6661700322113504,75.0,0.7575757575757576,-0.15054715756283038,0.0032179336527162618,0.3101720377001276,0.787418886077218,1.804307797226642
Daily,ES,both,fvg_mid0,CISD-FVG mid0,2,132,0.5443498396170178,0.3811083811083811,1.0235585560677996,76.51515151515152,6.0606060606060606,-1.0,0.014325649887062919,0.3811083811083811,0.835385898631078,2.355542422693585
Daily,ES,both,fvg_mid0,CISD-FVG mid0,3,132,0.5555265622377015,0.3882792188161316,1.2402693049934637,69.6969696969697,13.636363636363635,-1.0,-0.08482142857142858,0.3882792188161316,0.9075854700854701,2.7793034006420725
Daily,ES,both,fvg_mid0,CISD-FVG mid0,4,132,0.47688041006668064,0.4916737165501581,1.2615988074433662,67.42424242424242,20.454545454545457,-1.0,-0.2652181752614497,0.4916737165501581,0.9479213779586914,2.1985937791022474
Daily,ES,both,fvg_mid0,CISD-FVG mid0,5,132,0.471691826449255,0.39099487291371227,1.3292695408587334,63.63636363636363,24.242424242424242,-1.0,-0.4456795484151107,0.39099487291371227,1.0494530129124822,2.4886481274738634
Daily,ES,both,fvg_mid0,CISD-FVG mid0,6,132,0.5519741693849398,0.4598355988147086,1.4773559720169052,58.333333333333336,27.27272727272727,-1.0,-1.0,0.4598355988147086,1.2690574576938212,3.3280932516988457
Daily,ES,both,fvg_mid0,CISD-FVG mid0,7,132,0.5957742880770236,0.45929259626972385,1.6434768380209615,58.333333333333336,31.818181818181817,-1.0,-1.0,0.45929259626972385,1.3291753850624817,3.5632078673237464
Daily,ES,bullish,fvg_mid0,CISD-FVG mid0,1,71,0.4063806532154829,0.23076923076923078,0.6764033509967711,69.01408450704226,1.4084507042253522,-0.23272938443670152,-0.027342347732439872,0.23076923076923078,0.6128644083189538,1.8066606046828824
Daily,ES,bullish,fvg_mid0,CISD-FVG mid0,2,71,0.5805817768452639,0.46179401993355484,1.0284433990079784,80.28169014084507,5.633802816901409,-0.9430379746835442,0.0425421822272216,0.46179401993355484,0.7651739760782892,2.2778082492321197
Daily,ES,bullish,fvg_mid0,CISD-FVG mid0,3,71,0.4427121013483371,0.3738738738738739,1.0317863725514782,71.83098591549296,11.267605633802818,-1.0,-0.056329849012775844,0.3738738738738739,0.8110269051979152,2.044153137340939
Daily,ES,bullish,fvg_mid0,CISD-FVG mid0,4,71,0.42933603939710885,0.3382352941176471,1.2196566781685334,69.01408450704226,19.718309859154928,-1.0,-0.20829412901978478,0.3382352941176471,0.915954415954416,2.180633227221888
Daily,ES,bullish,fvg_mid0,CISD-FVG mid0,5,71,0.465545119243033,0.3859223300970874,1.3528530989650966,63.38028169014085,23.943661971830984,-1.0,-0.3694757281553398,0.3859223300970874,0.983900798654897,2.3996793403573067
Daily,ES,bullish,fvg_mid0,CISD-FVG mid0,6,71,0.49522669546195797,0.46543778801843316,1.4069257793297667,59.154929577464785,26.76056338028169,-1.0,-1.0,0.46543778801843316,1.2596734859775098,2.3583436681824446
Daily,ES,bullish,fvg_mid0,CISD-FVG mid0,7,71,0.6090382265653684,0.5230414746543779,1.6445107987965653,61.97183098591549,32.3943661971831,-1.0,-1.0,0.5230414746543779,1.3538346410927056,2.852549889135255
Daily,ES,bearish,fvg_mid0,CISD-FVG mid0,1,61,0.5587210638693056,0.4004237288135593,0.6499685771431009,81.9672131147541,0.0,-0.12158054711246201,0.04723127035830619,0.4004237288135593,0.8539325842696629,1.562874251497006
Daily,ES,bearish,fvg_mid0,CISD-FVG mid0,2,61,0.5021782405480754,0.3045977011494253,1.0247328848602002,72.1311475409836,6.557377049180328,-1.0,-0.029850746268656716,0.3045977011494253,0.9626865671641791,2.399267399267399
Daily,ES,bearish,fvg_mid0,CISD-FVG mid0,3,61,0.686835197043355,0.4175084175084175,1.4435886955237316,67.21311475409836,16.39344262295082,-1.0,-0.24518388791593695,0.4175084175084175,1.2614107883817427,2.857142857142857
Daily,ES,bearish,fvg_mid0,CISD-FVG mid0,4,61,0.5322189398624118,0.66189111747851,1.3167324936863505,65.57377049180327,21.311475409836063,-1.0,-0.2553191489361702,0.66189111747851,0.9666666666666667,1.945054945054945
Daily,ES,bearish,fvg_mid0,CISD-FVG mid0,5,61,0.4788461905745299,0.4469914040114613,1.3124457054525678,63.934426229508205,24.59016393442623,-1.0,-0.5061224489795918,0.4469914040114613,1.2350746268656716,2.3892215568862274
Daily,ES,bearish,fvg_mid0,CISD-FVG mid0,6,61,0.6180245078854599,0.45423340961098396,1.564515345910406,57.377049180327866,27.86885245901639,-1.0,-1.0,0.45423340961098396,1.3367003367003367,3.5168539325842696
Daily,ES,bearish,fvg_mid0,CISD-FVG mid0,7,61,0.5803359334430485,0.30409356725146197,1.6557826826987911,54.09836065573771,31.147540983606557,-1.0,-1.0,0.30409356725146197,1.2823529411764707,3.8689320388349513
Daily,ES,both,fvg_mid1,CISD-FVG mid1,1,155,1.3468766444617424,0.9344978165938864,1.5647302054563275,94.83870967741936,5.161290322580645,-0.25731707317073155,0.4972727272727273,0.9344978165938864,1.8562822719449226,4.2452380952380935
Daily,ES,both,fvg_mid1,CISD-FVG mid1,2,155,1.8680075661754219,1.269090909090909,2.2344838107717413,94.83870967741936,5.161290322580645,-0.2365097588978184,0.6749190135016907,1.269090909090909,2.3457811568276687,5.94022222222222
Daily,ES,both,fvg_mid1,CISD-FVG mid1,3,155,1.975157922951189,1.1666666666666667,2.619330552378194,85.16129032258064,8.38709677419355,-1.0,0.5102930687933606,1.1666666666666667,2.9087476400251733,7.383913043478256
Daily,ES,both,fvg_mid1,CISD-FVG mid1,4,155,1.9500689611348923,1.240506329113924,3.1109997678148433,79.35483870967742,12.903225806451612,-1.0,0.28897975809989346,1.240506329113924,2.426767676767677,7.048941497837464
Daily,ES,both,fvg_mid1,CISD-FVG mid1,5,155,1.954496640917248,1.2294372294372293,3.5635407598777937,71.61290322580646,18.70967741935484,-1.0,-0.1738771984924623,1.2294372294372293,2.7855421686746986,7.628616698815095
Daily,ES,both,fvg_mid1,CISD-FVG mid1,6,155,1.9301379646967165,1.1904761904761905,3.6696928899809658,67.0967741935484,24.516129032258064,-1.0,-0.6472401003599869,1.1904761904761905,2.7013637650611884,7.509835706462198
Daily,ES,both,fvg_mid1,CISD-FVG mid1,7,155,1.9879849183834142,1.1367521367521367,3.888150730344481,65.16129032258064,29.03225806451613,-1.0,-1.0,1.1367521367521367,2.846173268993379,8.768702734147757
Daily,ES,bullish,fvg_mid1,CISD-FVG mid1,1,96,1.2198818240774756,0.9111391963740957,1.4983489735090785,95.83333333333334,4.166666666666666,0.06842238654660385,0.4838914677276746,0.9111391963740957,1.4617794486215538,4.3722415795586524
Daily,ES,bullish,fvg_mid1,CISD-FVG mid1,2,96,1.8287005383473822,1.047329391849213,2.4559790676201563,95.83333333333334,4.166666666666666,0.14304545647829228,0.6245446810773444,1.047329391849213,1.9126506024096384,5.989130434782609
Daily,ES,bullish,fvg_mid1,CISD-FVG mid1,3,96,1.7677412188193233,0.9951460518332322,2.621281459009539,85.41666666666666,9.375,-1.0,0.4761771896258503,0.9951460518332322,2.2080954852101713,6.587000706963591
Daily,ES,bullish,fvg_mid1,CISD-FVG mid1,4,96,1.7986193366284622,1.217939121756487,2.9407533815464757,79.16666666666666,12.5,-1.0,0.45301314590654695,1.217939121756487,2.3969155844155843,6.171626984126984
Daily,ES,bullish,fvg_mid1,CISD-FVG mid1,5,96,1.9717513907207724,1.2548152330761027,3.659709037247635,72.91666666666666,16.666666666666664,-1.0,-0.13820684523809523,1.2548152330761027,2.6914187643020595,7.242788461538462
Daily,ES,bullish,fvg_mid1,CISD-FVG mid1,6,96,2.0486125810220144,1.3608996539792386,3.822437631580624,70.83333333333334,22.916666666666664,-1.0,-0.22918888761260892,1.3608996539792386,2.6735588972431077,7.368421052631579
Daily,ES,bullish,fvg_mid1,CISD-FVG mid1,7,96,2.174673262230503,1.2264856355765446,4.083665813304903,71.875,25.0,-1.0,-0.6314655172413792,1.2264856355765446,2.8103046796094713,8.081578144078144
Daily,ES,bearish,fvg_mid1,CISD-FVG mid1,1,59,1.5535122844090241,1.3540372670807452,1.6593696443237056,93.22033898305084,6.779661016949152,-1.0,0.544535612891149,1.3540372670807452,2.1513767453999737,4.116165413533834
Daily,ES,bearish,fvg_mid1,CISD-FVG mid1,2,59,1.931964763997317,1.5825242718446602,1.835922861033984,93.22033898305084,6.779661016949152,-1.0,0.865192206424434,1.5825242718446602,2.624025974025974,5.326754716981127
Daily,ES,bearish,fvg_mid1,CISD-FVG mid1,3,59,2.312649509335243,1.4560669456066946,2.6029531286769907,84.7457627118644,6.779661016949152,-1.0,0.5574721730331393,1.4560669456066946,3.5923160173160174,7.432499999999992
Daily,ES,bearish,fvg_mid1,CISD-FVG mid1,4,59,2.196495468806371,1.3694029850746268,3.381270757733699,79.66101694915254,13.559322033898304,-1.0,0.21566093853271645,1.3694029850746268,2.6769250253292807,9.625886792452814
Daily,ES,bearish,fvg_mid1,CISD-FVG mid1,5,59,1.9264211158132087,1.0601503759398496,3.432009421798427,69.49152542372882,22.033898305084744,-1.0,-0.3166292134831461,1.0601503759398496,2.858090590208937,8.865980861244013
Daily,ES,bearish,fvg_mid1,CISD-FVG mid1,6,59,1.7373657076250453,0.6463878326996197,3.429777529159777,61.016949152542374,27.11864406779661,-1.0,-1.0,0.6463878326996197,2.517153238745399,7.33861993428258
Daily,ES,bearish,fvg_mid1,CISD-FVG mid1,7,59,1.6842208334796767,0.7147766323024055,3.5600448864572085,54.23728813559322,35.59322033898305,-1.0,-1.0,0.7147766323024055,2.862616539073751,8.887869208732587
Daily,ES,both,fvg_none,CISD no FVG,1,587,-0.3999794256159409,-0.7440974866717441,0.839348697161878,25.2129471890971,48.040885860306645,-1.0,-1.0,-0.7440974866717441,0.004391697097828176,1.0456397016637975
Daily,ES,both,fvg_none,CISD no FVG,2,587,-0.5246028241525043,-1.0,0.877472649072799,20.61328790459966,64.39522998296422,-1.0,-1.0,-1.0,-0.20386756810499104,1.122289793759914
Daily,ES,both,fvg_none,CISD no FVG,3,587,-0.5094563220257297,-1.0,1.161917803054128,19.420783645655877,71.89097103918229,-1.0,-1.0,-1.0,-0.507679180887372,1.4513368983957213
Daily,ES,both,fvg_none,CISD no FVG,4,587,-0.5070666480835662,-1.0,1.216646681601163,18.05792163543441,76.32027257240205,-1.0,-1.0,-1.0,-1.0,1.6902029169308808
Daily,ES,both,fvg_none,CISD no FVG,5,587,-0.5166923602220879,-1.0,1.2747843134478538,16.183986371379895,79.21635434412265,-1.0,-1.0,-1.0,-1.0,1.7957599362662622
Daily,ES,both,fvg_none,CISD no FVG,6,587,-0.5331888260210205,-1.0,1.3287671886666759,14.65076660988075,81.60136286201022,-1.0,-1.0,-1.0,-1.0,1.9676143706384066
Daily,ES,both,fvg_none,CISD no FVG,7,587,-0.5356627698103253,-1.0,1.44601645472263,14.310051107325384,84.15672913117547,-1.0,-1.0,-1.0,-1.0,1.8252872293415807
Daily,ES,bullish,fvg_none,CISD no FVG,1,277,-0.3854039614552665,-0.5739644970414202,0.766074077191647,25.992779783393498,46.20938628158845,-1.0,-1.0,-0.5739644970414202,0.005291005291005291,1.025385878489326
Daily,ES,bullish,fvg_none,CISD no FVG,2,277,-0.4900412437410874,-1.0,0.8132672340968536,23.104693140794225,61.01083032490975,-1.0,-1.0,-1.0,-0.05413105413105413,1.1361025187803797
Daily,ES,bullish,fvg_none,CISD no FVG,3,277,-0.41258906211349516,-1.0,1.315055857714741,23.826714801444044,68.59205776173285,-1.0,-1.0,-1.0,-0.14516129032258066,1.5954513148542997
Daily,ES,bullish,fvg_none,CISD no FVG,4,277,-0.42370296989171885,-1.0,1.2827798279363858,22.743682310469314,73.28519855595668,-1.0,-1.0,-1.0,-0.294478527607362,1.7187908865328214
Daily,ES,bullish,fvg_none,CISD no FVG,5,277,-0.4371648190215567,-1.0,1.3554911024258067,19.133574007220215,76.17328519855594,-1.0,-1.0,-1.0,-1.0,1.817764187171099
Daily,ES,bullish,fvg_none,CISD no FVG,6,277,-0.4449958687009365,-1.0,1.3995491146353245,19.133574007220215,79.06137184115524,-1.0,-1.0,-1.0,-1.0,1.9593004221590418
Daily,ES,bullish,fvg_none,CISD no FVG,7,277,-0.42747976590838366,-1.0,1.4697953365188574,19.133574007220215,79.78339350180505,-1.0,-1.0,-1.0,-1.0,1.9903799019607804
Daily,ES,bearish,fvg_none,CISD no FVG,1,310,-0.41300330810789854,-0.9719047619047618,0.9008324890134666,24.516129032258064,49.67741935483871,-1.0,-1.0,-0.9719047619047618,-0.007478632478632479,1.0443631669535285
Daily,ES,bearish,fvg_none,CISD no FVG,2,310,-0.5554852685846411,-1.0,0.931334446986136,18.387096774193548,67.41935483870968,-1.0,-1.0,-1.0,-0.39299282397636137,1.0461847566899232
Daily,ES,bearish,fvg_none,CISD no FVG,3,310,-0.5960119058827907,-1.0,0.9998426347454307,15.483870967741936,74.83870967741936,-1.0,-1.0,-1.0,-0.9398584905660377,1.3778614457831329
Daily,ES,bearish,fvg_none,CISD no FVG,4,310,-0.5815561282743457,-1.0,1.1513387855537462,13.870967741935484,79.03225806451613,-1.0,-1.0,-1.0,-1.0,1.46752757793765
Daily,ES,bearish,fvg_none,CISD no FVG,5,310,-0.5877540663915947,-1.0,1.19582111552894,13.548387096774196,81.93548387096774,-1.0,-1.0,-1.0,-1.0,1.7135568260568266
Daily,ES,bearish,fvg_none,CISD no FVG,6,310,-0.611993500787676,-1.0,1.2592227550299495,10.64516129032258,83.87096774193549,-1.0,-1.0,-1.0,-1.0,1.961050587343691
Daily,ES,bearish,fvg_none,CISD no FVG,7,310,-0.6323295184581893,-1.0,1.4198359599075,10.0,88.06451612903226,-1.0,-1.0,-1.0,-1.0,1.5004394934946281
Daily,ES,both,sweep,CISD w/ sweep,1,309,0.0018867190885105624,-0.20588235294117646,1.2311277589386913,43.36569579288026,36.89320388349515,-1.0,-1.0,-0.20588235294117646,0.5511265164644714,1.940623376623375
Daily,ES,both,sweep,CISD w/ sweep,2,309,-0.1093039420750287,-1.0,1.3747016364176443,36.89320388349515,52.42718446601942,-1.0,-1.0,-1.0,0.4010989010989011,2.4550387596899204
Daily,ES,both,sweep,CISD w/ sweep,3,309,-0.013497010895085438,-1.0,1.8555842532580074,32.362459546925564,58.252427184466015,-1.0,-1.0,-1.0,0.4788135593220339,3.209545454545454
Daily,ES,both,sweep,CISD w/ sweep,4,309,0.010990399313451289,-1.0,2.1853917570456973,31.715210355987054,62.13592233009708,-1.0,-1.0,-1.0,0.4594594594594595,2.8464526484751183
Daily,ES,both,sweep,CISD w/ sweep,5,309,0.038378444055317616,-1.0,2.4710810438502544,28.478964401294498,64.40129449838187,-1.0,-1.0,-1.0,0.41076487252124644,3.6018220585384717
Daily,ES,both,sweep,CISD w/ sweep,6,309,0.015285335057029347,-1.0,2.4986697498464716,24.59546925566343,66.99029126213593,-1.0,-1.0,-1.0,-0.06639004149377593,3.5708192429366172
Daily,ES,both,sweep,CISD w/ sweep,7,309,0.009970234646270865,-1.0,2.6476207650413204,24.271844660194176,71.52103559870551,-1.0,-1.0,-1.0,-0.14728682170542637,3.3925369310904143
Daily,ES,bullish,sweep,CISD w/ sweep,1,104,-0.00291087888239579,-0.09689455946076071,1.0442784583827767,43.269230769230774,33.65384615384615,-1.0,-1.0,-0.09689455946076071,0.6080630664369711,1.5002258898493197
Daily,ES,bullish,sweep,CISD w/ sweep,2,104,-0.017505133162042694,-0.5491538764266037,1.361065611519858,43.269230769230774,48.07692307692308,-1.0,-1.0,-0.5491538764266037,0.665054050447084,1.7747368421052623
Daily,ES,bullish,sweep,CISD w/ sweep,3,104,0.09218634581509538,-1.0,1.9801181822213245,40.38461538461539,53.84615384615385,-1.0,-1.0,-1.0,0.6050166034155597,2.4860047846889928
Daily,ES,bullish,sweep,CISD w/ sweep,4,104,0.19443849104337638,-1.0,2.434378627806143,40.38461538461539,55.769230769230774,-1.0,-1.0,-1.0,0.7795566502463054,2.7437532166752434
Daily,ES,bullish,sweep,CISD w/ sweep,5,104,0.3500719839965545,-1.0,3.127262116849848,35.57692307692308,57.692307692307686,-1.0,-1.0,-1.0,0.8308529089827039,3.7124291201755977
Daily,ES,bullish,sweep,CISD w/ sweep,6,104,0.3722964215002718,-1.0,3.1643754546131233,35.57692307692308,58.65384615384615,-1.0,-1.0,-1.0,0.8070089004634365,4.226243826595934
Daily,ES,bullish,sweep,CISD w/ sweep,7,104,0.4083583739498428,-1.0,3.2243068686610905,36.53846153846153,60.57692307692307,-1.0,-1.0,-1.0,0.7905288303901822,4.971916346564221
Daily,ES,bearish,sweep,CISD w/ sweep,1,205,0.004320622449360595,-0.21428571428571427,1.318237760101926,43.41463414634146,38.53658536585366,-1.0,-1.0,-0.21428571428571427,0.47435897435897434,2.3877076411960125
Daily,ES,bearish,sweep,CISD w/ sweep,2,205,-0.15587504513332406,-1.0,1.3825440579054138,33.65853658536586,54.63414634146342,-1.0,-1.0,-1.0,0.2973568281938326,2.5646954595791787
Daily,ES,bearish,sweep,CISD w/ sweep,3,205,-0.06711198210415274,-1.0,1.791733681077127,28.292682926829265,60.48780487804878,-1.0,-1.0,-1.0,0.24347826086956523,3.494769711163152
Daily,ES,bearish,sweep,CISD w/ sweep,4,205,-0.08207594966173018,-1.0,2.047612908958409,27.31707317073171,65.3658536585366,-1.0,-1.0,-1.0,0.16939890710382513,2.858940609951845
Daily,ES,bearish,sweep,CISD w/ sweep,5,205,-0.11974901035389525,-1.0,2.0510356929809586,24.878048780487806,67.8048780487805,-1.0,-1.0,-1.0,-0.009708737864077669,3.1926241134751767
Daily,ES,bearish,sweep,CISD w/ sweep,6,205,-0.16583248440685952,-1.0,2.0670200577264164,19.024390243902438,71.21951219512195,-1.0,-1.0,-1.0,-0.3762135922330097,3.4277688603531224
Daily,ES,bearish,sweep,CISD w/ sweep,7,205,-0.19213887017115097,-1.0,2.2831049504303453,18.048780487804876,77.07317073170732,-1.0,-1.0,-1.0,-1.0,3.1533230565954637
Daily,ES,both,no_sweep,CISD no sweep,1,519,-0.02029071189725755,-0.16143497757847533,1.1740374789060881,41.23314065510597,34.104046242774565,-1.0,-1.0,-0.16143497757847533,0.40323565888603,1.879999999999999
Daily,ES,both,no_sweep,CISD no sweep,2,519,0.051743664859478816,-0.4126984126984127,1.6285788184234347,40.26974951830443,44.701348747591524,-1.0,-1.0,-0.4126984126984127,0.5464772464772465,2.6496820420958347
Daily,ES,both,no_sweep,CISD no sweep,3,519,0.04168382239850639,-1.0,1.7600962253717047,37.76493256262042,52.601156069364166,-1.0,-1.0,-1.0,0.603901070882203,3.1393790546802567
Daily,ES,both,no_sweep,CISD no sweep,4,519,0.01676033243966618,-1.0,1.8070674331376422,35.067437379576106,57.996146435452786,-1.0,-1.0,-1.0,0.6592865725641398,3.193136833046472
Daily,ES,both,no_sweep,CISD no sweep,5,519,-0.0057353808073927525,-1.0,1.8901133097971146,31.79190751445087,62.042389210019266,-1.0,-1.0,-1.0,0.6142369477911647,3.5707142857142844
Daily,ES,both,no_sweep,CISD no sweep,6,519,-0.0031671411830496584,-1.0,1.9868347178715613,30.443159922928707,65.3179190751445,-1.0,-1.0,-1.0,0.6202525867315886,3.25538230884557
Daily,ES,both,no_sweep,CISD no sweep,7,519,0.0115124161498119,-1.0,2.1157811244266664,29.47976878612717,67.82273603082851,-1.0,-1.0,-1.0,0.6499795514227904,3.863695652173912
Daily,ES,bullish,no_sweep,CISD no sweep,1,314,0.04450555281003609,-0.07768912868786591,1.200502035423756,45.22292993630573,31.210191082802545,-1.0,-1.0,-0.07768912868786591,0.48434934318555006,1.9301449275362268
Daily,ES,bullish,no_sweep,CISD no sweep,2,314,0.15951166070416078,-0.13695540986655508,1.7540477544362028,45.22292993630573,40.445859872611464,-1.0,-1.0,-0.13695540986655508,0.6433229813664596,2.8603421217827942
Daily,ES,bullish,no_sweep,CISD no sweep,3,314,0.1488242835172471,-0.5025,1.8588305339965614,42.35668789808918,48.089171974522294,-1.0,-1.0,-0.5025,0.7162631268694191,3.222630522088353
Daily,ES,bullish,no_sweep,CISD no sweep,4,314,0.11084060419434978,-1.0,1.824674019357186,39.80891719745223,54.14012738853503,-1.0,-1.0,-1.0,0.7050673960208651,3.3289425325760105
Daily,ES,bullish,no_sweep,CISD no sweep,5,314,0.113394823294175,-1.0,1.971926357605152,35.35031847133758,57.64331210191082,-1.0,-1.0,-1.0,0.7519972451790634,3.7038606676342485
Daily,ES,bullish,no_sweep,CISD no sweep,6,314,0.12262699136771475,-1.0,2.098599292759324,34.07643312101911,61.78343949044586,-1.0,-1.0,-1.0,0.832447342604882,3.8087171052631446
Daily,ES,bullish,no_sweep,CISD no sweep,7,314,0.1655890805170878,-1.0,2.286947580724821,34.394904458598724,63.69426751592356,-1.0,-1.0,-1.0,1.0142692353787153,4.060972958642613
Daily,ES,bearish,no_sweep,CISD no sweep,1,205,-0.11953962466842931,-0.3130699088145897,1.1279811860558446,35.12195121951219,38.53658536585366,-1.0,-1.0,-0.3130699088145897,0.3314176245210728,1.8114231318419782
Daily,ES,bearish,no_sweep,CISD no sweep,2,205,-0.11332536292213159,-1.0,1.4031491348349414,32.6829268292683,51.21951219512195,-1.0,-1.0,-1.0,0.3045977011494253,2.4849167709927187
Daily,ES,bearish,no_sweep,CISD no sweep,3,205,-0.12242400585166231,-1.0,1.5875022715372962,30.73170731707317,59.512195121951216,-1.0,-1.0,-1.0,0.36363636363636365,2.852991173586139
Daily,ES,bearish,no_sweep,CISD no sweep,4,205,-0.12734310819921496,-1.0,1.7745142211076177,27.80487804878049,63.90243902439025,-1.0,-1.0,-1.0,0.5238879736408567,2.4955277928661905
Daily,ES,bearish,no_sweep,CISD no sweep,5,205,-0.18820798611418427,-1.0,1.7464097151555134,26.34146341463415,68.78048780487805,-1.0,-1.0,-1.0,0.03063063063063063,2.8057166597424135
Daily,ES,bearish,no_sweep,CISD no sweep,6,205,-0.19584693445592782,-1.0,1.79014535195532,24.878048780487806,70.73170731707317,-1.0,-1.0,-1.0,-0.12903225806451613,2.9934065934065845
Daily,ES,bearish,no_sweep,CISD no sweep,7,205,-0.22448793805177167,-1.0,1.8026940805179696,21.951219512195124,74.14634146341463,-1.0,-1.0,-1.0,-0.35269709543568467,2.696932126935555
Daily,ES,both,prev_swing,prev-bar swing,1,327,0.023943496602711483,-0.12158054711246201,1.2579729112366165,43.425076452599384,37.920489296636084,-1.0,-1.0,-0.12158054711246201,0.5426766917293233,2.3941354903943375
Daily,ES,both,prev_swing,prev-bar swing,2,327,0.03115254976569082,-0.5971223021582733,1.5439648398080634,40.97859327217125,47.40061162079511,-1.0,-1.0,-0.5971223021582733,0.6090365802596018,2.628574232165634
Daily,ES,both,prev_swing,prev-bar swing,3,327,0.031768479098934176,-1.0,1.9262821162858446,34.25076452599388,55.96330275229357,-1.0,-1.0,-1.0,0.4686712325279425,3.268286047415468
Daily,ES,both,prev_swing,prev-bar swing,4,327,0.009989283986654692,-1.0,2.20725896172679,32.11009174311927,60.85626911314985,-1.0,-1.0,-1.0,0.42460099064391854,2.9853725265635935
Daily,ES,both,prev_swing,prev-bar swing,5,327,0.020710820627089378,-1.0,2.456380813932881,27.82874617737003,64.83180428134557,-1.0,-1.0,-1.0,0.2847168721109399,3.4236363636363603
Daily,ES,both,prev_swing,prev-bar swing,6,327,0.01098893170194341,-1.0,2.521260472855834,25.688073394495415,68.80733944954129,-1.0,-1.0,-1.0,0.3245174038607691,3.515693856705093
Daily,ES,both,prev_swing,prev-bar swing,7,327,-0.03375756640013239,-1.0,2.493432956566414,24.464831804281346,72.47706422018348,-1.0,-1.0,-1.0,-0.1752264519566633,3.536321573163678
Daily,ES,bullish,prev_swing,prev-bar swing,1,173,-0.008790960227120911,-0.11363636363636363,1.0830779216049378,41.040462427745666,35.26011560693642,-1.0,-1.0,-0.11363636363636363,0.5511265164644714,1.900415584415585
Daily,ES,bullish,prev_swing,prev-bar swing,2,173,0.08504191439069539,-0.17435897435897435,1.5448740834056864,45.08670520231214,44.50867052023121,-1.0,-1.0,-0.17435897435897435,0.6477987421383647,2.1300000000000017
Daily,ES,bullish,prev_swing,prev-bar swing,3,173,0.027571695024036433,-1.0,1.8924810003815644,36.99421965317919,53.179190751445084,-1.0,-1.0,-1.0,0.424,2.664114832535887
Daily,ES,bullish,prev_swing,prev-bar swing,4,173,0.047043603912433146,-1.0,2.2150230531095425,34.68208092485549,58.95953757225434,-1.0,-1.0,-1.0,0.5112359550561798,3.368989547038328
Daily,ES,bullish,prev_swing,prev-bar swing,5,173,0.139868328391505,-1.0,2.6523027187027908,30.63583815028902,61.849710982658955,-1.0,-1.0,-1.0,0.6069868995633187,3.990635680109371
Daily,ES,bullish,prev_swing,prev-bar swing,6,173,0.11859726717723862,-1.0,2.747846403769105,28.32369942196532,65.89595375722543,-1.0,-1.0,-1.0,0.6474820143884892,4.1611336032388735
Daily,ES,bullish,prev_swing,prev-bar swing,7,173,0.15178771044788358,-1.0,2.7724075901028833,30.057803468208093,68.20809248554913,-1.0,-1.0,-1.0,0.7359550561797753,4.6736373276776355
Daily,ES,bearish,prev_swing,prev-bar swing,1,154,0.060716620184276454,-0.12600766486057882,1.431974004396576,46.103896103896105,40.909090909090914,-1.0,-1.0,-0.12600766486057882,0.44845890410958905,2.8330964073403964
Daily,ES,bearish,prev_swing,prev-bar swing,2,154,-0.029385502702658526,-1.0,1.5457290296935364,36.36363636363637,50.649350649350644,-1.0,-1.0,-1.0,0.38786319612590797,2.6965103410112747
Daily,ES,bearish,prev_swing,prev-bar swing,3,154,0.036483048222033604,-1.0,1.9697411894531616,31.16883116883117,59.09090909090909,-1.0,-1.0,-1.0,0.5012886597938144,3.593891285591024
Daily,ES,bearish,prev_swing,prev-bar swing,4,154,-0.03163667281308343,-1.0,2.204980688469703,29.22077922077922,62.98701298701299,-1.0,-1.0,-1.0,0.3019651113913409,2.646836543606205
Daily,ES,bearish,prev_swing,prev-bar swing,5,154,-0.11314793809527357,-1.0,2.2167443219719924,24.675324675324674,68.18181818181817,-1.0,-1.0,-1.0,-0.013100436681222707,2.979493670886074
Daily,ES,bearish,prev_swing,prev-bar swing,6,154,-0.10989575685147267,-1.0,2.2423941863836734,22.727272727272727,72.07792207792207,-1.0,-1.0,-1.0,-0.24327716685851436,3.081043956043956
Daily,ES,bearish,prev_swing,prev-bar swing,7,154,-0.24219479298913743,-1.0,2.126904008688166,18.181818181818183,77.27272727272727,-1.0,-1.0,-1.0,-1.0,3.1499735741026207
Daily,ES,both,cisd_swing,CISD-bar swing,1,260,0.3924303712105781,0.1435006435006435,1.1387724234288454,60.76923076923077,0.0,-0.6575635171525582,-0.2145117540687161,0.1435006435006435,0.7031938420028006,1.9087663485330484
Daily,ES,both,cisd_swing,CISD-bar swing,2,260,0.3652427687609177,0.1412202380952381,1.5992015934557886,54.230769230769226,21.153846153846153,-1.0,-0.5934032692571116,0.1412202380952381,0.7833805699889781,2.6509136153572688
Daily,ES,both,cisd_swing,CISD-bar swing,3,260,0.4498520171171068,0.1848102507338466,1.6978321165478194,55.769230769230774,30.0,-1.0,-1.0,0.1848102507338466,1.0303509781357882,3.237575757575756
Daily,ES,both,cisd_swing,CISD-bar swing,4,260,0.45542745456547307,0.17135032150512025,1.742095192436891,52.69230769230769,36.92307692307693,-1.0,-1.0,0.17135032150512025,1.234126582278481,3.383302034428793
Daily,ES,both,cisd_swing,CISD-bar swing,5,260,0.42943438181957694,-0.1020027744061037,1.8484603229597247,48.84615384615385,40.0,-1.0,-1.0,-0.1020027744061037,1.2479329245633592,3.7848977239988475
Daily,ES,both,cisd_swing,CISD-bar swing,6,260,0.4581312545838276,-0.21393621147477399,2.0430454338646955,45.38461538461539,44.230769230769226,-1.0,-1.0,-0.21393621147477399,1.4483452777276677,4.619192799070848
Daily,ES,both,cisd_swing,CISD-bar swing,7,260,0.49593252878437855,-0.5424414315014249,2.2655065617084293,45.0,48.84615384615385,-1.0,-1.0,-0.5424414315014249,1.312890625,4.92652625152625
Daily,ES,bullish,cisd_swing,CISD-bar swing,1,127,0.4574556090086332,0.23275862068965517,1.2441032263672975,65.35433070866141,0.0,-0.5317366946778711,-0.1258659638554217,0.23275862068965517,0.7436136871028679,1.7510067114093921
Daily,ES,bullish,cisd_swing,CISD-bar swing,2,127,0.48126701850681697,0.20994475138121546,1.8182895711010185,59.055118110236215,17.322834645669293,-1.0,-0.40585887200618076,0.20994475138121546,0.8413408878178957,2.3185740514075888
Daily,ES,bullish,cisd_swing,CISD-bar swing,3,127,0.6246000761018653,0.40703517587939697,1.7685057834944464,66.14173228346458,24.409448818897637,-1.0,-0.6857423836625376,0.40703517587939697,1.0959454255377676,3.1903671328671317
Daily,ES,bullish,cisd_swing,CISD-bar swing,4,127,0.594172391852236,0.35377358490566035,1.583991139991595,63.77952755905512,29.133858267716533,-1.0,-1.0,0.35377358490566035,1.4161882893226176,3.2144444444444384
Daily,ES,bullish,cisd_swing,CISD-bar swing,5,127,0.5620466740133245,0.28173374613003094,1.7657171371870457,55.118110236220474,33.07086614173229,-1.0,-1.0,0.28173374613003094,1.350765306122449,3.7731744312026
Daily,ES,bullish,cisd_swing,CISD-bar swing,6,127,0.6893811904515803,0.3278236914600551,2.0113841551048743,56.69291338582677,37.79527559055118,-1.0,-1.0,0.3278236914600551,1.5964495703301673,4.540999656475435
Daily,ES,bullish,cisd_swing,CISD-bar swing,7,127,0.7095802695148721,0.2996389891696751,2.055120843421259,56.69291338582677,38.582677165354326,-1.0,-1.0,0.2996389891696751,1.7613103609939054,4.842166979362093
Daily,ES,bearish,cisd_swing,CISD-bar swing,1,133,0.3303386027868715,0.08235294117647059,1.0291222572551157,56.390977443609025,0.0,-0.7211818331594266,-0.27956989247311825,0.08235294117647059,0.6666666666666666,1.9671044402751707
Daily,ES,bearish,cisd_swing,CISD-bar swing,2,133,0.25445269569528456,-0.03235294117647059,1.3552871246655631,49.62406015037594,24.81203007518797,-1.0,-0.9158878504672897,-0.03235294117647059,0.6708860759493671,2.6693778883753994
Daily,ES,bearish,cisd_swing,CISD-bar swing,3,133,0.2829873292143675,-0.23626373626373626,1.6165375577631318,45.86466165413533,35.338345864661655,-1.0,-1.0,-0.23626373626373626,0.9225908372827805,3.4599999999999973
Daily,ES,bearish,cisd_swing,CISD-bar swing,4,133,0.32294168738187246,-0.4245810055865922,1.8771375830980837,42.10526315789473,44.3609022556391,-1.0,-1.0,-0.4245810055865922,1.151685393258427,3.6265392604902313
Daily,ES,bearish,cisd_swing,CISD-bar swing,5,133,0.3028045990481038,-0.5217391304347826,1.922256339339304,42.857142857142854,46.616541353383454,-1.0,-1.0,-0.5217391304347826,1.0,3.746874099683088
Daily,ES,bearish,cisd_swing,CISD-bar swing,6,133,0.23731364664995858,-1.0,2.0561150008591547,34.58646616541353,50.37593984962406,-1.0,-1.0,-1.0,0.6978723404255319,4.395636668764419
Daily,ES,bearish,cisd_swing,CISD-bar swing,7,133,0.2919230319966139,-1.0,2.439924457974811,33.83458646616541,58.64661654135338,-1.0,-1.0,-1.0,0.8022988505747126,4.563434691145529
Daily,ES,both,smt,CISD w/ SMT,1,130,-0.0057490470680423055,-0.19781227946365562,1.0552154374449054,42.30769230769231,33.07692307692307,-1.0,-1.0,-0.19781227946365562,0.5493448873483535,2.1224651162790686
Daily,ES,both,smt,CISD w/ SMT,2,130,-0.07195347465348421,-0.48372093023255813,1.29858783362555,40.76923076923077,43.84615384615385,-1.0,-1.0,-0.48372093023255813,0.42086591024663106,2.0903095238095233
Daily,ES,both,smt,CISD w/ SMT,3,130,-0.040027691434051084,-1.0,1.5433144244762165,36.15384615384615,52.307692307692314,-1.0,-1.0,-1.0,0.5012886597938144,2.3551057425131203
Daily,ES,both,smt,CISD w/ SMT,4,130,-0.09023438394160861,-1.0,1.6595781993947478,34.61538461538461,58.46153846153847,-1.0,-1.0,-1.0,0.6542762266196801,2.3060090174129346
Daily,ES,both,smt,CISD w/ SMT,5,130,-0.09911465231119278,-1.0,1.5088398568741872,33.07692307692307,61.53846153846154,-1.0,-1.0,-1.0,0.6535929540073186,2.441061970338982
Daily,ES,both,smt,CISD w/ SMT,6,130,-0.1864605345642913,-1.0,1.315896254704011,30.0,63.84615384615384,-1.0,-1.0,-1.0,0.5245623203553698,2.629030612244897
Daily,ES,both,smt,CISD w/ SMT,7,130,-0.1541203743289991,-1.0,1.3956892629661402,30.0,66.15384615384615,-1.0,-1.0,-1.0,0.6464176029962547,2.7504402861860195
Daily,ES,bullish,smt,CISD w/ SMT,1,65,0.04010453453017536,-0.10273972602739725,0.9639653571228199,44.61538461538462,27.692307692307693,-1.0,-1.0,-0.10273972602739725,0.5511265164644714,1.8468235294117645
Daily,ES,bullish,smt,CISD w/ SMT,2,65,0.049671176141777094,0.02857142857142857,1.0421097874086949,50.76923076923077,36.92307692307693,-1.0,-1.0,0.02857142857142857,0.6884615384615385,1.9226666666666663
Daily,ES,bullish,smt,CISD w/ SMT,3,65,0.06614051689737332,-0.18110236220472442,1.1957785836179777,46.15384615384615,41.53846153846154,-1.0,-1.0,-0.18110236220472442,0.8033707865168539,2.180767276422764
Daily,ES,bullish,smt,CISD w/ SMT,4,65,0.07973005349230942,-0.016,1.2219024270850596,49.23076923076923,47.69230769230769,-1.0,-1.0,-0.016,0.905982905982906,2.483862994350282
Daily,ES,bullish,smt,CISD w/ SMT,5,65,0.19629045022598102,-0.404,1.4822064673461015,46.15384615384615,49.23076923076923,-1.0,-1.0,-0.404,1.1217105263157894,3.351884644573739
Daily,ES,bullish,smt,CISD w/ SMT,6,65,0.10974402600214977,-1.0,1.3847589004878456,44.61538461538462,52.307692307692314,-1.0,-1.0,-1.0,1.1108179419525066,2.426101694915254
Daily,ES,bullish,smt,CISD w/ SMT,7,65,0.1674866795789675,-1.0,1.44973152393723,44.61538461538462,52.307692307692314,-1.0,-1.0,-1.0,1.1530343007915567,2.4159613526570047
Daily,ES,bearish,smt,CISD w/ SMT,1,65,-0.05160262866625994,-0.26463104325699743,1.1449267843651916,40.0,38.46153846153847,-1.0,-1.0,-0.26463104325699743,0.45,2.252802893309221
Daily,ES,bearish,smt,CISD w/ SMT,2,65,-0.19357812544874556,-1.0,1.5109498494129652,30.76923076923077,50.76923076923077,-1.0,-1.0,-1.0,0.14285714285714285,2.088264594540744
Daily,ES,bearish,smt,CISD w/ SMT,3,65,-0.14619589976547556,-1.0,1.8297739520752945,26.153846153846157,63.07692307692307,-1.0,-1.0,-1.0,0.06387665198237885,2.413381555153706
Daily,ES,bearish,smt,CISD w/ SMT,4,65,-0.26019882137552663,-1.0,1.9999274644841722,20.0,69.23076923076923,-1.0,-1.0,-1.0,-0.16279069767441862,1.6400110527770095
Daily,ES,bearish,smt,CISD w/ SMT,5,65,-0.39451975484836643,-1.0,1.4881451206625183,20.0,73.84615384615385,-1.0,-1.0,-1.0,-0.8920704845814978,1.8354717571585026
Daily,ES,bearish,smt,CISD w/ SMT,6,65,-0.4826650951307324,-1.0,1.1808677353420252,15.384615384615385,75.38461538461539,-1.0,-1.0,-1.0,-1.0,2.603530526134502
Daily,ES,bearish,smt,CISD w/ SMT,7,65,-0.4757274282369657,-1.0,1.2706367795693436,15.384615384615385,80.0,-1.0,-1.0,-1.0,-1.0,2.814022686174582
Daily,ES,both,no_smt,CISD no SMT,1,698,-0.01318124234596191,-0.1647761257797146,1.2199154205236806,41.977077363896846,35.53008595988539,-1.0,-1.0,-0.1647761257797146,0.4434536354056902,1.9080384615384616
Daily,ES,both,no_smt,CISD no SMT,2,698,0.0034870998077916747,-0.6357734806629834,1.5812741584695393,38.68194842406877,48.28080229226361,-1.0,-1.0,-0.6357734806629834,0.5020213832275309,2.6503851321092697
Daily,ES,both,no_smt,CISD no SMT,3,698,0.0324741079436534,-1.0,1.8393103752071074,35.673352435530084,55.15759312320917,-1.0,-1.0,-1.0,0.5163439258523668,3.227885736494363
Daily,ES,both,no_smt,CISD no SMT,4,698,0.03413340377715234,-1.0,2.006279051722753,33.6676217765043,59.742120343839545,-1.0,-1.0,-1.0,0.6173549608522655,3.333402277855377
Daily,ES,both,no_smt,CISD no SMT,5,698,0.031185073602451815,-1.0,2.2203335998657296,30.08595988538682,63.180515759312314,-1.0,-1.0,-1.0,0.5726214574898786,3.711242603550296
Daily,ES,both,no_smt,CISD no SMT,6,698,0.03913938646415066,-1.0,2.3160835685554892,27.936962750716333,66.33237822349571,-1.0,-1.0,-1.0,0.39093331571529244,4.06286525974026
Daily,ES,both,no_smt,CISD no SMT,7,698,0.041678216547593065,-1.0,2.461294075798811,27.07736389684814,69.77077363896849,-1.0,-1.0,-1.0,0.30297992273101526,4.083846727114637
Daily,ES,bullish,no_smt,CISD no SMT,1,353,0.03134622502583788,-0.09316770186335403,1.1967300127627967,44.759206798866856,32.577903682719544,-1.0,-1.0,-0.09316770186335403,0.525,1.8561101549053356
Daily,ES,bullish,no_smt,CISD no SMT,2,353,0.1275849891304208,-0.3053435114503817,1.756821654496007,43.626062322946176,43.342776203966004,-1.0,-1.0,-0.3053435114503817,0.6428571428571429,2.8765644955300096
Daily,ES,bullish,no_smt,CISD no SMT,3,353,0.14736280847268057,-1.0,1.9898311850221138,41.07648725212464,50.991501416430594,-1.0,-1.0,-1.0,0.6343283582089553,3.2162924424972616
Daily,ES,bullish,no_smt,CISD no SMT,4,353,0.141198581610586,-1.0,2.103362724222958,38.243626062322946,55.80736543909348,-1.0,-1.0,-1.0,0.6727272727272727,3.445822102425875
Daily,ES,bullish,no_smt,CISD no SMT,5,353,0.16786000449100244,-1.0,2.435615572818556,33.42776203966006,59.20679886685553,-1.0,-1.0,-1.0,0.7281879194630873,3.8399999999999967
Daily,ES,bullish,no_smt,CISD no SMT,6,353,0.1985562080321557,-1.0,2.551497723265385,32.577903682719544,62.606232294617556,-1.0,-1.0,-1.0,0.7720588235294118,4.41881477544512
Daily,ES,bullish,no_smt,CISD no SMT,7,353,0.23676376204112276,-1.0,2.7060880358773196,33.14447592067989,64.87252124645893,-1.0,-1.0,-1.0,0.8877551020408163,5.05521978021978
Daily,ES,bearish,no_smt,CISD no SMT,1,345,-0.058741230700296174,-0.2755905511811024,1.2432768866712611,39.130434782608695,38.550724637681164,-1.0,-1.0,-0.2755905511811024,0.3493150684931507,2.033282051282053
Daily,ES,bearish,no_smt,CISD no SMT,2,345,-0.12348842173101436,-1.0,1.3697086042852247,33.6231884057971,53.333333333333336,-1.0,-1.0,-1.0,0.3584905660377358,2.5698372513562395
Daily,ES,bearish,no_smt,CISD no SMT,3,345,-0.08507867839474256,-1.0,1.666050488011552,30.144927536231886,59.42028985507246,-1.0,-1.0,-1.0,0.35807860262008734,3.27225806451613
Daily,ES,bearish,no_smt,CISD no SMT,4,345,-0.07541444484662183,-1.0,1.8986312160923489,28.985507246376812,63.76811594202898,-1.0,-1.0,-1.0,0.3565217391304348,2.9233493846977
Daily,ES,bearish,no_smt,CISD no SMT,5,345,-0.10865913104583327,-1.0,1.9697152417550912,26.666666666666668,67.2463768115942,-1.0,-1.0,-1.0,0.14367816091954022,3.2444052863436132
Daily,ES,bearish,no_smt,CISD no SMT,6,345,-0.12397405705325742,-1.0,2.03826606602218,23.18840579710145,70.14492753623188,-1.0,-1.0,-1.0,-0.18352941176470589,3.4603796977915566
Daily,ES,bearish,no_smt,CISD no SMT,7,345,-0.15793105173998948,-1.0,2.1684565713279977,20.869565217391305,74.78260869565217,-1.0,-1.0,-1.0,-0.841897233201581,3.2799296112622
4H,NQ,both,all_cisd,All CISDs,1,4171,0.06197889559658696,-0.15966386554621848,1.5739660813493612,42.2680412371134,32.893790457923764,-1.0,-1.0,-0.15966386554621848,0.4082694151486098,2.2472254731829375
4H,NQ,both,all_cisd,All CISDs,2,4171,0.08952262377670869,-0.5205327413984462,2.0101668681721345,36.106449292735554,47.470630544234,-1.0,-1.0,-0.5205327413984462,0.43080148090544856,3.2036269430051814
4H,NQ,both,all_cisd,All CISDs,3,4171,0.10357026047939451,-1.0,2.290831102381325,32.70198993047231,55.07072644449772,-1.0,-1.0,-1.0,0.36362129152888945,3.870265283386715
4H,NQ,both,all_cisd,All CISDs,4,4171,0.1254292146337444,-1.0,2.6687124773335174,29.12970510668904,60.53704147686406,-1.0,-1.0,-1.0,0.25820113366582625,4.482261640798226
4H,NQ,both,all_cisd,All CISDs,5,4171,0.1302314521519241,-1.0,2.811523202493977,27.571325821146008,64.75665308079597,-1.0,-1.0,-1.0,0.21170428841803998,4.717503217503218
4H,NQ,both,all_cisd,All CISDs,6,4171,0.12444025065827352,-1.0,2.9713247071875104,26.036921601534402,68.23303764085351,-1.0,-1.0,-1.0,0.09149999071443163,4.752448041566747
4H,NQ,both,all_cisd,All CISDs,7,4171,0.116942071118825,-1.0,3.05797399495153,24.5025173819228,70.89426995924238,-1.0,-1.0,-1.0,-0.0759575144355565,4.993493975903615
4H,NQ,bullish,all_cisd,All CISDs,1,2089,0.12006675327276813,-0.07767669699090272,1.7999756821657797,45.284825275251315,31.306845380564862,-1.0,-1.0,-0.07767669699090272,0.44080604534005036,2.216481715006305
4H,NQ,bullish,all_cisd,All CISDs,2,2089,0.16398604157072622,-0.3125,2.1944298830239077,40.40210627094304,44.80612733365247,-1.0,-1.0,-0.3125,0.49666666666666665,3.1293940077864892
4H,NQ,bullish,all_cisd,All CISDs,3,2089,0.17683235453400045,-1.0,2.431451779919247,36.668262326472,52.4174246050742,-1.0,-1.0,-1.0,0.5096153846153846,3.804112903225799
4H,NQ,bullish,all_cisd,All CISDs,4,2089,0.1898564924296712,-1.0,2.7469403525478526,32.83867879368118,58.40114887505984,-1.0,-1.0,-1.0,0.4264705882352941,4.3208518461774155
4H,NQ,bullish,all_cisd,All CISDs,5,2089,0.17845252000338518,-1.0,2.8277168345708485,30.780277644806127,63.04451890856869,-1.0,-1.0,-1.0,0.43073047858942065,4.482969689821913
4H,NQ,bullish,all_cisd,All CISDs,6,2089,0.17121519716045489,-1.0,3.017298224232151,29.10483484921015,66.58688367640019,-1.0,-1.0,-1.0,0.31676136363636365,4.617624419376244
4H,NQ,bullish,all_cisd,All CISDs,7,2089,0.17576982276858008,-1.0,3.148575815571435,27.62087123025371,68.98037338439444,-1.0,-1.0,-1.0,0.3022774327122153,4.810819871320972
4H,NQ,bearish,all_cisd,All CISDs,1,2082,0.003695737726489713,-0.23827838827838826,1.3063941660386913,39.24111431316042,34.48607108549472,-1.0,-1.0,-0.23827838827838826,0.3840638329166054,2.259555963699222
4H,NQ,bearish,all_cisd,All CISDs,2,2082,0.01480884867022327,-1.0,1.8039412067692944,31.796349663784824,50.14409221902017,-1.0,-1.0,-1.0,0.2765414862092546,3.346621832968404
4H,NQ,bearish,all_cisd,All CISDs,3,2082,0.03006184814506606,-1.0,2.138539356165327,28.7223823246878,57.73294908741594,-1.0,-1.0,-1.0,0.1850978634394143,3.896920122020106
4H,NQ,bearish,all_cisd,All CISDs,4,2082,0.06078532255127992,-1.0,2.586894070009385,25.408261287223823,62.680115273775215,-1.0,-1.0,-1.0,0.02158357118276958,4.612171305014992
4H,NQ,bearish,all_cisd,All CISDs,5,2082,0.08184825775149081,-1.0,2.795023789680988,24.35158501440922,66.4745437079731,-1.0,-1.0,-1.0,-0.03537456906313697,5.258713362674384
4H,NQ,bearish,all_cisd,All CISDs,6,2082,0.07750803968658435,-1.0,2.9244433513572186,22.958693563880882,69.88472622478386,-1.0,-1.0,-1.0,-0.2616513720520527,5.027787960640555
4H,NQ,bearish,all_cisd,All CISDs,7,2082,0.05791653163931574,-1.0,2.9638695359261416,21.37367915465898,72.8146013448607,-1.0,-1.0,-1.0,-0.4906342253882685,5.256807692307689
4H,NQ,both,fvg_any,CISD w/ FVG (mid0|mid1),1,1064,1.0633219937536633,0.46317923517159093,2.3641750511815434,78.47744360902256,5.545112781954887,-1.0,0.04482907579507776,0.46317923517159093,1.3663929740436531,4.189358974358972
4H,NQ,both,fvg_any,CISD w/ FVG (mid0|mid1),2,1064,1.4153669218308986,0.5823561684217422,2.911581977230228,72.93233082706767,10.996240601503759,-1.0,-0.04492426300774351,0.5823561684217422,1.9323410986482599,6.312521588946456
4H,NQ,both,fvg_any,CISD w/ FVG (mid0|mid1),3,1064,1.4091056933545854,0.5061007972441498,3.146958237498872,66.63533834586465,16.729323308270676,-1.0,-0.23632213308836922,0.5061007972441498,1.9101002377239071,6.9340277777777715
4H,NQ,both,fvg_any,CISD w/ FVG (mid0|mid1),4,1064,1.4180556340859356,0.37061965811965814,3.5694215323607574,61.278195488721806,23.402255639097742,-1.0,-0.6433028455284553,0.37061965811965814,1.9523299859055672,7.087257869249382
4H,NQ,both,fvg_any,CISD w/ FVG (mid0|mid1),5,1064,1.3974357885280717,0.3649137131487368,3.651198055547197,58.92857142857143,28.477443609022558,-1.0,-1.0,0.3649137131487368,2.0144778883160264,7.574582728592161
4H,NQ,both,fvg_any,CISD w/ FVG (mid0|mid1),6,1064,1.417162525528935,0.2669496653714133,4.041191213307001,55.82706766917293,33.08270676691729,-1.0,-1.0,0.2669496653714133,2.0445409853956664,7.29983397897066
4H,NQ,both,fvg_any,CISD w/ FVG (mid0|mid1),7,1064,1.4005274951098614,0.15324525796502197,4.20643839836844,52.255639097744364,37.21804511278196,-1.0,-1.0,0.15324525796502197,1.959324438541415,7.942306183301942
4H,NQ,bullish,fvg_any,CISD w/ FVG (mid0|mid1),1,554,1.1384133414309998,0.4977123190606337,2.8109229071143345,82.67148014440433,4.693140794223827,-0.5285391735438165,0.11158329036855569,0.4977123190606337,1.2874611801242237,4.1795392953929555
4H,NQ,bullish,fvg_any,CISD w/ FVG (mid0|mid1),2,554,1.5395458242449491,0.6668977035490606,3.2441665114145093,77.9783393501805,10.288808664259928,-1.0,0.08464493319247404,0.6668977035490606,1.93906889798825,6.84016717325228
4H,NQ,bullish,fvg_any,CISD w/ FVG (mid0|mid1),3,554,1.5463919895624347,0.59986348886651,3.4752531292569597,71.84115523465704,15.884476534296029,-1.0,-0.04709280972663038,0.59986348886651,1.945308516063233,6.945991161616162
4H,NQ,bullish,fvg_any,CISD w/ FVG (mid0|mid1),4,554,1.4771994530942303,0.49457026713124275,3.77378023610772,65.52346570397111,24.0072202166065,-1.0,-0.7521640855294998,0.49457026713124275,2.0068603274807657,6.9150841955771964
4H,NQ,bullish,fvg_any,CISD w/ FVG (mid0|mid1),5,554,1.422547893607069,0.46990348367777984,3.7786663068565787,61.191335740072205,29.602888086642597,-1.0,-1.0,0.46990348367777984,2.0445406883552497,7.090994623655914
4H,NQ,bullish,fvg_any,CISD w/ FVG (mid0|mid1),6,554,1.4556029999330253,0.41610280830609325,4.281388034553828,59.205776173285194,33.935018050541515,-1.0,-1.0,0.41610280830609325,2.17622239169331,6.705333998005986
4H,NQ,bullish,fvg_any,CISD w/ FVG (mid0|mid1),7,554,1.4948157686032215,0.3651616701923328,4.599052938522018,55.5956678700361,36.64259927797834,-1.0,-1.0,0.3651616701923328,2.2189929587795216,6.788690004752099
4H,NQ,bearish,fvg_any,CISD w/ FVG (mid0|mid1),1,510,0.9817521768649489,0.4174860295678008,1.7537620676088768,73.92156862745098,6.470588235294119,-1.0,-0.023976497694161845,0.4174860295678008,1.4571861233480177,4.129841628959269
4H,NQ,bearish,fvg_any,CISD w/ FVG (mid0|mid1),2,510,1.2804745454830873,0.4803493075551899,2.496931096447059,67.45098039215686,11.76470588235294,-1.0,-0.1411379411202232,0.4803493075551899,1.929038482152428,5.934487394957979
4H,NQ,bearish,fvg_any,CISD w/ FVG (mid0|mid1),3,510,1.2599750892386081,0.36231702680812583,2.7419034349152476,60.98039215686275,17.647058823529413,-1.0,-0.32513155713026554,0.36231702680812583,1.8908014900264358,6.729535864978897
4H,NQ,bearish,fvg_any,CISD w/ FVG (mid0|mid1),4,510,1.3538092110847681,0.230308620191845,3.3357891044531596,56.666666666666664,22.745098039215687,-1.0,-0.6286292573981016,0.230308620191845,1.8160607790889483,7.467143670217078
4H,NQ,bearish,fvg_any,CISD w/ FVG (mid0|mid1),5,510,1.3701571488932391,0.2485591848648075,3.5109921445248964,56.470588235294116,27.254901960784313,-1.0,-1.0,0.2485591848648075,1.9133442736223873,8.431997187060473
4H,NQ,bearish,fvg_any,CISD w/ FVG (mid0|mid1),6,510,1.3754056180390017,0.1651397697909326,3.766708428729444,52.156862745098046,32.15686274509804,-1.0,-1.0,0.1651397697909326,1.7858417708354302,8.992793730354219
4H,NQ,bearish,fvg_any,CISD w/ FVG (mid0|mid1),7,510,1.2981045470406036,-0.049884825799021024,3.735329189973246,48.627450980392155,37.84313725490196,-1.0,-1.0,-0.049884825799021024,1.6181526520484082,8.602462772050389
4H,NQ,both,fvg_mid0,CISD-FVG mid0,1,583,0.4120631961785478,0.19298245614035087,1.081380231049556,70.84048027444254,0.34305317324185247,-0.33416307943268836,-0.032619948696122295,0.19298245614035087,0.5548062785309038,1.7736486486486485
4H,NQ,both,fvg_mid0,CISD-FVG mid0,2,583,0.42410230244895514,0.15105162523900573,1.490943935243059,60.37735849056604,10.291595197255575,-1.0,-0.19192510736534774,0.15105162523900573,0.6196159638554217,2.6116643356643348
4H,NQ,both,fvg_mid0,CISD-FVG mid0,3,583,0.4628135170197524,0.09302325581395349,1.8953516726369706,55.40308747855918,16.80960548885077,-1.0,-0.34986591632650366,0.09302325581395349,0.7548936776153408,3.0163660080567807
4H,NQ,both,fvg_mid0,CISD-FVG mid0,4,583,0.46220875542085343,0.08823529411764706,2.140931464068123,53.859348198970835,21.955403087478558,-1.0,-0.6057295244411809,0.08823529411764706,0.7611193484016123,3.56259820426487
4H,NQ,both,fvg_mid0,CISD-FVG mid0,5,583,0.49352209118822293,0.08333333333333333,2.227232480510369,53.687821612349914,27.27272727272727,-1.0,-1.0,0.08333333333333333,0.8883094098883573,3.676020905306048
4H,NQ,both,fvg_mid0,CISD-FVG mid0,6,583,0.4949457528245631,0.03508771929824561,2.5316327374599865,50.77186963979416,32.59005145797599,-1.0,-1.0,0.03508771929824561,1.010677808727948,3.6464124368854627
4H,NQ,both,fvg_mid0,CISD-FVG mid0,7,583,0.48929912207619874,-0.07377777777777778,2.594883383257078,48.54202401372213,35.33447684391081,-1.0,-1.0,-0.07377777777777778,1.1258363938220053,3.876909661667247
4H,NQ,bullish,fvg_mid0,CISD-FVG mid0,1,296,0.521854896930851,0.24662100456621006,1.3654286847756612,76.6891891891892,0.33783783783783783,-0.2298648625024038,0.015030081650193382,0.24662100456621006,0.5949450060188315,1.9969601677148847
4H,NQ,bullish,fvg_mid0,CISD-FVG mid0,2,296,0.608693766819768,0.24007844438949877,1.837722997927597,67.22972972972973,10.81081081081081,-1.0,-0.11200723623665268,0.24007844438949877,0.7581033204251463,3.198185483870968
4H,NQ,bullish,fvg_mid0,CISD-FVG mid0,3,296,0.7074376782433174,0.24375457092273692,2.388192759239884,62.83783783783784,16.89189189189189,-1.0,-0.29499921869574275,0.24375457092273692,1.0115899371733277,3.800818311195446
4H,NQ,bullish,fvg_mid0,CISD-FVG mid0,4,296,0.6913323492892427,0.21984011627906977,2.694503534468264,60.47297297297297,23.31081081081081,-1.0,-0.7843731017326661,0.21984011627906977,0.9301658192904347,4.594955863808322
4H,NQ,bullish,fvg_mid0,CISD-FVG mid0,5,296,0.7332515109582456,0.21057414291615034,2.7759967032494437,58.108108108108105,28.716216216216218,-1.0,-1.0,0.21057414291615034,1.1366967079399888,4.841211745244003
4H,NQ,bullish,fvg_mid0,CISD-FVG mid0,6,296,0.7496106404240068,0.13699787538910024,3.202176701041737,55.4054054054054,34.12162162162162,-1.0,-1.0,0.13699787538910024,1.29641209324915,4.578805879983891
4H,NQ,bullish,fvg_mid0,CISD-FVG mid0,7,296,0.7719543785853281,0.1450186751015652,3.2812491526031757,52.02702702702703,35.810810810810814,-1.0,-1.0,0.1450186751015652,1.3437865468768153,4.511322961335365
4H,NQ,bearish,fvg_mid0,CISD-FVG mid0,1,287,0.2988285501064859,0.1377551020408163,0.6566932618383884,64.80836236933798,0.34843205574912894,-0.3883922381916515,-0.09423497904928121,0.1377551020408163,0.4594021698319572,1.4814361652147063
4H,NQ,bearish,fvg_mid0,CISD-FVG mid0,2,287,0.2337222555717407,0.0423963133640553,0.984079794692254,53.31010452961672,9.75609756097561,-1.0,-0.24482411398242082,0.0423963133640553,0.4994126859827721,1.9211356092935041
4H,NQ,bearish,fvg_mid0,CISD-FVG mid0,3,287,0.2105182148518944,-0.022257551669316374,1.1408635900380322,47.73519163763066,16.72473867595819,-1.0,-0.4570864774829809,-0.022257551669316374,0.574591043175114,2.2826467768991128
4H,NQ,bearish,fvg_mid0,CISD-FVG mid0,4,287,0.2259001011175668,-0.05895039539899353,1.3146285806097189,47.038327526132406,20.557491289198605,-1.0,-0.5816174379217913,-0.05895039539899353,0.5809077533265097,2.5608499210110565
4H,NQ,bearish,fvg_mid0,CISD-FVG mid0,5,287,0.2462750241083389,-0.01603053435114504,1.4230571649183816,49.12891986062718,25.78397212543554,-1.0,-1.0,-0.01603053435114504,0.6750301083902047,2.902705426356589
4H,NQ,bearish,fvg_mid0,CISD-FVG mid0,6,287,0.2322948582969139,-0.11232876712328767,1.5262584426313157,45.99303135888502,31.010452961672474,-1.0,-1.0,-0.11232876712328767,0.8202526481053974,3.0844617467840214
4H,NQ,bearish,fvg_mid0,CISD-FVG mid0,7,287,0.1977801118786297,-0.22358015815959742,1.558493140343776,44.94773519163763,34.84320557491289,-1.0,-1.0,-0.22358015815959742,0.820256268563929,2.669194312796207
4H,NQ,both,fvg_mid1,CISD-FVG mid1,1,656,1.6385117135064269,0.9810572862720102,2.8407152756616507,90.85365853658537,8.689024390243901,-1.0,0.3939984465803106,0.9810572862720102,2.114679456046624,5.959090909090909
4H,NQ,both,fvg_mid1,CISD-FVG mid1,2,656,2.2991911580461135,1.3077879278445885,3.3697061482433566,91.3109756097561,8.689024390243901,-1.0,0.5263899184581171,1.3077879278445885,2.928422021419009,7.805167055167055
4H,NQ,both,fvg_mid1,CISD-FVG mid1,3,656,2.262304017124641,1.1837156679151062,3.660812800425423,83.84146341463415,12.652439024390244,-1.0,0.3481823830977163,1.1837156679151062,2.9852598225602027,8.245537706381079
4H,NQ,both,fvg_mid1,CISD-FVG mid1,4,656,2.2941733064210412,1.0165275437626207,4.21154639754946,75.15243902439023,19.817073170731707,-1.0,0.0032256381453961763,1.0165275437626207,3.257129189146092,9.783892617449665
4H,NQ,both,fvg_mid1,CISD-FVG mid1,5,656,2.2553313027174773,0.9826810104273755,4.319276248669331,70.27439024390245,23.78048780487805,-1.0,-0.29696140519951353,0.9826810104273755,3.148603603603604,9.575480242648917
4H,NQ,both,fvg_mid1,CISD-FVG mid1,6,656,2.3030578584224743,1.035023351895096,4.823968012200221,66.61585365853658,27.134146341463417,-1.0,-1.0,1.035023351895096,3.317923186344239,9.958520579949152
4H,NQ,both,fvg_mid1,CISD-FVG mid1,7,656,2.2770822184244537,0.8848867831097507,5.048642981765115,61.58536585365854,32.01219512195122,-1.0,-1.0,0.8848867831097507,3.4465737514518002,10.496008423939662
4H,NQ,bullish,fvg_mid1,CISD-FVG mid1,1,366,1.6384433690789306,0.8415483368994359,3.3362706308943646,92.34972677595628,6.830601092896176,-1.0,0.356500350140056,0.8415483368994359,1.9843433138494573,5.83366935483871
4H,NQ,bullish,fvg_mid1,CISD-FVG mid1,2,366,2.302964042070064,1.1627385772122616,3.725842027899146,93.16939890710383,6.830601092896176,-1.0,0.49832286401334835,1.1627385772122616,2.6501696832579187,7.897315546772068
4H,NQ,bullish,fvg_mid1,CISD-FVG mid1,3,366,2.261184830239355,1.1077291460410288,3.993028702637063,85.79234972677595,10.92896174863388,-1.0,0.3550308788389908,1.1077291460410288,2.798020527859238,7.862267195589323
4H,NQ,bullish,fvg_mid1,CISD-FVG mid1,4,366,2.1790824273037583,0.9671497514738181,4.372078400432841,75.68306010928961,19.672131147540984,-1.0,0.12130503144654088,0.9671497514738181,2.814243302954985,9.125973520249222
4H,NQ,bullish,fvg_mid1,CISD-FVG mid1,5,366,2.0845726633149657,0.9643363584798639,4.383868023012399,69.94535519125684,24.316939890710383,-1.0,-0.47940074906367036,0.9643363584798639,2.8835872651813017,8.000036705329613
4H,NQ,bullish,fvg_mid1,CISD-FVG mid1,6,366,2.1636373491344747,1.030558177956101,5.0128420502224,67.75956284153006,27.322404371584703,-1.0,-1.0,1.030558177956101,2.9180878812199036,8.040283062377494
4H,NQ,bullish,fvg_mid1,CISD-FVG mid1,7,366,2.2189960613083275,1.0386446886446885,5.411708450788822,64.20765027322405,30.87431693989071,-1.0,-1.0,1.0386446886446885,3.2149413905689666,8.804995493144837
4H,NQ,bearish,fvg_mid1,CISD-FVG mid1,1,290,1.6385979688873358,1.2226918582002337,2.0570776749608344,88.96551724137932,11.03448275862069,-1.0,0.45037883460810924,1.2226918582002337,2.276842948717949,5.917058823529413
4H,NQ,bearish,fvg_mid1,CISD-FVG mid1,2,290,2.294429518208989,1.65740171990172,2.8640278433840933,88.96551724137932,11.03448275862069,-1.0,0.613825707191629,1.65740171990172,3.1851014314569244,7.701883449883451
4H,NQ,bearish,fvg_mid1,CISD-FVG mid1,3,290,2.2637165081591744,1.3674985145573382,3.1994554566300937,81.37931034482759,14.827586206896552,-1.0,0.2782309357692839,1.3674985145573382,3.2245720664847433,8.829249626679943
4H,NQ,bearish,fvg_mid1,CISD-FVG mid1,4,290,2.439425933169061,1.0498105981831598,4.002528916784863,74.48275862068967,20.0,-1.0,-0.08364162251502186,1.0498105981831598,3.92888880449643,9.790335570469798
4H,NQ,bearish,fvg_mid1,CISD-FVG mid1,5,290,2.470840482101338,1.0246452050834036,4.234050706454865,70.6896551724138,23.103448275862068,-1.0,-0.28280550024888,1.0246452050834036,3.6695791025221096,10.34626050420169
4H,NQ,bearish,fvg_mid1,CISD-FVG mid1,6,290,2.479016156351467,1.0415679577664667,4.577007505536949,65.17241379310344,26.89655172413793,-1.0,-1.0,1.0415679577664667,4.052278698095308,10.604615902964966
4H,NQ,bearish,fvg_mid1,CISD-FVG mid1,7,290,2.3503909546468753,0.7222886125473771,4.557500076529839,58.27586206896552,33.44827586206897,-1.0,-1.0,0.7222886125473771,3.759719640644362,12.248330558638553
4H,NQ,both,fvg_none,CISD no FVG,1,3107,-0.2809335783136574,-0.45625,0.9757143864376815,29.868039909880917,42.25941422594142,-1.0,-1.0,-0.45625,0.09450461824705961,1.2580073101394338
4H,NQ,both,fvg_none,CISD no FVG,2,3107,-0.36451610590776456,-1.0,1.3096988562383425,23.49533311876408,59.96137753459929,-1.0,-1.0,-1.0,-0.03935505282371812,1.589613294982422
4H,NQ,both,fvg_none,CISD no FVG,3,3107,-0.3435136470131073,-1.0,1.6948437333945585,21.081429031219827,68.20083682008368,-1.0,-1.0,-1.0,-0.2082687860622797,2.3431334459459396
4H,NQ,both,fvg_none,CISD no FVG,4,3107,-0.31723396859674524,-1.0,2.1054594844022922,18.120373350498873,73.25394271000965,-1.0,-1.0,-1.0,-0.5598618652353908,2.620727554179552
4H,NQ,both,fvg_none,CISD no FVG,5,3107,-0.30372587449893557,-1.0,2.3046777816545987,16.832957837141937,77.1805600257483,-1.0,-1.0,-1.0,-1.0,2.7563806469177297
4H,NQ,both,fvg_none,CISD no FVG,6,3107,-0.31825575850245513,-1.0,2.344238941471524,15.835210814290313,80.27035725780496,-1.0,-1.0,-1.0,-1.0,2.951603156315889
4H,NQ,both,fvg_none,CISD no FVG,7,3107,-0.3226250003734385,-1.0,2.3960891456534195,14.998390730608305,82.42677824267783,-1.0,-1.0,-1.0,-1.0,2.990459251730926
4H,NQ,bullish,fvg_none,CISD no FVG,1,1535,-0.2474668036260334,-0.3524355300859599,1.0256366585801775,31.791530944625407,40.91205211726384,-1.0,-1.0,-0.3524355300859599,0.14018149563318777,1.2272579650565256
4H,NQ,bullish,fvg_none,CISD no FVG,2,1535,-0.33247006240420496,-1.0,1.3529892324202792,26.840390879478825,57.263843648208464,-1.0,-1.0,-1.0,0.05604632901452689,1.4951684657033473
4H,NQ,bullish,fvg_none,CISD no FVG,3,1535,-0.31745822384108263,-1.0,1.6647280235854114,23.973941368078176,65.60260586319218,-1.0,-1.0,-1.0,-0.0569719499831024,2.054057017543858
4H,NQ,bullish,fvg_none,CISD no FVG,4,1535,-0.274761097282489,-1.0,2.07901314899284,21.042345276872965,70.814332247557,-1.0,-1.0,-1.0,-0.26828129713062754,2.8318826173394407
4H,NQ,bullish,fvg_none,CISD no FVG,5,1535,-0.2705564943135145,-1.0,2.2306336827403093,19.804560260586317,75.11400651465799,-1.0,-1.0,-1.0,-1.0,2.844136369200636
4H,NQ,bullish,fvg_none,CISD no FVG,6,1535,-0.2923358404525771,-1.0,2.230075157708662,18.241042345276874,78.37133550488599,-1.0,-1.0,-1.0,-1.0,2.971268954509173
4H,NQ,bullish,fvg_none,CISD no FVG,7,1535,-0.3002897563795576,-1.0,2.2391287047789272,17.52442996742671,80.6514657980456,-1.0,-1.0,-1.0,-1.0,3.00258064516129
4H,NQ,bearish,fvg_none,CISD no FVG,1,1572,-0.3136126490169035,-0.5624705771584597,0.9235273260560194,27.989821882951656,43.57506361323155,-1.0,-1.0,-0.5624705771584597,0.0682866211522338,1.3050231432779293
4H,NQ,bearish,fvg_none,CISD no FVG,2,1572,-0.39580788502860675,-1.0,1.2656483578078148,20.229007633587788,62.59541984732825,-1.0,-1.0,-1.0,-0.19329739208297578,1.7688492186820097
4H,NQ,bearish,fvg_none,CISD no FVG,3,1572,-0.3689558064081822,-1.0,1.7238925990618998,18.25699745547074,70.73791348600508,-1.0,-1.0,-1.0,-0.3891678314159768,2.6088235294117634
4H,NQ,bearish,fvg_none,CISD no FVG,4,1572,-0.3587071603698899,-1.0,2.1308109441271386,15.267175572519085,75.63613231552164,-1.0,-1.0,-1.0,-1.0,2.476206904352531
4H,NQ,bearish,fvg_none,CISD no FVG,5,1572,-0.33611455044335126,-1.0,2.375015789963099,13.931297709923665,79.19847328244275,-1.0,-1.0,-1.0,-1.0,2.646441016333935
4H,NQ,bearish,fvg_none,CISD no FVG,6,1572,-0.3435656021453068,-1.0,2.4510362206636382,13.486005089058525,82.12468193384224,-1.0,-1.0,-1.0,-1.0,2.8957607588383425
4H,NQ,bearish,fvg_none,CISD no FVG,7,1572,-0.3444345420595753,-1.0,2.5405403136580764,12.53180661577608,84.16030534351145,-1.0,-1.0,-1.0,-1.0,2.938495083863491
4H,NQ,both,sweep,CISD w/ sweep,1,1396,0.007145361814322635,-0.14510392156862745,1.2712262960160325,41.69054441260745,30.444126074498566,-1.0,-1.0,-0.14510392156862745,0.35874633944486883,1.8591895210806386
4H,NQ,both,sweep,CISD w/ sweep,2,1396,0.03909780630965212,-0.4150645348366736,1.7555032995662117,36.10315186246418,45.63037249283667,-1.0,-1.0,-0.4150645348366736,0.32505035191005266,2.97354544028856
4H,NQ,both,sweep,CISD w/ sweep,3,1396,0.06143991896823556,-1.0,2.108405098391997,31.661891117478508,53.43839541547278,-1.0,-1.0,-1.0,0.2673029429923852,3.846103446198337
4H,NQ,both,sweep,CISD w/ sweep,4,1396,0.10696914708673627,-1.0,2.584451964702304,28.796561604584525,59.598853868194844,-1.0,-1.0,-1.0,0.21594438152105266,4.470483508245877
4H,NQ,both,sweep,CISD w/ sweep,5,1396,0.09234643397453413,-1.0,2.641462271892029,27.00573065902579,64.68481375358166,-1.0,-1.0,-1.0,0.16428672997674665,5.027045454545455
4H,NQ,both,sweep,CISD w/ sweep,6,1396,0.08293972983704878,-1.0,2.688537182059182,25.787965616045845,68.0515759312321,-1.0,-1.0,-1.0,0.06872468561523903,4.892209250112258
4H,NQ,both,sweep,CISD w/ sweep,7,1396,0.08363923863616655,-1.0,2.7913155035154187,24.856733524355302,70.63037249283668,-1.0,-1.0,-1.0,-0.010678210678210679,5.257142857142857
4H,NQ,bullish,sweep,CISD w/ sweep,1,621,0.052561913628953454,-0.08086253369272237,1.2763261132576564,44.12238325281804,27.214170692431562,-1.0,-1.0,-0.08086253369272237,0.3655793025871766,2.073469387755102
4H,NQ,bullish,sweep,CISD w/ sweep,2,621,0.07697715827970225,-0.21728187919463088,1.6885883771745325,41.86795491143317,41.22383252818035,-1.0,-1.0,-0.21728187919463088,0.42954545454545456,2.4774774774774775
4H,NQ,bullish,sweep,CISD w/ sweep,3,621,0.0876756841382722,-0.6055718475073314,1.9935169054451074,36.39291465378422,49.11433172302738,-1.0,-1.0,-0.6055718475073314,0.37986270022883295,3.2364341085271318
4H,NQ,bullish,sweep,CISD w/ sweep,4,621,0.14996868586241208,-1.0,2.369702475408716,33.49436392914654,55.23349436392915,-1.0,-1.0,-1.0,0.42919389978213507,4.155737704918033
4H,NQ,bullish,sweep,CISD w/ sweep,5,621,0.0846913526268891,-1.0,2.3206195978723216,31.239935587761675,60.7085346215781,-1.0,-1.0,-1.0,0.4170731707317073,4.433908045977011
4H,NQ,bullish,sweep,CISD w/ sweep,6,621,0.053396417541169354,-1.0,2.1705237956700825,29.951690821256037,64.4122383252818,-1.0,-1.0,-1.0,0.3817016317016317,4.552631578947368
4H,NQ,bullish,sweep,CISD w/ sweep,7,621,0.0696070815069619,-1.0,2.2602969646646884,29.307568438003223,66.50563607085346,-1.0,-1.0,-1.0,0.394,4.479508196721311
4H,NQ,bearish,sweep,CISD w/ sweep,1,775,-0.029246481639723477,-0.1891891891891892,1.266773893567524,39.74193548387097,33.03225806451613,-1.0,-1.0,-0.1891891891891892,0.35266106442577033,1.744755244755242
4H,NQ,bearish,sweep,CISD w/ sweep,2,775,0.008745448150424839,-0.7590361445783133,1.8078459319041305,31.483870967741932,49.16129032258065,-1.0,-1.0,-0.7590361445783133,0.2116324778337208,3.330966531122927
4H,NQ,bearish,sweep,CISD w/ sweep,3,775,0.04041745423198685,-1.0,2.197184035047093,27.87096774193548,56.903225806451616,-1.0,-1.0,-1.0,0.13731593533126002,4.088151695373438
4H,NQ,bearish,sweep,CISD w/ sweep,4,775,0.07251403279035604,-1.0,2.7454636867974838,25.032258064516128,63.09677419354839,-1.0,-1.0,-1.0,-0.0011408267160874603,4.949886014471204
4H,NQ,bearish,sweep,CISD w/ sweep,5,775,0.0984803765769697,-1.0,2.8742888672634375,23.612903225806452,67.87096774193549,-1.0,-1.0,-1.0,-0.08238020312058922,5.435027070652722
4H,NQ,bearish,sweep,CISD w/ sweep,6,775,0.10661250007671477,-1.0,3.041801784675847,22.451612903225808,70.96774193548387,-1.0,-1.0,-1.0,-0.2998446847676024,5.6543690476190465
4H,NQ,bearish,sweep,CISD w/ sweep,7,775,0.09488307034872923,-1.0,3.1543615271401757,21.29032258064516,73.93548387096774,-1.0,-1.0,-1.0,-0.5948761207893389,6.1740384615384585
4H,NQ,both,no_sweep,CISD no sweep,1,2775,0.08956362105966478,-0.163659793814433,1.7056226217027346,42.55855855855856,34.126126126126124,-1.0,-1.0,-0.163659793814433,0.43439012848979,2.3898913043478256
4H,NQ,both,no_sweep,CISD no sweep,2,2775,0.11488948690608204,-0.5759233926128591,2.1266309808042396,36.108108108108105,48.3963963963964,-1.0,-1.0,-0.5759233926128591,0.48136799936538155,3.2622458001768293
4H,NQ,both,no_sweep,CISD no sweep,3,2775,0.12476447912789104,-1.0,2.377401596223924,33.22522522522522,55.89189189189189,-1.0,-1.0,-1.0,0.4276759800736409,3.8896358764186543
4H,NQ,both,no_sweep,CISD no sweep,4,2775,0.13471579275829337,-1.0,2.7105220218437673,29.2972972972973,61.009009009009006,-1.0,-1.0,-1.0,0.2807665282657298,4.481226903178121
4H,NQ,both,no_sweep,CISD no sweep,5,2775,0.14929000544044177,-1.0,2.8935740679499893,27.855855855855854,64.7927927927928,-1.0,-1.0,-1.0,0.2504274313860143,4.49271980645571
4H,NQ,both,no_sweep,CISD no sweep,6,2775,0.14531762978131127,-1.0,3.104115887157223,26.16216216216216,68.32432432432432,-1.0,-1.0,-1.0,0.11264903602232369,4.6644494474007265
4H,NQ,both,no_sweep,CISD no sweep,7,2775,0.13369549603622724,-1.0,3.1840409305059225,24.324324324324326,71.02702702702702,-1.0,-1.0,-1.0,-0.0938621827934805,4.826750396735426
4H,NQ,bullish,no_sweep,CISD no sweep,1,1468,0.14862295587413657,-0.07422711968166514,1.9799480665830407,45.776566757493185,33.03814713896458,-1.0,-1.0,-0.07422711968166514,0.4646661665416354,2.302906314109868
4H,NQ,bullish,no_sweep,CISD no sweep,2,1468,0.20079293293566214,-0.3843766366217371,2.37578902151664,39.782016348773844,46.321525885558586,-1.0,-1.0,-0.3843766366217371,0.5358659314896019,3.2358877325764737
4H,NQ,bullish,no_sweep,CISD no sweep,3,1468,0.2145478125147547,-1.0,2.5942618467901033,36.78474114441417,53.81471389645777,-1.0,-1.0,-1.0,0.5611357609139127,3.9181444268170855
4H,NQ,bullish,no_sweep,CISD no sweep,4,1468,0.20673001278271474,-1.0,2.892339135995879,32.561307901907355,59.741144414168936,-1.0,-1.0,-1.0,0.4243350592668943,4.386724137931029
4H,NQ,bullish,no_sweep,CISD no sweep,5,1468,0.2181157931238239,-1.0,3.016538374850609,30.585831062670298,64.03269754768392,-1.0,-1.0,-1.0,0.4372406244774486,4.505209460749978
4H,NQ,bullish,no_sweep,CISD no sweep,6,1468,0.22105543022828616,-1.0,3.310364885328121,28.746594005449595,67.50681198910081,-1.0,-1.0,-1.0,0.26707811194653297,4.842883927541235
4H,NQ,bullish,no_sweep,CISD no sweep,7,1468,0.2206792657682155,-1.0,3.456018917058876,26.907356948228884,70.02724795640327,-1.0,-1.0,-1.0,0.28877079912000747,4.934454053642173
4H,NQ,bearish,no_sweep,CISD no sweep,1,1307,0.023229188383578632,-0.28307692307692306,1.329423582443855,38.94414690130069,35.34812547819433,-1.0,-1.0,-0.28307692307692306,0.3977332562768895,2.554444698354663
4H,NQ,bearish,no_sweep,CISD no sweep,2,1307,0.018404208580585762,-1.0,1.802304830774779,31.981637337413925,50.726855394032135,-1.0,-1.0,-1.0,0.37484304784562517,3.328150070788112
4H,NQ,bearish,no_sweep,CISD no sweep,3,1307,0.023921377818085475,-1.0,2.1038202825628214,29.227237949502676,58.22494261667942,-1.0,-1.0,-1.0,0.21136897767332552,3.79634914751668
4H,NQ,bearish,no_sweep,CISD no sweep,4,1307,0.05383065504149874,-1.0,2.489156558191092,25.63121652639633,62.433052792654934,-1.0,-1.0,-1.0,0.04223297176652453,4.510675625233297
4H,NQ,bearish,no_sweep,CISD no sweep,5,1307,0.07198606028420228,-1.0,2.7480091655657457,24.789594491201225,65.64651874521805,-1.0,-1.0,-1.0,-0.012848024650599758,4.379413882887376
4H,NQ,bearish,no_sweep,CISD no sweep,6,1307,0.060250230350432005,-1.0,2.853620520785674,23.259372609028308,69.24254016832441,-1.0,-1.0,-1.0,-0.23292062908787087,4.528770053475936
4H,NQ,bearish,no_sweep,CISD no sweep,7,1307,0.035996816643297784,-1.0,2.845916333085596,21.423106350420813,72.14996174445295,-1.0,-1.0,-1.0,-0.45653031755318485,4.527136514983355
4H,NQ,both,prev_swing,prev-bar swing,1,1616,0.062047796191787276,-0.1997794928335171,1.6364841689871152,40.222772277227726,34.96287128712871,-1.0,-1.0,-0.1997794928335171,0.39482885535517115,2.389772395681354
4H,NQ,both,prev_swing,prev-bar swing,2,1616,0.05736883014476827,-0.8240927774515561,2.1056084889562836,33.353960396039604,49.62871287128713,-1.0,-1.0,-0.8240927774515561,0.3699873158356913,3.069555035128806
4H,NQ,both,prev_swing,prev-bar swing,3,1616,0.08872155554309362,-1.0,2.364841573410279,31.806930693069308,55.816831683168324,-1.0,-1.0,-1.0,0.3940531852717709,3.694123546898035
4H,NQ,both,prev_swing,prev-bar swing,4,1616,0.13354958197755928,-1.0,2.823555829963992,28.465346534653463,61.757425742574256,-1.0,-1.0,-1.0,0.23914242475197578,4.48644438488854
4H,NQ,both,prev_swing,prev-bar swing,5,1616,0.1343987877563637,-1.0,2.997464916498195,26.423267326732674,67.32673267326733,-1.0,-1.0,-1.0,0.13061080795634572,4.749290444654683
4H,NQ,both,prev_swing,prev-bar swing,6,1616,0.1300066743426722,-1.0,3.1607876118538756,24.566831683168317,70.66831683168317,-1.0,-1.0,-1.0,-0.08611813305382576,5.0732323232323235
4H,NQ,both,prev_swing,prev-bar swing,7,1616,0.11792791661317341,-1.0,3.3078196777701896,23.51485148514851,73.14356435643565,-1.0,-1.0,-1.0,-0.391282646233542,5.166921768707484
4H,NQ,bullish,prev_swing,prev-bar swing,1,836,0.12126549564700922,-0.13632942870231007,1.8684801376561742,42.822966507177036,33.73205741626794,-1.0,-1.0,-0.13632942870231007,0.46481121319831,2.2684663536776215
4H,NQ,bullish,prev_swing,prev-bar swing,2,836,0.16042556835120428,-0.44938428285312026,2.3893288135530444,36.84210526315789,46.5311004784689,-1.0,-1.0,-0.44938428285312026,0.5165201399479681,3.0764565795303502
4H,NQ,bullish,prev_swing,prev-bar swing,3,836,0.2099637733950761,-1.0,2.6579429962962133,36.60287081339713,51.91387559808612,-1.0,-1.0,-1.0,0.605668249172781,3.6511248869460355
4H,NQ,bullish,prev_swing,prev-bar swing,4,836,0.2265607405240128,-1.0,3.0670050470968464,31.9377990430622,59.09090909090909,-1.0,-1.0,-1.0,0.44314560439560435,4.2853471295060075
4H,NQ,bullish,prev_swing,prev-bar swing,5,836,0.22686894392938134,-1.0,3.1750604578345953,29.784688995215312,65.311004784689,-1.0,-1.0,-1.0,0.4922689272404791,4.6129976580796255
4H,NQ,bullish,prev_swing,prev-bar swing,6,836,0.1944150712959188,-1.0,3.360421450924616,27.870813397129186,68.42105263157895,-1.0,-1.0,-1.0,0.39436031866908794,4.768010124610592
4H,NQ,bullish,prev_swing,prev-bar swing,7,836,0.21192597640099928,-1.0,3.569527188414345,26.794258373205743,70.33492822966507,-1.0,-1.0,-1.0,0.30735323582448404,4.975
4H,NQ,bearish,prev_swing,prev-bar swing,1,780,-0.001421430403809564,-0.25980986333927514,1.3424342812542973,37.43589743589744,36.28205128205128,-1.0,-1.0,-0.25980986333927514,0.35657294832826747,2.5369915447897613
4H,NQ,bearish,prev_swing,prev-bar swing,2,780,-0.053086853368796504,-1.0,1.7460474181348646,29.615384615384617,52.94871794871795,-1.0,-1.0,-1.0,0.19671361502347418,2.970851900393178
4H,NQ,bearish,prev_swing,prev-bar swing,3,780,-0.04122523179569784,-1.0,1.9972369078188221,26.666666666666668,60.0,-1.0,-1.0,-1.0,0.07079855487728914,3.6903775044106624
4H,NQ,bearish,prev_swing,prev-bar swing,4,780,0.033860699227770685,-1.0,2.5350196912877805,24.743589743589745,64.61538461538461,-1.0,-1.0,-1.0,-0.04835291485310694,4.667514124293785
4H,NQ,bearish,prev_swing,prev-bar swing,5,780,0.03528974857605255,-1.0,2.793260029370056,22.82051282051282,69.48717948717949,-1.0,-1.0,-1.0,-0.21967929223605914,4.897535714285694
4H,NQ,bearish,prev_swing,prev-bar swing,6,780,0.060974084787654044,-1.0,2.932360683292683,21.025641025641026,73.07692307692307,-1.0,-1.0,-1.0,-0.6038684944237918,5.6798075396825345
4H,NQ,bearish,prev_swing,prev-bar swing,7,780,0.017181278173913957,-1.0,3.0011385014660648,20.0,76.15384615384615,-1.0,-1.0,-1.0,-1.0,5.3131993543179945
4H,NQ,both,cisd_swing,CISD-bar swing,1,1305,0.4382982605825262,0.16071428571428573,1.1006598892125496,61.60919540229885,0.0,-0.6032795487340942,-0.17553191489361702,0.16071428571428573,0.6891304347826087,2.257997854440743
4H,NQ,both,cisd_swing,CISD-bar swing,2,1305,0.5092002633830981,0.09782608695652174,1.7959374783281166,55.019157088122604,19.00383141762452,-1.0,-0.4194139194139194,0.09782608695652174,0.8226744186046512,3.662015503875968
4H,NQ,both,cisd_swing,CISD-bar swing,3,1305,0.4688846189740155,-0.024444444444444446,2.018702131723306,48.81226053639847,31.03448275862069,-1.0,-1.0,-0.024444444444444446,0.7818181818181819,4.377758281364851
4H,NQ,both,cisd_swing,CISD-bar swing,4,1305,0.4770727269708249,-0.16802168021680217,2.3274331178954637,44.44444444444444,36.85823754789272,-1.0,-1.0,-0.16802168021680217,0.7599337748344371,4.6950764718206575
4H,NQ,both,cisd_swing,CISD-bar swing,5,1305,0.5162356864580556,-0.24236252545824846,2.5330875436407627,43.29501915708812,41.53256704980843,-1.0,-1.0,-0.24236252545824846,0.782608695652174,5.130696798493407
4H,NQ,both,cisd_swing,CISD-bar swing,6,1305,0.5211610999123799,-0.5902285263987391,2.7128020441465313,41.455938697318004,47.509578544061306,-1.0,-1.0,-0.5902285263987391,0.9725158562367865,5.284472273953859
4H,NQ,both,cisd_swing,CISD-bar swing,7,1305,0.5322594010493662,-1.0,2.872603143684967,38.39080459770115,52.10727969348659,-1.0,-1.0,-1.0,0.9423076923076923,5.921151293961512
4H,NQ,bullish,cisd_swing,CISD-bar swing,1,646,0.43931345692396634,0.19355964082028881,1.0087514568505587,65.01547987616098,0.0,-0.4510903824857313,-0.10800585284280936,0.19355964082028881,0.6307619243797491,2.2022556390977446
4H,NQ,bullish,cisd_swing,CISD-bar swing,2,646,0.48347111068233706,0.16469923460214725,1.6495401536628502,60.526315789473685,17.3374613003096,-1.0,-0.29695153725898904,0.16469923460214725,0.7958547135713404,3.2143438528987387
4H,NQ,bullish,cisd_swing,CISD-bar swing,3,646,0.39409206924095197,0.03800806926440354,1.765045687992745,51.547987616099064,30.340557275541798,-1.0,-1.0,0.03800806926440354,0.713850694325975,3.9135928961748636
4H,NQ,bullish,cisd_swing,CISD-bar swing,4,646,0.42556526522444704,-0.03328829062938517,2.0228398001232017,49.07120743034056,35.60371517027864,-1.0,-1.0,-0.03328829062938517,0.7391299635859199,4.327868852459016
4H,NQ,bullish,cisd_swing,CISD-bar swing,5,646,0.41701333000871765,-0.10613615210743252,2.1275490492984814,47.368421052631575,40.55727554179567,-1.0,-1.0,-0.10613615210743252,0.8182826184594655,4.149548622109598
4H,NQ,bullish,cisd_swing,CISD-bar swing,6,646,0.4441061478595187,-0.4335093848239404,2.3099745578322475,45.04643962848297,46.59442724458204,-1.0,-1.0,-0.4335093848239404,1.0654120272909429,4.562974565525472
4H,NQ,bullish,cisd_swing,CISD-bar swing,7,646,0.4397955642666773,-1.0,2.399326410261269,42.10526315789473,51.08359133126935,-1.0,-1.0,-1.0,1.0856409782256946,4.870474062581942
4H,NQ,bearish,cisd_swing,CISD-bar swing,1,659,0.4373030908760461,0.11070110701107011,1.1846238556170892,58.2701062215478,0.0,-0.6780411937788987,-0.23842478167737682,0.11070110701107011,0.7727272727272727,2.373551502145923
4H,NQ,bearish,cisd_swing,CISD-bar swing,2,659,0.5344218607195043,-0.002178649237472767,1.9296241629920519,49.6206373292868,20.637329286798177,-1.0,-0.5477495908346972,-0.002178649237472767,0.8581168831168831,4.1657474203269125
4H,NQ,bearish,cisd_swing,CISD-bar swing,3,659,0.5422017466334376,-0.06518518518518518,2.238590186256635,46.13050075872534,31.71471927162367,-1.0,-1.0,-0.06518518518518518,0.8667725404366626,5.018748674443273
4H,NQ,bearish,cisd_swing,CISD-bar swing,4,659,0.5275641082882152,-0.3103448275862069,2.5920849623720463,39.90895295902883,38.08801213960547,-1.0,-1.0,-0.3103448275862069,0.7630654789665143,5.5077591973244155
4H,NQ,bearish,cisd_swing,CISD-bar swing,5,659,0.6135006974842654,-0.39600665557404324,2.8739988637572975,39.30197268588771,42.4886191198786,-1.0,-1.0,-0.39600665557404324,0.7675051082288924,6.300946077807478
4H,NQ,bearish,cisd_swing,CISD-bar swing,6,659,0.5966959998003136,-0.7309417040358744,3.0565133908005078,37.93626707132019,48.406676783004556,-1.0,-1.0,-0.7309417040358744,0.8365422673516549,6.40541784469722
4H,NQ,bearish,cisd_swing,CISD-bar swing,7,659,0.6228992167726092,-1.0,3.2701000892620016,34.749620637329286,53.110773899848255,-1.0,-1.0,-1.0,0.7860402623428675,7.576092436974792
4H,NQ,both,smt,CISD w/ SMT,1,607,0.07898316891687719,-0.07407407407407407,1.3912222089342028,45.14003294892916,27.347611202635914,-1.0,-1.0,-0.07407407407407407,0.34392065291993673,2.0532843137254875
4H,NQ,both,smt,CISD w/ SMT,2,607,0.07265150297667951,-0.2718052738336714,1.7037458242501744,39.373970345963755,40.691927512355846,-1.0,-1.0,-0.2718052738336714,0.3714044485850705,2.7992973671458548
4H,NQ,both,smt,CISD w/ SMT,3,607,0.02447903245345992,-0.8115942028985508,1.7990253068436124,35.749588138385505,49.42339373970346,-1.0,-1.0,-0.8115942028985508,0.3678434221146086,3.2235094682874377
4H,NQ,both,smt,CISD w/ SMT,4,607,0.06669496319456235,-1.0,2.3188183895603425,30.971993410214164,56.34266886326195,-1.0,-1.0,-1.0,0.25049518382851715,4.139683060109286
4H,NQ,both,smt,CISD w/ SMT,5,607,0.06461028605407924,-1.0,2.348998205138574,28.00658978583196,62.27347611202636,-1.0,-1.0,-1.0,0.3001376915708812,4.458462703521388
4H,NQ,both,smt,CISD w/ SMT,6,607,0.08363380678848199,-1.0,2.527896264382966,26.523887973640857,66.72158154859967,-1.0,-1.0,-1.0,0.181643042290358,4.62584591610057
4H,NQ,both,smt,CISD w/ SMT,7,607,0.09064514764095828,-1.0,2.6145995797317507,25.04118616144975,69.35749588138385,-1.0,-1.0,-1.0,0.002663186486715898,5.136388022457891
4H,NQ,bullish,smt,CISD w/ SMT,1,292,0.07913960336194896,-0.03071694241374888,1.3337371703372332,47.6027397260274,24.315068493150687,-1.0,-0.9020120486380604,-0.03071694241374888,0.32248017918091776,1.3655745323039257
4H,NQ,bullish,smt,CISD w/ SMT,2,292,0.03640823948248143,-0.1457120582120582,1.3929358716460754,44.178082191780824,36.3013698630137,-1.0,-1.0,-0.1457120582120582,0.4716715082737182,2.054713297083539
4H,NQ,bullish,smt,CISD w/ SMT,3,292,-0.0332098452999726,-0.3988118495364615,1.4953453475041951,40.41095890410959,46.23287671232877,-1.0,-1.0,-0.3988118495364615,0.49737998705325204,2.042236936720997
4H,NQ,bullish,smt,CISD w/ SMT,4,292,-0.02866432122624245,-1.0,1.7845966000453666,34.58904109589041,53.76712328767124,-1.0,-1.0,-1.0,0.42116266275444714,3.0329579579579535
4H,NQ,bullish,smt,CISD w/ SMT,5,292,-0.02492197138896714,-1.0,2.0413387996313057,29.794520547945208,61.64383561643836,-1.0,-1.0,-1.0,0.3897051634586007,3.301528311649905
4H,NQ,bullish,smt,CISD w/ SMT,6,292,-0.02195933208263646,-1.0,2.184261753760954,28.424657534246577,66.0958904109589,-1.0,-1.0,-1.0,0.2271779679613781,3.686615065923907
4H,NQ,bullish,smt,CISD w/ SMT,7,292,-0.0280491677433173,-1.0,2.182408482372203,26.36986301369863,69.52054794520548,-1.0,-1.0,-1.0,0.2957529234346895,4.130385103681757
4H,NQ,bearish,smt,CISD w/ SMT,1,315,0.07883815666938213,-0.16493055555555555,1.4445877071560147,42.857142857142854,30.158730158730158,-1.0,-1.0,-0.16493055555555555,0.36741365461847386,2.3725
4H,NQ,bearish,smt,CISD w/ SMT,2,315,0.10624843294590446,-0.43956043956043955,1.9497742874848254,34.92063492063492,44.761904761904766,-1.0,-1.0,-0.43956043956043955,0.27972491684403045,3.3309665311229284
4H,NQ,bearish,smt,CISD w/ SMT,3,315,0.0779557064344196,-1.0,2.0415655221917883,31.428571428571427,52.38095238095239,-1.0,-1.0,-1.0,0.2504946524064171,3.881410010168343
4H,NQ,bearish,smt,CISD w/ SMT,4,315,0.15509150621321316,-1.0,2.7220049512106352,27.61904761904762,58.730158730158735,-1.0,-1.0,-1.0,0.12232241442767759,4.818418017361745
4H,NQ,bearish,smt,CISD w/ SMT,5,315,0.14760526755683975,-1.0,2.602458534160807,26.34920634920635,62.857142857142854,-1.0,-1.0,-1.0,0.08996663114310173,4.822500000000001
4H,NQ,bearish,smt,CISD w/ SMT,6,315,0.18151697044043938,-1.0,2.8091426137165705,24.761904761904763,67.3015873015873,-1.0,-1.0,-1.0,-0.027334639425319524,5.224441706453107
4H,NQ,bearish,smt,CISD w/ SMT,7,315,0.2006728939654296,-1.0,2.958719312462268,23.809523809523807,69.2063492063492,-1.0,-1.0,-1.0,-0.09887250563647068,5.760800669808985
4H,NQ,both,no_smt,CISD no SMT,1,3564,0.05908282547722215,-0.168025331080149,1.6031746264539433,41.778900112233444,33.83838383838384,-1.0,-1.0,-0.168025331080149,0.41860045500902177,2.256091344977034
4H,NQ,both,no_smt,CISD no SMT,2,3564,0.09239601612396393,-0.6244560015891074,2.058009809781786,35.549943883277216,48.62514029180696,-1.0,-1.0,-0.6244560015891074,0.4368050023462139,3.2729442970822262
4H,NQ,both,no_smt,CISD no SMT,3,3564,0.11704062395070267,-1.0,2.3643682283327667,32.18294051627385,56.03254769921436,-1.0,-1.0,-1.0,0.36331273199532094,4.030736636245109
4H,NQ,both,no_smt,CISD no SMT,4,3564,0.1354324948311584,-1.0,2.7239948056613255,28.815937149270482,61.25140291806959,-1.0,-1.0,-1.0,0.25905824205872185,4.514014092823679
4H,NQ,both,no_smt,CISD no SMT,5,3564,0.14140767207936292,-1.0,2.883051319699443,27.497194163860833,65.17957351290684,-1.0,-1.0,-1.0,0.20055285337220546,4.831113360323882
4H,NQ,both,no_smt,CISD no SMT,6,3564,0.13139016968996922,-1.0,3.040667980440635,25.95398428731762,68.49046015712682,-1.0,-1.0,-1.0,0.08428724053724054,4.816671459381736
4H,NQ,both,no_smt,CISD no SMT,7,3564,0.12142081201418557,-1.0,3.1275323972478435,24.410774410774412,71.15600448933782,-1.0,-1.0,-1.0,-0.08315164610032494,4.948222721731173
4H,NQ,bullish,no_smt,CISD no SMT,1,1797,0.12671713044247274,-0.0946372239747634,1.864974588062614,44.90818030050083,32.442960489705065,-1.0,-1.0,-0.0946372239747634,0.45901639344262296,2.294650543144085
4H,NQ,bullish,no_smt,CISD no SMT,2,1797,0.18471654697404707,-0.3831417624521073,2.2980416092016567,39.788536449638286,46.18809126321647,-1.0,-1.0,-0.3831417624521073,0.5043988269794721,3.245648604269287
4H,NQ,bullish,no_smt,CISD no SMT,3,1797,0.21096275094553088,-1.0,2.5500010189697275,36.060100166944906,53.42237061769616,-1.0,-1.0,-1.0,0.5114942528735632,4.039918425639792
4H,NQ,bullish,no_smt,CISD no SMT,4,1797,0.22536460460970834,-1.0,2.871835531209535,32.5542570951586,59.154145798553145,-1.0,-1.0,-1.0,0.4264705882352941,4.4632818981251
4H,NQ,bullish,no_smt,CISD no SMT,5,1797,0.2114994601739844,-1.0,2.934792047217818,30.94045631608236,63.272120200333895,-1.0,-1.0,-1.0,0.445859872611465,4.65851979345954
4H,NQ,bullish,no_smt,CISD no SMT,6,1797,0.20260471443312192,-1.0,3.131162888590429,29.215358931552586,66.66666666666666,-1.0,-1.0,-1.0,0.352,4.742848699763589
4H,NQ,bullish,no_smt,CISD no SMT,7,1797,0.2088889909541527,-1.0,3.278069012068313,27.824151363383415,68.89259877573734,-1.0,-1.0,-1.0,0.3022774327122153,4.903474550441926
4H,NQ,bearish,no_smt,CISD no SMT,1,1767,-0.009699769894908755,-0.254416961130742,1.2801759488953732,38.59649122807017,35.257498585172605,-1.0,-1.0,-0.254416961130742,0.3850451224752901,2.2236111111111034
4H,NQ,bearish,no_smt,CISD no SMT,2,1767,-0.001491926115764037,-1.0,1.7767828148888387,31.239388794567063,51.103565365025474,-1.0,-1.0,-1.0,0.27582440544031606,3.328150070788089
4H,NQ,bearish,no_smt,CISD no SMT,3,1767,0.02152389378108962,-1.0,2.1558136520205973,28.239954725523486,58.687040181097906,-1.0,-1.0,-1.0,0.17617585259414903,3.9031845866762485
4H,NQ,bearish,no_smt,CISD no SMT,4,1767,0.043973524105604206,-1.0,2.5624997300176555,25.014148273910582,63.38426711941143,-1.0,-1.0,-1.0,-0.0011408267160874603,4.581558585114215
4H,NQ,bearish,no_smt,CISD no SMT,5,1767,0.07012587060452709,-1.0,2.8285111782916577,23.995472552348613,67.11941143180532,-1.0,-1.0,-1.0,-0.06277560756765037,5.27878878028049
4H,NQ,bearish,no_smt,CISD no SMT,6,1767,0.05896654948428422,-1.0,2.9449076916689005,22.637238256932655,70.34521788341821,-1.0,-1.0,-1.0,-0.3046419616399101,5.012093485307953
4H,NQ,bearish,no_smt,CISD no SMT,7,1767,0.03246760456929544,-1.0,2.964900886768706,20.939445387662705,73.45783814374647,-1.0,-1.0,-1.0,-0.5513467413668712,5.0222240419259325
4H,ES,both,all_cisd,All CISDs,1,4147,0.022266448096899653,-0.1509433962264151,1.3502022942459235,41.28285507595852,33.37352302869544,-1.0,-1.0,-0.1509433962264151,0.4146270396270396,2.125
4H,ES,both,all_cisd,All CISDs,2,4147,0.042153366629231255,-0.5296610169491526,1.6811856198975115,36.339522546419104,47.28719556305763,-1.0,-1.0,-0.5296610169491526,0.4444444444444444,3.0709302325581396
4H,ES,both,all_cisd,All CISDs,3,4147,0.0185346575864456,-1.0,1.890225110029789,32.31251507113576,54.97950325536532,-1.0,-1.0,-1.0,0.3513874042982159,3.478473581213307
4H,ES,both,all_cisd,All CISDs,4,4147,0.022359048938121903,-1.0,2.1169962096138026,29.03303592958765,60.236315408729205,-1.0,-1.0,-1.0,0.2652288188002474,3.910677966101692
4H,ES,both,all_cisd,All CISDs,5,4147,0.03471935442719088,-1.0,2.274236014577575,27.89968652037618,64.60091632505426,-1.0,-1.0,-1.0,0.22386328487472934,4.201176470588229
4H,ES,both,all_cisd,All CISDs,6,4147,0.03593115809139929,-1.0,2.4066446318369925,26.067036411864,68.45912707981674,-1.0,-1.0,-1.0,0.14463682432432434,4.479729729729717
4H,ES,both,all_cisd,All CISDs,7,4147,0.04946835351633325,-1.0,2.5586422211573563,25.150711357607907,70.77405353267422,-1.0,-1.0,-1.0,0.020435573187866766,4.5311350225616085
4H,ES,bullish,all_cisd,All CISDs,1,2078,0.0453735677383869,-0.08502359994897309,1.1908666188796737,43.984600577478346,30.89509143407122,-1.0,-1.0,-0.08502359994897309,0.4593004769475358,2.058827493261454
4H,ES,bullish,all_cisd,All CISDs,2,2078,0.07691542728371506,-0.32120811287477957,1.546935645483543,40.567853705486044,44.32146294513956,-1.0,-1.0,-0.32120811287477957,0.5400207900207901,2.9196428571428523
4H,ES,bullish,all_cisd,All CISDs,3,2078,0.06304759858421297,-1.0,1.7568713963349853,36.14051973051011,52.06929740134745,-1.0,-1.0,-1.0,0.4934169278996865,3.3192765957446806
4H,ES,bullish,all_cisd,All CISDs,4,2078,0.06858401315609598,-1.0,2.0525959559353115,32.723772858517805,57.36284889316651,-1.0,-1.0,-1.0,0.43031358885017423,3.7213141025641026
4H,ES,bullish,all_cisd,All CISDs,5,2078,0.10164759649880191,-1.0,2.212118967116476,31.809432146294515,61.79018286814244,-1.0,-1.0,-1.0,0.44255904609034624,4.0862179487179455
4H,ES,bullish,all_cisd,All CISDs,6,2078,0.1059784027957935,-1.0,2.340215883667364,29.788257940327238,65.73628488931665,-1.0,-1.0,-1.0,0.4445087098530212,4.265476190476187
4H,ES,bullish,all_cisd,All CISDs,7,2078,0.13189253201116244,-1.0,2.4499251234741126,28.873917228103945,67.56496631376324,-1.0,-1.0,-1.0,0.484938330170778,4.604905335628225
4H,ES,bearish,all_cisd,All CISDs,1,2069,-0.000941185839789825,-0.25,1.4931501614575236,38.569357177380375,35.862735621072986,-1.0,-1.0,-0.25,0.36712328767123287,2.1940740740740727
4H,ES,bearish,all_cisd,All CISDs,2,2069,0.007240093531107851,-1.0,1.8057074241902495,32.09279845335911,50.26582890285162,-1.0,-1.0,-1.0,0.3173076923076923,3.157538461538461
4H,ES,bearish,all_cisd,All CISDs,3,2069,-0.026171911477527614,-1.0,2.01473535795533,28.467858869018848,57.90236829386177,-1.0,-1.0,-1.0,0.21818181818181817,3.5445378151260494
4H,ES,bearish,all_cisd,All CISDs,4,2069,-0.024066990522946294,-1.0,2.1792723598358523,25.32624456259062,63.122281295311744,-1.0,-1.0,-1.0,0.0425531914893617,4.409999999999995
4H,ES,bearish,all_cisd,All CISDs,5,2069,-0.03250002064521496,-1.0,2.3335639600176252,23.972933784436925,67.42387626872886,-1.0,-1.0,-1.0,-0.07079646017699115,4.427142857142857
4H,ES,bearish,all_cisd,All CISDs,6,2069,-0.034420787049118426,-1.0,2.470133056024783,22.329627839536005,71.19381343644272,-1.0,-1.0,-1.0,-0.3125,4.637970401691329
4H,ES,bearish,all_cisd,All CISDs,7,2069,-0.03331436417929514,-1.0,2.6613942732962124,21.41130981150314,73.99710004833253,-1.0,-1.0,-1.0,-0.6405529953917051,4.492078431372549
4H,ES,both,fvg_any,CISD w/ FVG (mid0|mid1),1,1071,0.9730264853927605,0.49056603773584906,1.8672431624958779,77.03081232492998,5.695611577964519,-1.0,0.0346832397754611,0.49056603773584906,1.3424632352941175,3.8497386759581884
4H,ES,both,fvg_any,CISD w/ FVG (mid0|mid1),2,1071,1.2812703607245461,0.6,2.3227784855860394,72.64239028944911,10.644257703081232,-1.0,-0.042068813084800705,0.6,1.912878787878788,5.842307692307692
4H,ES,both,fvg_any,CISD w/ FVG (mid0|mid1),3,1071,1.2662854706748485,0.4962962962962963,2.636776965919436,66.66666666666666,17.366946778711483,-1.0,-0.2710755813953488,0.4962962962962963,1.9193660745384884,6.122222222222222
4H,ES,both,fvg_any,CISD w/ FVG (mid0|mid1),4,1071,1.2778823449470098,0.3611111111111111,3.0107855097497933,60.317460317460316,23.71615312791783,-1.0,-0.6317053317053317,0.3611111111111111,1.9,7.125
4H,ES,both,fvg_any,CISD w/ FVG (mid0|mid1),5,1071,1.2880158376030082,0.33532934131736525,3.2241050310778587,58.07656395891691,29.038281979458453,-1.0,-1.0,0.33532934131736525,1.9160839160839163,7.611739130434783
4H,ES,both,fvg_any,CISD w/ FVG (mid0|mid1),6,1071,1.332652536172007,0.2869198312236287,3.474733037118269,54.808590102707754,34.08029878618114,-1.0,-1.0,0.2869198312236287,2.078577591519783,7.819875776397515
4H,ES,both,fvg_any,CISD w/ FVG (mid0|mid1),7,1071,1.3607446998601294,0.2,3.719458464260491,53.221288515406165,38.095238095238095,-1.0,-1.0,0.2,2.2449677419354837,7.808243727598566
4H,ES,bullish,fvg_any,CISD w/ FVG (mid0|mid1),1,584,0.8684948999122493,0.4648310591293047,1.4812583774698544,79.28082191780823,5.308219178082192,-1.0,0.0741636860929939,0.4648310591293047,1.2250654735923177,3.368750000000001
4H,ES,bullish,fvg_any,CISD w/ FVG (mid0|mid1),2,584,1.1776259152783295,0.6267520487215082,1.957257741984641,76.54109589041096,10.273972602739725,-1.0,0.04638414505587181,0.6267520487215082,1.7506443298969072,5.195000000000001
4H,ES,bullish,fvg_any,CISD w/ FVG (mid0|mid1),3,584,1.1724691905055615,0.5616672479944192,2.2130515446764507,71.4041095890411,17.123287671232877,-1.0,-0.12638241172551634,0.5616672479944192,1.9181541441815413,5.638736263736265
4H,ES,bullish,fvg_any,CISD w/ FVG (mid0|mid1),4,584,1.1631677134771332,0.42237986010817546,2.7317337708511875,63.869863013698634,23.972602739726025,-1.0,-0.605257116620753,0.42237986010817546,1.8251518218623481,6.274200426439234
4H,ES,bullish,fvg_any,CISD w/ FVG (mid0|mid1),5,584,1.1879494083905562,0.42848036715961246,2.8782952967679707,61.81506849315068,28.424657534246577,-1.0,-1.0,0.42848036715961246,1.954889112903226,6.0975
4H,ES,bullish,fvg_any,CISD w/ FVG (mid0|mid1),6,584,1.2459600454066622,0.3896001264422317,3.084178003970781,58.56164383561644,32.534246575342465,-1.0,-1.0,0.3896001264422317,2.180911680911681,6.6448156682027655
4H,ES,bullish,fvg_any,CISD w/ FVG (mid0|mid1),7,584,1.2963832912548494,0.3921749716636581,3.1898527622123813,57.02054794520548,35.78767123287671,-1.0,-1.0,0.3921749716636581,2.4301948051948052,6.8733333333333375
4H,ES,bearish,fvg_any,CISD w/ FVG (mid0|mid1),1,487,1.0983785304042972,0.5660377358490566,2.2394928701004364,74.33264887063655,6.160164271047227,-1.0,-0.003875968992248062,0.5660377358490566,1.5201288244766507,4.653650793650792
4H,ES,bearish,fvg_any,CISD w/ FVG (mid0|mid1),2,487,1.405558566352042,0.5982905982905983,2.693455091203506,67.96714579055441,11.088295687885012,-1.0,-0.13529411764705884,0.5982905982905983,2.1708333333333334,6.272456964006258
4H,ES,bearish,fvg_any,CISD w/ FVG (mid0|mid1),3,487,1.3787879503850404,0.3333333333333333,3.0673748482104735,60.98562628336756,17.659137577002053,-1.0,-0.3792042576764799,0.3333333333333333,1.931992337164751,7.371371291098634
4H,ES,bearish,fvg_any,CISD w/ FVG (mid0|mid1),4,487,1.4154456812476421,0.25,3.312249723652172,56.05749486652978,23.408624229979466,-1.0,-0.637536923426494,0.25,2.0324561403508774,8.392564655172409
4H,ES,bearish,fvg_any,CISD w/ FVG (mid0|mid1),5,487,1.408013362572355,0.20047732696897375,3.5946119780106254,53.59342915811089,29.774127310061605,-1.0,-1.0,0.20047732696897375,1.8230223123732252,8.225305895439377
4H,ES,bearish,fvg_any,CISD w/ FVG (mid0|mid1),6,487,1.4366123197591967,0.02,3.8925103179484943,50.308008213552355,35.93429158110883,-1.0,-1.0,0.02,2.018071643071643,8.51625
4H,ES,bearish,fvg_any,CISD w/ FVG (mid0|mid1),7,487,1.4379255266065027,-0.09292929292929293,4.270999546518498,48.6652977412731,40.86242299794661,-1.0,-1.0,-0.09292929292929293,1.8325809464508094,9.229057835820887
4H,ES,both,fvg_mid0,CISD-FVG mid0,1,586,0.4054632165987981,0.19660138248847925,0.9073212622991245,68.60068259385666,0.8532423208191127,-0.3193565049320181,-0.048138297872340426,0.19660138248847925,0.5812078019504876,1.7055384713947082
4H,ES,both,fvg_mid0,CISD-FVG mid0,2,586,0.4323046338419296,0.1644058049457055,1.2543945780022931,59.55631399317406,9.897610921501707,-1.0,-0.1885285334066401,0.1644058049457055,0.6955295950155763,2.611390063424947
4H,ES,both,fvg_mid0,CISD-FVG mid0,3,586,0.441167969612842,0.12460191082802548,1.5098030636767632,56.484641638225256,16.89419795221843,-1.0,-0.3715911015752922,0.12460191082802548,0.8209818636647905,3.195938215102975
4H,ES,both,fvg_mid0,CISD-FVG mid0,4,586,0.4678901572623683,0.06282664703717336,1.791567684260947,52.901023890784984,21.501706484641637,-1.0,-0.5867690726359068,0.06282664703717336,0.7463636363636363,3.665660405485987
4H,ES,both,fvg_mid0,CISD-FVG mid0,5,586,0.4942936901368645,0.11679108514551553,1.880248803782349,52.901023890784984,26.96245733788396,-1.0,-1.0,0.11679108514551553,0.9102519648636154,4.175839642787809
4H,ES,both,fvg_mid0,CISD-FVG mid0,6,586,0.5473918751331743,0.06732036914963745,2.0661324006411195,51.19453924914675,32.081911262798634,-1.0,-1.0,0.06732036914963745,1.0246888528138527,4.490448504983389
4H,ES,both,fvg_mid0,CISD-FVG mid0,7,586,0.5694488894556629,0.03522978347326558,2.223721945261045,50.51194539249146,36.00682593856656,-1.0,-1.0,0.03522978347326558,1.112066741205814,4.235795454545454
4H,ES,bullish,fvg_mid0,CISD-FVG mid0,1,313,0.4342721576990331,0.21739130434782608,1.0043255172339955,71.8849840255591,1.2779552715654952,-0.2860696517412935,-0.015873015873015872,0.21739130434782608,0.5714285714285714,1.6528735632183904
4H,ES,bullish,fvg_mid0,CISD-FVG mid0,2,313,0.48426001435249694,0.20987654320987653,1.2811573501663147,64.85623003194888,10.543130990415335,-1.0,-0.08203125,0.20987654320987653,0.7647058823529411,2.4849230769230757
4H,ES,bullish,fvg_mid0,CISD-FVG mid0,3,313,0.5456250200616373,0.2627118644067797,1.6196563975169254,63.25878594249201,17.252396166134183,-1.0,-0.25609756097560976,0.2627118644067797,0.8811881188118812,3.0569930069930047
4H,ES,bullish,fvg_mid0,CISD-FVG mid0,4,313,0.5455525638152112,0.19852941176470587,1.8769550046633952,58.78594249201278,22.364217252396166,-1.0,-0.5254237288135594,0.19852941176470587,0.8653846153846154,3.5192307692307634
4H,ES,bullish,fvg_mid0,CISD-FVG mid0,5,313,0.610198739145544,0.21897810218978103,1.9295439803090673,58.78594249201278,26.198083067092654,-1.0,-1.0,0.21897810218978103,1.0588235294117647,4.263514851485148
4H,ES,bullish,fvg_mid0,CISD-FVG mid0,6,313,0.6805669079987547,0.2018348623853211,2.1776353810267612,55.91054313099042,30.35143769968051,-1.0,-1.0,0.2018348623853211,1.380952380952381,4.428239202657803
4H,ES,bullish,fvg_mid0,CISD-FVG mid0,7,313,0.689658390011736,0.15,2.20304662094559,54.632587859424916,34.504792332268366,-1.0,-1.0,0.15,1.4,4.309977827050996
4H,ES,bearish,fvg_mid0,CISD-FVG mid0,1,273,0.37243318522746627,0.14285714285714285,0.781984821760007,64.83516483516483,0.3663003663003663,-0.34071424758447655,-0.08387096774193549,0.14285714285714285,0.6214953271028038,1.787368421052631
4H,ES,bearish,fvg_mid0,CISD-FVG mid0,2,273,0.3727367433664441,0.0962962962962963,1.2226142075866695,53.47985347985348,9.157509157509157,-1.0,-0.25384615384615383,0.0962962962962963,0.6233766233766234,2.8644514106583068
4H,ES,bearish,fvg_mid0,CISD-FVG mid0,3,273,0.32140585682722694,-0.03253588516746411,1.36623441416949,48.717948717948715,16.483516483516482,-1.0,-0.43859649122807015,-0.03253588516746411,0.63,3.3935242839352413
4H,ES,bearish,fvg_mid0,CISD-FVG mid0,4,273,0.37884864352229575,-0.05357142857142857,1.6873962892762007,46.15384615384615,20.51282051282051,-1.0,-0.6014492753623188,-0.05357142857142857,0.6617647058823529,3.9651509892398287
4H,ES,bearish,fvg_mid0,CISD-FVG mid0,5,273,0.36140621636500836,-0.08695652173913043,1.816515196498373,46.15384615384615,27.83882783882784,-1.0,-1.0,-0.08695652173913043,0.7789473684210526,3.437209302325579
4H,ES,bearish,fvg_mid0,CISD-FVG mid0,6,273,0.3947040169393037,-0.14556962025316456,1.9230209061736852,45.78754578754579,34.065934065934066,-1.0,-1.0,-0.14556962025316456,0.8068181818181818,4.4587499999999896
4H,ES,bearish,fvg_mid0,CISD-FVG mid0,7,273,0.4316262752650004,-0.20224719101123595,2.24330341780844,45.78754578754579,37.72893772893773,-1.0,-1.0,-0.20224719101123595,0.8769230769230769,3.957029177718833
4H,ES,both,fvg_mid1,CISD-FVG mid1,1,654,1.506014691484926,1.0,2.2045474060372,90.36697247706422,8.56269113149847,-1.0,0.4395746648173833,1.0,1.971619021440352,4.89779900332226
4H,ES,both,fvg_mid1,CISD-FVG mid1,2,654,2.0744229046456675,1.3653846153846154,2.60657799435229,91.43730886850153,8.56269113149847,-1.0,0.567523923444976,1.3653846153846154,2.830645161290323,7.118750000000003
4H,ES,both,fvg_mid1,CISD-FVG mid1,3,654,2.0420414274287553,1.221111111111111,3.0049294908282547,83.18042813455658,13.914373088685014,-1.0,0.3166802771265246,1.221111111111111,3.0597507331378297,7.678639846743296
4H,ES,both,fvg_mid1,CISD-FVG mid1,4,654,2.064808370864417,1.0233883058470765,3.4816785730123305,74.00611620795107,20.33639143730887,-1.0,-0.040671971706454466,1.0233883058470765,3.0701388888888888,9.088339920948616
4H,ES,both,fvg_mid1,CISD-FVG mid1,5,654,2.0773067480683105,1.0298474253019707,3.7397147704415303,70.48929663608563,24.617737003058103,-1.0,-0.6396952104499274,1.0298474253019707,3.0675057208237986,9.261639676113361
4H,ES,both,fvg_mid1,CISD-FVG mid1,6,654,2.133936033300265,0.9931972789115646,4.052633849931099,65.90214067278288,29.204892966360855,-1.0,-1.0,0.9931972789115646,3.2286324786324787,9.620813204508869
4H,ES,both,fvg_mid1,CISD-FVG mid1,7,654,2.172495887500837,0.9380679100908655,4.363291905993344,62.99694189602446,33.18042813455658,-1.0,-1.0,0.9380679100908655,3.355218525766471,10.084808612440193
4H,ES,bullish,fvg_mid1,CISD-FVG mid1,1,370,1.2857320470202807,0.9084928229665072,1.6965925600753613,91.08108108108108,7.297297297297297,-1.0,0.38582329317269076,0.9084928229665072,1.725,4.11948051948052
4H,ES,bullish,fvg_mid1,CISD-FVG mid1,2,370,1.828048833713082,1.2318900343642611,2.1444280515782568,92.7027027027027,7.297297297297297,-1.0,0.5016011271935442,1.2318900343642611,2.486111111111111,6.32439393939394
4H,ES,bullish,fvg_mid1,CISD-FVG mid1,3,370,1.7959657691509194,1.104341422808478,2.4659525212788482,84.5945945945946,13.513513513513514,-1.0,0.34325396825396826,1.104341422808478,2.743333333333333,6.4
4H,ES,bullish,fvg_mid1,CISD-FVG mid1,4,370,1.8039161445920675,0.9115384615384616,3.1292930143784554,74.5945945945946,20.27027027027027,-1.0,-0.05277430120984564,0.9115384615384616,2.8181592039800996,7.5170967741935515
4H,ES,bullish,fvg_mid1,CISD-FVG mid1,5,370,1.8067033857835053,0.8722743735678912,3.302523229291898,71.08108108108108,24.594594594594597,-1.0,-0.7382654750082753,0.8722743735678912,2.6713395638629285,8.200000000000005
4H,ES,bullish,fvg_mid1,CISD-FVG mid1,6,370,1.8658449202763923,1.1483516483516483,3.545999131719614,67.29729729729729,28.64864864864865,-1.0,-1.0,1.1483516483516483,2.9310897435897436,8.901707779886152
4H,ES,bullish,fvg_mid1,CISD-FVG mid1,7,370,1.941519863471064,1.0680039699202197,3.670551461947478,64.86486486486487,31.62162162162162,-1.0,-1.0,1.0680039699202197,3.156156901688183,8.207923076923077
4H,ES,bearish,fvg_mid1,CISD-FVG mid1,1,284,1.7930026437804143,1.234975369458128,2.7046060201775037,89.43661971830986,10.211267605633804,-1.0,0.5773115835307678,1.234975369458128,2.25,5.6597701149425275
4H,ES,bearish,fvg_mid1,CISD-FVG mid1,2,284,2.3954032083254444,1.6639118457300275,3.0819504326041183,89.7887323943662,10.211267605633804,-1.0,0.6495461060678452,1.6639118457300275,3.239180672268908,7.441034482758619
4H,ES,bearish,fvg_mid1,CISD-FVG mid1,3,284,2.3626329540583293,1.3198014018691588,3.567063477744681,81.33802816901408,14.43661971830986,-1.0,0.23845340122637787,1.3198014018691588,3.4412671232876715,8.967187499999993
4H,ES,bearish,fvg_mid1,CISD-FVG mid1,4,284,2.404703172698112,1.1571680376028202,3.8726661575910892,73.23943661971832,20.422535211267608,-1.0,-0.036545829649277925,1.1571680376028202,3.4111253196930944,9.697413793103438
4H,ES,bearish,fvg_mid1,CISD-FVG mid1,5,284,2.4298533820309087,1.1549947145877377,4.22242057309077,69.71830985915493,24.647887323943664,-1.0,-0.5530397022332506,1.1549947145877377,3.483481262327416,10.864130434782608
4H,ES,bearish,fvg_mid1,CISD-FVG mid1,6,284,2.4832096664651697,0.9363908432216739,4.613577680105251,64.08450704225352,29.929577464788732,-1.0,-1.0,0.9363908432216739,3.776570048309179,10.549999999999992
4H,ES,bearish,fvg_mid1,CISD-FVG mid1,7,284,2.47341535542695,0.7759350030215537,5.118747604433092,60.56338028169014,35.2112676056338,-1.0,-1.0,0.7759350030215537,3.7435344827586206,12.087202380952379
4H,ES,both,fvg_none,CISD no FVG,1,3076,-0.30876866241801154,-0.4711431742508324,0.9057153697368765,28.836150845253577,43.01040312093628,-1.0,-1.0,-0.4711431742508324,0.094319594034797,1.15311004784689
4H,ES,both,fvg_none,CISD no FVG,2,3076,-0.3892817116139684,-1.0,1.101106842593259,23.69960988296489,60.045513654096226,-1.0,-1.0,-1.0,-0.04743303571428571,1.7568532818532818
4H,ES,both,fvg_none,CISD no FVG,3,3076,-0.41590653903828767,-1.0,1.2911453401674537,20.35110533159948,68.07542262678804,-1.0,-1.0,-1.0,-0.2608695652173913,1.97625
4H,ES,both,fvg_none,CISD no FVG,4,3076,-0.41478836654481666,-1.0,1.4656581296236728,18.14044213263979,72.9518855656697,-1.0,-1.0,-1.0,-0.5471294952427028,2.336956521739131
4H,ES,both,fvg_none,CISD no FVG,5,3076,-0.4016527305797338,-1.0,1.6183128234861912,17.392717815344604,76.98309492847855,-1.0,-1.0,-1.0,-1.0,2.5931818181818183
4H,ES,both,fvg_none,CISD no FVG,6,3076,-0.41556058310636756,-1.0,1.678805667198409,16.059817945383614,80.42912873862159,-1.0,-1.0,-1.0,-1.0,2.7057346723044398
4H,ES,both,fvg_none,CISD no FVG,7,3076,-0.4070911285819131,-1.0,1.7903922258214502,15.377113133940181,82.1521456436931,-1.0,-1.0,-1.0,-1.0,2.8722275795564127
4H,ES,bullish,fvg_none,CISD no FVG,1,1494,-0.2763820266321189,-0.3556372549019608,0.8645755520750011,30.187416331994644,40.896921017402946,-1.0,-1.0,-0.3556372549019608,0.11634615384615385,1.1930614406779647
4H,ES,bullish,fvg_none,CISD no FVG,2,1494,-0.3533489134049428,-1.0,1.083505368180288,26.506024096385545,57.63052208835341,-1.0,-1.0,-1.0,0.06440548780487805,1.601111111111111
4H,ES,bullish,fvg_none,CISD no FVG,3,1494,-0.37062188580806793,-1.0,1.3083765711453508,22.356091030789827,65.72958500669344,-1.0,-1.0,-1.0,-0.1204054054054054,2.122196016771486
4H,ES,bullish,fvg_none,CISD no FVG,4,1494,-0.3592853850952332,-1.0,1.51503811501222,20.548862115127175,70.41499330655957,-1.0,-1.0,-1.0,-0.3067705485693457,2.607912457912454
4H,ES,bullish,fvg_none,CISD no FVG,5,1494,-0.3229844370653109,-1.0,1.7118805299086837,20.080321285140563,74.8326639892905,-1.0,-1.0,-1.0,-0.7530940594059405,2.837923387096774
4H,ES,bullish,fvg_none,CISD no FVG,6,1494,-0.33963691131715645,-1.0,1.7881285936004985,18.54082998661312,78.714859437751,-1.0,-1.0,-1.0,-1.0,2.926027397260273
4H,ES,bullish,fvg_none,CISD no FVG,7,1494,-0.32330332033041265,-1.0,1.907580591079649,17.8714859437751,79.98661311914323,-1.0,-1.0,-1.0,-1.0,3.073437499999997
4H,ES,bearish,fvg_none,CISD no FVG,1,1582,-0.3393537659983679,-0.6363636363636364,0.9421717811115794,27.560050568900124,45.0063211125158,-1.0,-1.0,-0.6363636363636364,0.07844129554655871,1.0932291666666647
4H,ES,bearish,fvg_none,CISD no FVG,2,1582,-0.4232157195307094,-1.0,1.1167555220110088,21.04930467762326,62.32616940581542,-1.0,-1.0,-1.0,-0.1297696438665913,1.7914275956284145
4H,ES,bearish,fvg_none,CISD no FVG,3,1582,-0.4586721976514029,-1.0,1.2735945458084075,18.45764854614412,70.29077117572693,-1.0,-1.0,-1.0,-0.43082258129616424,1.8053447185325702
4H,ES,bearish,fvg_none,CISD no FVG,4,1582,-0.4672039507961932,-1.0,1.415930122413565,15.865992414664982,75.34766118836916,-1.0,-1.0,-1.0,-1.0,2.2101694915254226
4H,ES,bearish,fvg_none,CISD no FVG,5,1582,-0.47594503810852506,-1.0,1.5215016405489532,14.854614412136534,79.01390644753477,-1.0,-1.0,-1.0,-1.0,2.364478764478763
4H,ES,bearish,fvg_none,CISD no FVG,6,1582,-0.48726094066204473,-1.0,1.5657779876973799,13.716814159292035,82.0480404551201,-1.0,-1.0,-1.0,-1.0,2.4057775166470816
4H,ES,bearish,fvg_none,CISD no FVG,7,1582,-0.4862181737954036,-1.0,1.6689501284132007,13.02149178255373,84.19721871049305,-1.0,-1.0,-1.0,-1.0,2.444797755436046
4H,ES,both,sweep,CISD w/ sweep,1,1444,-0.030948860358789465,-0.16936114732724902,1.1184955183190335,39.40443213296399,31.71745152354571,-1.0,-1.0,-0.16936114732724902,0.37540584415584416,1.7777777777777777
4H,ES,both,sweep,CISD w/ sweep,2,1444,-0.003118085031603717,-0.4602472257339514,1.5519645010594034,36.21883656509695,45.98337950138504,-1.0,-1.0,-0.4602472257339514,0.39169254658385094,2.838709677419355
4H,ES,both,sweep,CISD w/ sweep,3,1444,-0.017215780999810314,-1.0,1.8003628933794373,31.786703601108034,54.70914127423823,-1.0,-1.0,-1.0,0.3265964673913043,3.403192848020432
4H,ES,both,sweep,CISD w/ sweep,4,1444,-0.039101469831569986,-1.0,1.9855500313845622,27.977839335180054,60.87257617728532,-1.0,-1.0,-1.0,0.19655172413793104,3.474686595949855
4H,ES,both,sweep,CISD w/ sweep,5,1444,-0.04286801387775608,-1.0,2.0784409719513404,25.96952908587258,65.4432132963989,-1.0,-1.0,-1.0,0.08596256684491979,3.927261904761901
4H,ES,both,sweep,CISD w/ sweep,6,1444,-0.02894871555597159,-1.0,2.1968592882480937,24.861495844875346,68.76731301939058,-1.0,-1.0,-1.0,-0.03148985745614035,4.098717948717946
4H,ES,both,sweep,CISD w/ sweep,7,1444,-0.008916476277455837,-1.0,2.361439043782076,24.238227146814403,71.19113573407202,-1.0,-1.0,-1.0,-0.15337215044029298,4.222284482758619
4H,ES,bullish,sweep,CISD w/ sweep,1,607,-0.014321511608233545,-0.08547008547008547,0.9826514866330532,41.84514003294893,28.500823723228997,-1.0,-1.0,-0.08547008547008547,0.41982864137086906,1.706249999999998
4H,ES,bullish,sweep,CISD w/ sweep,2,607,0.025217149892058525,-0.2601626016260163,1.3763044130776845,42.00988467874794,42.00988467874794,-1.0,-1.0,-0.2601626016260163,0.5521084337349398,2.386900780379039
4H,ES,bullish,sweep,CISD w/ sweep,3,607,-0.014019071905999967,-1.0,1.5896732015634825,36.40856672158155,51.894563426688634,-1.0,-1.0,-1.0,0.4105745584618824,3.0
4H,ES,bullish,sweep,CISD w/ sweep,4,607,-0.040719185662098735,-1.0,1.7867861486033687,31.630971993410213,57.66062602965404,-1.0,-1.0,-1.0,0.421935711762628,3.291337491337488
4H,ES,bullish,sweep,CISD w/ sweep,5,607,0.0013096259156427426,-1.0,1.9841740402674668,30.31301482701812,62.43822075782537,-1.0,-1.0,-1.0,0.3876201923076923,3.5658358258557654
4H,ES,bullish,sweep,CISD w/ sweep,6,607,0.04316627914292708,-1.0,2.1296422112684,29.818780889621088,65.7331136738056,-1.0,-1.0,-1.0,0.5414529914529914,3.6895161290322442
4H,ES,bullish,sweep,CISD w/ sweep,7,607,0.08302224878027462,-1.0,2.318460602703092,29.654036243822073,67.0510708401977,-1.0,-1.0,-1.0,0.5866850170494228,3.729891304347824
4H,ES,bearish,sweep,CISD w/ sweep,1,837,-0.0430071646498139,-0.2222222222222222,1.207925379123646,37.634408602150536,34.05017921146953,-1.0,-1.0,-0.2222222222222222,0.3541666666666667,1.8228571428571352
4H,ES,bearish,sweep,CISD w/ sweep,2,837,-0.023667054683530787,-0.7333333333333333,1.668332442065025,32.01911589008363,48.86499402628435,-1.0,-1.0,-0.7333333333333333,0.26605504587155965,3.2097402597402502
4H,ES,bearish,sweep,CISD w/ sweep,3,837,-0.019534063460912906,-1.0,1.9398230784478203,28.43488649940263,56.75029868578255,-1.0,-1.0,-1.0,0.22115384615384615,3.7061538461538444
4H,ES,bearish,sweep,CISD w/ sweep,4,837,-0.037928287622333516,-1.0,2.119112973557424,25.328554360812426,63.20191158900836,-1.0,-1.0,-1.0,0.04142011834319527,4.444625850340132
4H,ES,bearish,sweep,CISD w/ sweep,5,837,-0.0749060393910095,-1.0,2.1448186732337833,22.819593787335723,67.62246117084827,-1.0,-1.0,-1.0,-0.1111111111111111,4.425714285714285
4H,ES,bearish,sweep,CISD w/ sweep,6,837,-0.08124716451921112,-1.0,2.2441602453462455,21.26642771804062,70.96774193548387,-1.0,-1.0,-1.0,-0.3576388888888889,4.658181818181805
4H,ES,bearish,sweep,CISD w/ sweep,7,837,-0.07559127449733921,-1.0,2.391291528716606,20.31063321385902,74.19354838709677,-1.0,-1.0,-1.0,-0.7017543859649122,4.7790209790209754
4H,ES,both,no_sweep,CISD no sweep,1,2703,0.050695195936342884,-0.14814814814814814,1.4583835115852748,42.28634850166482,34.2582315945246,-1.0,-1.0,-0.14814814814814814,0.446031746031746,2.187268518518519
4H,ES,both,no_sweep,CISD no sweep,2,2703,0.06633833747578904,-0.5679012345679012,1.7461018445032592,36.40399556048835,47.983721790603035,-1.0,-1.0,-0.5679012345679012,0.4769541206457094,3.186936936936939
4H,ES,both,no_sweep,CISD no sweep,3,2703,0.03763330106352792,-1.0,1.9365793794276474,32.593414724380324,55.12393636699963,-1.0,-1.0,-1.0,0.3629990560275418,3.49848484848485
4H,ES,both,no_sweep,CISD no sweep,4,2703,0.05519256321982192,-1.0,2.1836272083365302,29.59674435812061,59.89641139474657,-1.0,-1.0,-1.0,0.3205914172376487,4.142352941176475
4H,ES,both,no_sweep,CISD no sweep,5,2703,0.07616817419498349,-1.0,2.371552600506976,28.930817610062892,64.15094339622641,-1.0,-1.0,-1.0,0.29840989399293283,4.287956989247314
4H,ES,both,no_sweep,CISD no sweep,6,2703,0.07059136436102693,-1.0,2.511252083572584,26.71106178320385,68.29448760636329,-1.0,-1.0,-1.0,0.20817239755063588,4.555555555555555
4H,ES,both,no_sweep,CISD no sweep,7,2703,0.08065876943280807,-1.0,2.657901786063576,25.638179800221977,70.55123936366999,-1.0,-1.0,-1.0,0.05368525002244366,4.646904761904765
4H,ES,bullish,no_sweep,CISD no sweep,1,1471,0.0700064114932466,-0.08333333333333333,1.2663390850622256,44.86743711760707,31.8830727396329,-1.0,-1.0,-0.08333333333333333,0.4679012345679012,2.1636904761904763
4H,ES,bullish,no_sweep,CISD no sweep,2,1471,0.0982484350177297,-0.359375,1.6120499001704802,39.97280761386811,45.27532290958531,-1.0,-1.0,-0.359375,0.536674347158218,3.2
4H,ES,bullish,no_sweep,CISD no sweep,3,1471,0.09484873317806698,-1.0,1.8209608190003044,36.02991162474507,52.1414004078858,-1.0,-1.0,-1.0,0.5379807692307692,3.5386473429951693
4H,ES,bullish,no_sweep,CISD no sweep,4,1471,0.113687372559661,-1.0,2.1516881503320744,33.17471108089735,57.23997280761387,-1.0,-1.0,-1.0,0.44901816654415627,4.060185185185185
4H,ES,bullish,no_sweep,CISD no sweep,5,1471,0.1430515041425664,-1.0,2.2989668488918062,32.426920462270566,61.522773623385454,-1.0,-1.0,-1.0,0.45491388044579534,4.211997670355271
4H,ES,bullish,no_sweep,CISD no sweep,6,1471,0.13189747761380158,-1.0,2.421993737738308,29.775662814411962,65.73759347382733,-1.0,-1.0,-1.0,0.39767441860465114,4.517441860465116
4H,ES,bullish,no_sweep,CISD no sweep,7,1471,0.15205858362309238,-1.0,2.5026482927770153,28.552005438477224,67.77702243371856,-1.0,-1.0,-1.0,0.40302522714583017,4.792800702370501
4H,ES,bearish,no_sweep,CISD no sweep,1,1232,0.027637729958903467,-0.2697505197505198,1.659063992250605,39.20454545454545,37.09415584415584,-1.0,-1.0,-0.2697505197505198,0.38940329218106995,2.2575000000000007
4H,ES,bearish,no_sweep,CISD no sweep,2,1232,0.028237888219137496,-1.0,1.8937386139583532,32.142857142857146,51.217532467532465,-1.0,-1.0,-1.0,0.3717619536688349,3.130434782608696
4H,ES,bearish,no_sweep,CISD no sweep,3,1232,-0.030681553352451738,-1.0,2.0648468184082787,28.490259740259738,58.685064935064936,-1.0,-1.0,-1.0,0.21433926897844424,3.452045454545455
4H,ES,bearish,no_sweep,CISD no sweep,4,1232,-0.014649859295521704,-1.0,2.2200179666133844,25.324675324675322,63.06818181818182,-1.0,-1.0,-1.0,0.04278445883441258,4.310784313725494
4H,ES,bearish,no_sweep,CISD no sweep,5,1232,-0.0036900874550931904,-1.0,2.4539632204679656,24.756493506493506,67.28896103896103,-1.0,-1.0,-1.0,-0.014015151515151515,4.394273199221292
4H,ES,bearish,no_sweep,CISD no sweep,6,1232,-0.0026077367711415046,-1.0,2.612944873876605,23.051948051948052,71.34740259740259,-1.0,-1.0,-1.0,-0.22972793629727936,4.6189491817398824
4H,ES,bearish,no_sweep,CISD no sweep,7,1232,-0.0045921450752343385,-1.0,2.830823419154422,22.15909090909091,73.86363636363636,-1.0,-1.0,-1.0,-0.6357336956521739,4.417422548706484
4H,ES,both,prev_swing,prev-bar swing,1,1526,0.018834424176398565,-0.18618697478991597,1.3906009331514115,39.64613368283093,35.4521625163827,-1.0,-1.0,-0.18618697478991597,0.40201342281879193,2.122159090909091
4H,ES,both,prev_swing,prev-bar swing,2,1526,0.024588546273035323,-0.6090579710144928,1.7207412447320714,35.19003931847969,48.68938401048493,-1.0,-1.0,-0.6090579710144928,0.42325862447813667,2.8982142857142854
4H,ES,both,prev_swing,prev-bar swing,3,1526,0.013270939237849916,-1.0,1.894359928355027,32.37221494102228,55.373525557011796,-1.0,-1.0,-1.0,0.32356815299053565,3.255357142857143
4H,ES,both,prev_swing,prev-bar swing,4,1526,-0.003083854977397167,-1.0,2.114551250766871,28.833551769331585,61.20576671035387,-1.0,-1.0,-1.0,0.24181818181818182,3.5182051282051283
4H,ES,both,prev_swing,prev-bar swing,5,1526,0.0024895786885102285,-1.0,2.294592677868438,26.86762778505898,66.44823066841415,-1.0,-1.0,-1.0,0.20474250043350095,3.9716145833333334
4H,ES,both,prev_swing,prev-bar swing,6,1526,0.016271202691509733,-1.0,2.4356800833807015,25.75360419397117,70.18348623853211,-1.0,-1.0,-1.0,0.09689336865634572,4.2809375
4H,ES,both,prev_swing,prev-bar swing,7,1526,0.03738431118974903,-1.0,2.61370004515732,24.246395806028833,72.34600262123197,-1.0,-1.0,-1.0,-0.1436856554564173,4.418682795698924
4H,ES,bullish,prev_swing,prev-bar swing,1,803,0.023618068145417014,-0.14814814814814814,1.2703495755526042,41.46948941469489,33.25031133250312,-1.0,-1.0,-0.14814814814814814,0.4420226678291195,2.0
4H,ES,bullish,prev_swing,prev-bar swing,2,803,0.025169383132079337,-0.3911290322580645,1.5077007625661987,39.22789539227895,45.45454545454545,-1.0,-1.0,-0.3911290322580645,0.4791304347826087,2.6013289036544847
4H,ES,bullish,prev_swing,prev-bar swing,3,803,0.02731430596685441,-1.0,1.691915464182936,36.239103362391035,52.054794520547944,-1.0,-1.0,-1.0,0.5015124016938899,2.9955223880597006
4H,ES,bullish,prev_swing,prev-bar swing,4,803,0.0034627253116432354,-1.0,1.9540242769712504,32.25404732254047,58.53051058530511,-1.0,-1.0,-1.0,0.3865858843537415,3.326213592233008
4H,ES,bullish,prev_swing,prev-bar swing,5,803,0.043693998767985506,-1.0,2.1140789515275866,30.386052303860524,63.8854296388543,-1.0,-1.0,-1.0,0.4164564943253468,3.7615686274509796
4H,ES,bullish,prev_swing,prev-bar swing,6,803,0.06035305225238517,-1.0,2.2820336483645702,29.514321295143215,67.37235367372354,-1.0,-1.0,-1.0,0.3931853443131639,4.1477922077922065
4H,ES,bullish,prev_swing,prev-bar swing,7,803,0.10674270506152002,-1.0,2.4519133387602134,28.019925280199253,68.99128268991282,-1.0,-1.0,-1.0,0.3943848160663947,4.450757575757574
4H,ES,bearish,prev_swing,prev-bar swing,1,723,0.01352146967138915,-0.2542372881355932,1.5138803363303204,37.6210235131397,37.89764868603043,-1.0,-1.0,-0.2542372881355932,0.3360502737680438,2.2649999999999997
4H,ES,bearish,prev_swing,prev-bar swing,2,723,0.023943439775369602,-1.0,1.9310745222749823,30.70539419087137,52.282157676348554,-1.0,-1.0,-1.0,0.285553772070626,3.494444444444443
4H,ES,bearish,prev_swing,prev-bar swing,3,723,-0.002326326990906106,-1.0,2.097516186195113,28.077455048409405,59.05947441217151,-1.0,-1.0,-1.0,0.20333620937589875,3.684999999999997
4H,ES,bearish,prev_swing,prev-bar swing,4,723,-0.010354814828157168,-1.0,2.280987267345051,25.03457814661134,64.17704011065007,-1.0,-1.0,-1.0,0.01020408163265306,4.320542986425329
4H,ES,bearish,prev_swing,prev-bar swing,5,723,-0.04327411332230396,-1.0,2.480416981898427,22.959889349930844,69.29460580912863,-1.0,-1.0,-1.0,-0.14941480468156254,4.486693711967539
4H,ES,bearish,prev_swing,prev-bar swing,6,723,-0.03268830657181394,-1.0,2.5964147383093668,21.57676348547718,73.30567081604426,-1.0,-1.0,-1.0,-0.5314111579934364,4.622620412844028
4H,ES,bearish,prev_swing,prev-bar swing,7,723,-0.03964859376050287,-1.0,2.7820774287877423,20.055325034578146,76.07192254495159,-1.0,-1.0,-1.0,-1.0,4.356766055045868
4H,ES,both,cisd_swing,CISD-bar swing,1,1301,0.4662211159406267,0.18085106382978725,1.3468232489443712,61.10684089162183,0.0,-0.6284153005464481,-0.1736842105263158,0.18085106382978725,0.7142857142857143,2.302325581395349
4H,ES,both,cisd_swing,CISD-bar swing,2,1301,0.49963544254637177,0.12643678160919541,1.7287012630023242,54.803996925441965,18.447348193697156,-1.0,-0.45161290322580644,0.12643678160919541,0.896774193548387,3.5344827586206895
4H,ES,both,cisd_swing,CISD-bar swing,3,1301,0.45954945812685755,-0.034482758620689655,2.0130431828145667,48.88547271329746,29.13143735588009,-1.0,-1.0,-0.034482758620689655,0.851063829787234,4.0
4H,ES,both,cisd_swing,CISD-bar swing,4,1301,0.47939867872335507,-0.1793478260869565,2.212922248085277,44.88854727132975,36.1260568793236,-1.0,-1.0,-0.1793478260869565,0.8837209302325582,4.609375
4H,ES,both,cisd_swing,CISD-bar swing,5,1301,0.48821680291983327,-0.25,2.3488281769596764,44.35049961568024,42.0445810914681,-1.0,-1.0,-0.25,1.0294117647058822,4.805555555555555
4H,ES,both,cisd_swing,CISD-bar swing,6,1301,0.5007022811073938,-0.6304347826086957,2.5495818748717753,40.81475787855496,48.270561106840894,-1.0,-1.0,-0.6304347826086957,1.1,5.0
4H,ES,both,cisd_swing,CISD-bar swing,7,1301,0.49694174004892233,-1.0,2.721761115090419,39.58493466564181,52.72867025365103,-1.0,-1.0,-1.0,1.0551724137931036,5.267857142857143
4H,ES,bullish,cisd_swing,CISD-bar swing,1,639,0.42919686845240074,0.18823529411764706,0.931207388554388,63.06729264475743,0.0,-0.4790591127500279,-0.1069047619047619,0.18823529411764706,0.6729235880398671,2.185416666666667
4H,ES,bullish,cisd_swing,CISD-bar swing,2,639,0.5229159306527469,0.19117647058823528,1.5469831323252652,59.154929577464785,16.901408450704224,-1.0,-0.3230291447682752,0.19117647058823528,0.907561590026045,3.537638256343527
4H,ES,bullish,cisd_swing,CISD-bar swing,3,639,0.47615068221590257,0.0707070707070707,1.7740846274701711,53.20813771517997,27.386541471048513,-1.0,-1.0,0.0707070707070707,0.8477541371158392,3.8101503759398496
4H,ES,bullish,cisd_swing,CISD-bar swing,4,639,0.47338628167808006,-0.05384615384615385,1.9496850223926425,48.6697965571205,33.80281690140845,-1.0,-1.0,-0.05384615384615385,0.9128658951667801,4.111428571428574
4H,ES,bullish,cisd_swing,CISD-bar swing,5,639,0.5044411591251303,-0.04838709677419355,2.161053489666799,49.13928012519562,40.21909233176839,-1.0,-1.0,-0.04838709677419355,1.033573806881243,4.2436188811188815
4H,ES,bullish,cisd_swing,CISD-bar swing,6,639,0.5353809892709084,-0.2922077922077922,2.3608253322932664,44.91392801251956,46.948356807511736,-1.0,-1.0,-0.2922077922077922,1.3302127659574468,4.75
4H,ES,bullish,cisd_swing,CISD-bar swing,7,639,0.5551965325860085,-1.0,2.5074598208336147,43.81846635367762,50.23474178403756,-1.0,-1.0,-1.0,1.4118668758404302,4.825408163265315
4H,ES,bearish,cisd_swing,CISD-bar swing,1,662,0.5019590225040351,0.1657088122605364,1.651639888400967,59.21450151057401,0.0,-0.6896318732525629,-0.20632440476190475,0.1657088122605364,0.7353238866396761,2.50883770076077
4H,ES,bearish,cisd_swing,CISD-bar swing,2,662,0.4771637931506411,0.01607142857142857,1.8885016387084148,50.60422960725075,19.939577039274926,-1.0,-0.5490686051794639,0.01607142857142857,0.8856712564543889,3.524999999999998
4H,ES,bearish,cisd_swing,CISD-bar swing,3,662,0.4435250137267067,-0.14282094594594594,2.22068175744963,44.71299093655589,30.815709969788518,-1.0,-1.0,-0.14282094594594594,0.854978354978355,4.373792270531381
4H,ES,bearish,cisd_swing,CISD-bar swing,4,662,0.4852021858410752,-0.3215824520172346,2.441718724267968,41.23867069486405,38.368580060422964,-1.0,-1.0,-0.3215824520172346,0.7635294117647058,5.362499999999983
4H,ES,bearish,cisd_swing,CISD-bar swing,5,662,0.4725561328062612,-0.4769287134931435,2.5183755205522558,39.72809667673716,43.80664652567976,-1.0,-1.0,-0.4769287134931435,1.022347122302158,5.461639030612235
4H,ES,bearish,cisd_swing,CISD-bar swing,6,662,0.4672284223211615,-0.8452803901079763,2.720760442103031,36.85800604229607,49.546827794561935,-1.0,-1.0,-0.8452803901079763,0.8852542372881356,5.108433283358321
4H,ES,bearish,cisd_swing,CISD-bar swing,7,662,0.4407109055607078,-1.0,2.9145118153285887,35.49848942598187,55.135951661631424,-1.0,-1.0,-1.0,0.7538311630791036,6.061094452773608
4H,ES,both,smt,CISD w/ SMT,1,593,0.11422171952710586,-0.08571428571428572,1.7209672566456666,44.68802698145025,27.82462057335582,-1.0,-1.0,-0.08571428571428572,0.4230769230769231,2.0114285714285707
4H,ES,both,smt,CISD w/ SMT,2,593,0.17498354963103285,-0.2621359223300971,1.9837331074855495,40.3035413153457,40.13490725126476,-1.0,-1.0,-0.2621359223300971,0.4759036144578313,3.156307692307692
4H,ES,both,smt,CISD w/ SMT,3,593,0.15324374222401943,-0.5922330097087378,2.057083478725533,37.60539629005059,47.5548060708263,-1.0,-1.0,-0.5922330097087378,0.5,3.4484507042253494
4H,ES,both,smt,CISD w/ SMT,4,593,0.15005479803359228,-1.0,2.2719099727920047,32.04047217537943,52.61382799325464,-1.0,-1.0,-1.0,0.45384615384615384,3.6771241830065344
4H,ES,both,smt,CISD w/ SMT,5,593,0.17789169176734518,-1.0,2.529073528984509,29.848229342327148,59.359190556492415,-1.0,-1.0,-1.0,0.390625,4.737606837606835
4H,ES,both,smt,CISD w/ SMT,6,593,0.16072824309102596,-1.0,2.5429902904437194,27.82462057335582,64.75548060708263,-1.0,-1.0,-1.0,0.4090909090909091,4.959999999999996
4H,ES,both,smt,CISD w/ SMT,7,593,0.17344705622572978,-1.0,2.7045223133399743,26.981450252951095,67.45362563237775,-1.0,-1.0,-1.0,0.23316062176165803,5.228831814415902
4H,ES,bullish,smt,CISD w/ SMT,1,281,0.07786237670013306,-0.05405405405405406,1.1312934952110263,46.619217081850536,24.91103202846975,-1.0,-0.8197424892703863,-0.05405405405405406,0.4,1.6057692307692308
4H,ES,bullish,smt,CISD w/ SMT,2,281,0.11970130259480163,-0.08076923076923077,1.3978267254266912,45.195729537366546,37.01067615658363,-1.0,-1.0,-0.08076923076923077,0.5764705882352941,2.95
4H,ES,bullish,smt,CISD w/ SMT,3,281,0.1204880030420769,-0.2777777777777778,1.5066452563388713,44.128113879003564,44.128113879003564,-1.0,-1.0,-0.2777777777777778,0.6040609137055838,3.0
4H,ES,bullish,smt,CISD w/ SMT,4,281,0.10226873185160705,-0.6952789699570815,1.8127729849563403,37.01067615658363,48.754448398576514,-1.0,-1.0,-0.6952789699570815,0.5384615384615384,3.2051282051282053
4H,ES,bullish,smt,CISD w/ SMT,5,281,0.1670693693424965,-1.0,2.060806789984566,35.231316725978644,56.22775800711744,-1.0,-1.0,-1.0,0.6619718309859155,4.465116279069767
4H,ES,bullish,smt,CISD w/ SMT,6,281,0.18920618137945597,-1.0,2.228884384362086,32.38434163701068,61.56583629893239,-1.0,-1.0,-1.0,0.6773255813953488,4.555555555555555
4H,ES,bullish,smt,CISD w/ SMT,7,281,0.19617320851868283,-1.0,2.2940498951877872,30.2491103202847,64.76868327402136,-1.0,-1.0,-1.0,0.6797385620915033,4.472222222222222
4H,ES,bearish,smt,CISD w/ SMT,1,312,0.14696843534242424,-0.13085585585585585,2.1173651234584097,42.94871794871795,30.448717948717945,-1.0,-1.0,-0.13085585585585585,0.4437966417910448,2.277127659574468
4H,ES,bearish,smt,CISD w/ SMT,2,312,0.22477300930148475,-0.3337751855779427,2.3929874485441798,35.8974358974359,42.94871794871795,-1.0,-1.0,-0.3337751855779427,0.4274553571428571,3.444999999999999
4H,ES,bearish,smt,CISD w/ SMT,3,312,0.18274490475647412,-1.0,2.451415568801705,31.73076923076923,50.641025641025635,-1.0,-1.0,-1.0,0.4134791813690897,4.18017902813299
4H,ES,bearish,smt,CISD w/ SMT,4,312,0.19309288969108543,-1.0,2.6196830570800027,27.564102564102566,56.08974358974359,-1.0,-1.0,-1.0,0.2800664451827242,5.10947916666666
4H,ES,bearish,smt,CISD w/ SMT,5,312,0.18763871933587883,-1.0,2.8899184990668094,25.0,62.17948717948718,-1.0,-1.0,-1.0,-0.03345352564102565,5.449999999999989
4H,ES,bearish,smt,CISD w/ SMT,6,312,0.1350798435427926,-1.0,2.79922650692455,23.717948717948715,67.62820512820514,-1.0,-1.0,-1.0,-0.14164402173913043,5.148017902813298
4H,ES,bearish,smt,CISD w/ SMT,7,312,0.1529789511157304,-1.0,3.0305661605232235,24.03846153846154,69.87179487179486,-1.0,-1.0,-1.0,-0.13738503344481603,5.642499999999999
4H,ES,both,no_smt,CISD no SMT,1,3554,0.006923320365297995,-0.16843041351711874,1.2775702132582871,40.71468767585819,34.29938097917839,-1.0,-1.0,-0.16843041351711874,0.41152623211446737,2.125
4H,ES,both,no_smt,CISD no SMT,2,3554,0.01999008623528968,-0.6170212765957447,1.624498221433541,35.67810917276309,48.48058525604952,-1.0,-1.0,-0.6170212765957447,0.439375,3.063958333333333
4H,ES,both,no_smt,CISD no SMT,3,3554,-0.003942125528377493,-1.0,1.8602902655705509,31.429375351716377,56.2183455261677,-1.0,-1.0,-1.0,0.32432432432432434,3.4773320287018916
4H,ES,both,no_smt,CISD no SMT,4,3554,0.0010524706562946848,-1.0,2.089610873631845,28.531232414181208,61.50815981992122,-1.0,-1.0,-1.0,0.23857992173389525,3.923076923076923
4H,ES,both,no_smt,CISD no SMT,5,3554,0.010830441640834243,-1.0,2.2283760836507303,27.574563871693865,65.47552054023636,-1.0,-1.0,-1.0,0.2003579952267303,4.110416666666665
4H,ES,both,no_smt,CISD no SMT,6,3554,0.015108234229615772,-1.0,2.3828743641151755,25.77377602701182,69.07709622960046,-1.0,-1.0,-1.0,0.09577525067253607,4.3169652855543115
4H,ES,both,no_smt,CISD no SMT,7,3554,0.02878198021676313,-1.0,2.533292326010387,24.845244794597637,71.32808103545301,-1.0,-1.0,-1.0,-0.04455128205128205,4.457773386034255
4H,ES,bullish,no_smt,CISD no SMT,1,1797,0.04029323645388458,-0.08837209302325581,1.2001371506749625,43.572621035058425,31.83082915971063,-1.0,-1.0,-0.08837209302325581,0.4691358024691358,2.0904761904761897
4H,ES,bullish,no_smt,CISD no SMT,2,1797,0.07022492591342273,-0.375,1.569224700197761,39.84418475236505,45.4646633277685,-1.0,-1.0,-0.375,0.5376344086021505,2.9028571428571404
4H,ES,bullish,no_smt,CISD no SMT,3,1797,0.0540655431291992,-1.0,1.7930507551509458,34.891485809682806,53.311074012242635,-1.0,-1.0,-1.0,0.48066298342541436,3.420602868012874
4H,ES,bullish,no_smt,CISD no SMT,4,1797,0.06331667539680906,-1.0,2.088016414020212,32.053422370617696,58.70895937673901,-1.0,-1.0,-1.0,0.4166666666666667,3.89578947368421
4H,ES,bullish,no_smt,CISD no SMT,5,1797,0.0914174806562431,-1.0,2.235222222962519,31.27434613244296,62.659988870339454,-1.0,-1.0,-1.0,0.42424242424242425,4.048575712143924
4H,ES,bullish,no_smt,CISD no SMT,6,1797,0.0929639310194946,-1.0,2.3574798955017986,29.382303839732888,66.38842515303284,-1.0,-1.0,-1.0,0.391812865497076,4.254836926478717
4H,ES,bullish,no_smt,CISD no SMT,7,1797,0.1218408513775435,-1.0,2.473865810292876,28.65887590428492,68.00222593210907,-1.0,-1.0,-1.0,0.4626865671641791,4.605737234652895
4H,ES,bearish,no_smt,CISD no SMT,1,1757,-0.027206297853933702,-0.28125,1.3516792783167608,37.79169038133182,36.824132043255545,-1.0,-1.0,-0.28125,0.35714285714285715,2.1818181818181817
4H,ES,bearish,no_smt,CISD no SMT,2,1757,-0.03138840374854931,-1.0,1.6780414359989209,31.417188389299945,51.565167899829255,-1.0,-1.0,-1.0,0.2857142857142857,3.1244082840236684
4H,ES,bearish,no_smt,CISD no SMT,3,1757,-0.06327040132670719,-1.0,1.9253388924241956,27.88844621513944,59.19180421172453,-1.0,-1.0,-1.0,0.18421052631578946,3.480011347977628
4H,ES,bearish,no_smt,CISD no SMT,4,1757,-0.06262924585975785,-1.0,2.089915782054678,24.928856004553214,64.37108708025042,-1.0,-1.0,-1.0,0.0,4.288333333333314
4H,ES,bearish,no_smt,CISD no SMT,5,1757,-0.07159124823434487,-1.0,2.2189615096673636,23.790552077404666,68.35515082527036,-1.0,-1.0,-1.0,-0.08196721311475409,4.27855072463767
4H,ES,bearish,no_smt,CISD no SMT,6,1757,-0.06451993146839916,-1.0,2.4066361108752146,22.083096186681843,71.82697780307342,-1.0,-1.0,-1.0,-0.3576388888888889,4.534640522875812
4H,ES,bearish,no_smt,CISD no SMT,7,1757,-0.06639547651398378,-1.0,2.5899101628084775,20.944792259533294,74.72965281730222,-1.0,-1.0,-1.0,-0.8090787716955942,4.4104410441044095
1H,NQ,both,all_cisd,All CISDs,1,15586,0.037360295632340605,-0.11796750481718486,1.507400219380801,44.36673938149621,29.828050814833823,-1.0,-1.0,-0.11796750481718486,0.47058823529411764,1.8785744771660267
1H,NQ,both,all_cisd,All CISDs,2,15586,0.05087083365398445,-0.37833874930649125,1.8019958352079593,39.561144616963944,43.397921211343515,-1.0,-1.0,-0.37833874930649125,0.5538254755996692,2.5969437378422864
1H,NQ,both,all_cisd,All CISDs,3,15586,0.05548975762456575,-1.0,2.09248360125094,36.56486590529963,51.373027075580644,-1.0,-1.0,-1.0,0.5575084001033859,3.0603354978354975
1H,NQ,both,all_cisd,All CISDs,4,15586,0.05948579247259899,-1.0,2.2659838510906765,33.510843064288466,57.18593609649686,-1.0,-1.0,-1.0,0.5147058823529411,3.4938152610441766
1H,NQ,both,all_cisd,All CISDs,5,15586,0.06744370937369117,-1.0,2.358642152054181,31.284486077248815,61.36276145258566,-1.0,-1.0,-1.0,0.45400432900432897,3.8404735581352494
1H,NQ,both,all_cisd,All CISDs,6,15586,0.06896719614887183,-1.0,2.551178407624213,29.237777492621586,64.63492878224048,-1.0,-1.0,-1.0,0.349695400548279,4.0896291208791204
1H,NQ,both,all_cisd,All CISDs,7,15586,0.0811865761038098,-1.0,2.680741196579418,27.67868600025664,66.99602207108943,-1.0,-1.0,-1.0,0.27384412500877214,4.338379879226809
1H,NQ,bullish,all_cisd,All CISDs,1,7803,0.05013495392568631,-0.06694560669456066,1.6470437165389487,46.55901576316801,28.681276432141484,-1.0,-1.0,-0.06694560669456066,0.48231122236128493,1.7792811296533975
1H,NQ,bullish,all_cisd,All CISDs,2,7803,0.07589655491799126,-0.24548192771084337,1.875692025884773,42.957836729463025,41.49686018198129,-1.0,-1.0,-0.24548192771084337,0.6136964886964886,2.466551724137931
1H,NQ,bullish,all_cisd,All CISDs,3,7803,0.10142241804619452,-0.6752577319587629,2.172981000241769,39.85646546200179,49.00679225938742,-1.0,-1.0,-0.6752577319587629,0.6461795812648392,2.913802024746905
1H,NQ,bullish,all_cisd,All CISDs,4,7803,0.10921693920157119,-1.0,2.3366372319648008,36.793540945790085,54.696911444316285,-1.0,-1.0,-1.0,0.644256120527307,3.381777625257374
1H,NQ,bullish,all_cisd,All CISDs,5,7803,0.11757041683907492,-1.0,2.3935535866557798,34.448289119569395,58.81071382801487,-1.0,-1.0,-1.0,0.6347680097680097,3.7767061759201472
1H,NQ,bullish,all_cisd,All CISDs,6,7803,0.11943580612764142,-1.0,2.5552399815444202,32.37216455209535,62.232474689222094,-1.0,-1.0,-1.0,0.5754009527845192,3.9836059366954406
1H,NQ,bullish,all_cisd,All CISDs,7,7803,0.1384237196310944,-1.0,2.6498403489740863,30.64206074586697,64.64180443419197,-1.0,-1.0,-1.0,0.5078658637188582,4.336829888360773
1H,NQ,bearish,all_cisd,All CISDs,1,7783,0.02455281025870876,-0.17073170731707318,1.3529929965329164,42.16882950019273,30.977772067326224,-1.0,-1.0,-0.17073170731707318,0.4538809144072302,2.0
1H,NQ,bearish,all_cisd,All CISDs,2,7783,0.02578080371398122,-0.5061728395061729,1.7247088293238988,36.155724013876394,45.30386740331492,-1.0,-1.0,-0.5061728395061729,0.4821200510855683,2.7134869617950264
1H,NQ,bearish,all_cisd,All CISDs,3,7783,0.009439063898500034,-1.0,2.0076285944809693,33.26480791468585,53.7453424129513,-1.0,-1.0,-1.0,0.42994098601575237,3.2286184210526296
1H,NQ,bearish,all_cisd,All CISDs,4,7783,0.009626851456773469,-1.0,2.1918827621190893,30.21970962353848,59.68135680328922,-1.0,-1.0,-1.0,0.3593045112781955,3.582894736842104
1H,NQ,bearish,all_cisd,All CISDs,5,7783,0.017188191147764223,-1.0,2.3221821456010825,28.112553000128486,63.92136708210202,-1.0,-1.0,-1.0,0.2472352034258563,3.905255705480591
1H,NQ,bearish,all_cisd,All CISDs,6,7783,0.018368896821576566,-1.0,2.5462599538816932,26.095335988693307,67.04355646922781,-1.0,-1.0,-1.0,0.12302224260490713,4.21770833333333
1H,NQ,bearish,all_cisd,All CISDs,7,7783,0.02380235010568547,-1.0,2.710324951515433,24.707696261081846,69.35628934858023,-1.0,-1.0,-1.0,-0.039736842105263154,4.334987137081955
1H,NQ,both,fvg_any,CISD w/ FVG (mid0|mid1),1,3721,0.9735244148546662,0.5942028985507246,2.264808820908774,82.50470303681806,3.4668099973125504,-0.39397590361445783,0.1532567049808429,0.5942028985507246,1.2413793103448276,3.4324324324324325
1H,NQ,both,fvg_any,CISD w/ FVG (mid0|mid1),2,3721,1.2700760008666552,0.7777777777777778,2.698254750955829,77.6672937382424,7.309862940069873,-1.0,0.07395498392282958,0.7777777777777778,1.735632183908046,4.84375
1H,NQ,both,fvg_any,CISD w/ FVG (mid0|mid1),3,3721,1.2634092385889362,0.6666666666666666,3.0560099035392505,72.45364149422198,13.087879602257457,-1.0,-0.09969325153374232,0.6666666666666666,1.789855072463768,5.27027027027027
1H,NQ,both,fvg_any,CISD w/ FVG (mid0|mid1),4,3721,1.2653836594408534,0.5906432748538012,3.308045010709183,66.94436979306639,19.403386186509003,-1.0,-0.3508771929824561,0.5906432748538012,1.853012048192771,5.87012987012987
1H,NQ,both,fvg_any,CISD w/ FVG (mid0|mid1),5,3721,1.2851040048880484,0.5229007633587787,3.444855233737204,62.913195377586675,25.12765385649019,-1.0,-1.0,0.5229007633587787,1.9382978723404256,6.293103448275862
1H,NQ,both,fvg_any,CISD w/ FVG (mid0|mid1),6,3721,1.3124904964307145,0.45384615384615384,3.8040273675167318,60.25262026337006,29.669443697930664,-1.0,-1.0,0.45384615384615384,1.9726027397260273,6.780821917808219
1H,NQ,both,fvg_any,CISD w/ FVG (mid0|mid1),7,3721,1.347684842190832,0.3813559322033898,3.957408700286197,57.350174684224676,33.270626175759205,-1.0,-1.0,0.3813559322033898,2.0398009950248754,7.223880597014926
1H,NQ,bullish,fvg_any,CISD w/ FVG (mid0|mid1),1,2002,0.9115933538746731,0.5856754217716366,2.482662106091004,84.21578421578421,3.296703296703297,-0.35799116337784853,0.1710729788388497,0.5856754217716366,1.1218523935644544,2.9984848484848428
1H,NQ,bullish,fvg_any,CISD w/ FVG (mid0|mid1),2,2002,1.1582797075647973,0.7696068491607525,2.751706686062941,80.11988011988012,7.392607392607392,-1.0,0.12907756433490394,0.7696068491607525,1.5968713704994193,4.192346256684489
1H,NQ,bullish,fvg_any,CISD w/ FVG (mid0|mid1),3,2002,1.2169155614781821,0.7246722713023653,3.084297008586526,74.57542457542458,13.086913086913087,-1.0,-0.007517482517482518,0.7246722713023653,1.7104831144465291,4.881693238042879
1H,NQ,bullish,fvg_any,CISD w/ FVG (mid0|mid1),4,2002,1.2208658864111557,0.6497078562968812,3.321704641289699,69.68031968031968,18.88111888111888,-1.0,-0.21882566585956414,0.6497078562968812,1.8197963264548846,5.34772727272727
1H,NQ,bullish,fvg_any,CISD w/ FVG (mid0|mid1),5,2002,1.2391928212102483,0.5996604414261459,3.4725733632291576,65.53446553446554,24.125874125874127,-1.0,-0.6835547003332239,0.5996604414261459,1.940985015966593,5.499193548387094
1H,NQ,bullish,fvg_any,CISD w/ FVG (mid0|mid1),6,2002,1.2619478148050125,0.5332412574929064,3.7502655690706783,62.23776223776224,28.97102897102897,-1.0,-1.0,0.5332412574929064,1.9618370759675108,6.202609427609423
1H,NQ,bullish,fvg_any,CISD w/ FVG (mid0|mid1),7,2002,1.3056890418086562,0.43236615283349494,3.8385825768183945,58.99100899100899,32.76723276723277,-1.0,-1.0,0.43236615283349494,2.132145732689211,6.8912427133015335
1H,NQ,bearish,fvg_any,CISD w/ FVG (mid0|mid1),1,1719,1.0456512235119941,0.6125,1.9794062397318342,80.51192553810354,3.664921465968586,-0.42598039215686273,0.13055778306170177,0.6125,1.4285714285714286,3.929803921568627
1H,NQ,bearish,fvg_any,CISD w/ FVG (mid0|mid1),2,1719,1.4002773849215244,0.7850953206239168,2.6294471183355115,74.8109365910413,7.213496218731821,-1.0,0.0,0.7850953206239168,1.903225806451613,5.4810361681329365
1H,NQ,bearish,fvg_any,CISD w/ FVG (mid0|mid1),3,1719,1.3175571976207747,0.62,3.0227267190393023,69.9825479930192,13.089005235602095,-1.0,-0.2,0.62,1.8608894924461041,5.784886363636361
1H,NQ,bearish,fvg_any,CISD w/ FVG (mid0|mid1),4,1719,1.317230420118838,0.5069444444444444,3.292271990729872,63.75799883653287,20.011634671320536,-1.0,-0.4647352688108236,0.5069444444444444,1.9153005464480874,6.650370370370366
1H,NQ,bearish,fvg_any,CISD w/ FVG (mid0|mid1),5,1719,1.3385735742440439,0.43956043956043955,3.412520414865831,59.860383944153575,26.294357184409538,-1.0,-1.0,0.43956043956043955,1.9353143497040475,7.457142857142846
1H,NQ,bearish,fvg_any,CISD w/ FVG (mid0|mid1),6,1719,1.3713540500169017,0.32682926829268294,3.865958675539833,57.940663176265275,30.482838859802207,-1.0,-1.0,0.32682926829268294,1.9900184217451784,7.596052631578935
1H,NQ,bearish,fvg_any,CISD w/ FVG (mid0|mid1),7,1719,1.3965944363532035,0.33,4.092030716517216,55.439208842350205,33.85689354275742,-1.0,-1.0,0.33,1.9494371426887487,8.247671169073115
1H,NQ,both,fvg_mid0,CISD-FVG mid0,1,1945,0.4874357666880215,0.26744186046511625,2.359104382727617,73.2133676092545,0.10282776349614395,-0.3095452649144764,-0.01904761904761905,0.26744186046511625,0.6259541984732825,1.627424749163879
1H,NQ,both,fvg_mid0,CISD-FVG mid0,2,1945,0.4896343243169652,0.21323529411764705,2.57134608222306,63.804627249357324,7.455012853470437,-1.0,-0.16877637130801687,0.21323529411764705,0.7766990291262136,2.158810641627543
1H,NQ,both,fvg_mid0,CISD-FVG mid0,3,1945,0.48938825840044814,0.18828451882845187,2.775298570963307,60.30848329048843,15.372750642673521,-1.0,-0.34957825679475163,0.18828451882845187,0.8133333333333334,2.5246777924653
1H,NQ,both,fvg_mid0,CISD-FVG mid0,4,1945,0.49923257224082546,0.15934065934065933,2.9391985842710766,56.45244215938303,21.491002570694086,-1.0,-0.5885416666666666,0.15934065934065933,0.8874172185430463,3.0416459541563103
1H,NQ,both,fvg_mid0,CISD-FVG mid0,5,1945,0.5176876924013618,0.1093167701863354,2.975906690436058,54.138817480719794,26.99228791773779,-1.0,-1.0,0.1093167701863354,0.9868913857677902,3.3551795496043817
1H,NQ,both,fvg_mid0,CISD-FVG mid0,6,1945,0.5461685669939563,0.09859154929577464,3.1908550976230368,52.236503856041125,31.77377892030848,-1.0,-1.0,0.09859154929577464,1.0047846889952152,3.6571330556236212
1H,NQ,both,fvg_mid0,CISD-FVG mid0,7,1945,0.5715909283866296,0.01498751040799334,3.2426636121625796,50.231362467866326,35.32133676092545,-1.0,-1.0,0.01498751040799334,1.069767441860465,4.177418267610381
1H,NQ,bullish,fvg_mid0,CISD-FVG mid0,1,1016,0.5408483772597673,0.2815533980582524,3.124885422637086,75.49212598425197,0.09842519685039369,-0.29551117487164,0.006464469719062895,0.2815533980582524,0.6170906718851925,1.4759726725335804
1H,NQ,bullish,fvg_mid0,CISD-FVG mid0,2,1016,0.5482268160118338,0.239010557714196,3.2832002754657608,67.2244094488189,8.169291338582676,-1.0,-0.1232311320754717,0.239010557714196,0.7714474845542807,2.1014227642276424
1H,NQ,bullish,fvg_mid0,CISD-FVG mid0,3,1016,0.5699427756063622,0.23608592826172645,3.4876660319916777,62.20472440944882,16.535433070866144,-1.0,-0.2671521035598705,0.23608592826172645,0.8288690476190476,2.4833153638814016
1H,NQ,bullish,fvg_mid0,CISD-FVG mid0,4,1016,0.5698814157373742,0.21854330646808376,3.653888564967724,59.055118110236215,22.539370078740156,-1.0,-0.5580314422419685,0.21854330646808376,0.9215037593984962,2.7839338839740075
1H,NQ,bullish,fvg_mid0,CISD-FVG mid0,5,1016,0.5833399782963178,0.16320640496572422,3.6438866597372535,57.28346456692913,26.77165354330709,-1.0,-1.0,0.16320640496572422,0.9905353445726116,3.1241860253808644
1H,NQ,bullish,fvg_mid0,CISD-FVG mid0,6,1016,0.6168396384607987,0.13886804381588533,3.8602154613548274,53.74015748031496,32.08661417322835,-1.0,-1.0,0.13886804381588533,1.04336917562724,3.6216160787530765
1H,NQ,bullish,fvg_mid0,CISD-FVG mid0,7,1016,0.642934022750805,0.07549463910688627,3.843068071766954,51.67322834645669,35.62992125984252,-1.0,-1.0,0.07549463910688627,1.1093141305630976,4.417767199017199
1H,NQ,bearish,fvg_mid0,CISD-FVG mid0,1,929,0.429021114006758,0.25757575757575757,0.9856923491345219,70.72120559741658,0.1076426264800861,-0.3196059782608695,-0.0521415270018622,0.25757575757575757,0.6373239436619719,1.7674065598779538
1H,NQ,bearish,fvg_mid0,CISD-FVG mid0,2,929,0.42555469938479457,0.19708029197080293,1.4327532627216923,60.06458557588805,6.673842841765339,-1.0,-0.22468354430379747,0.19708029197080293,0.7767513471901463,2.2395558223289247
1H,NQ,bearish,fvg_mid0,CISD-FVG mid0,3,929,0.4012898843625484,0.14035087719298245,1.6780664882241445,58.23466092572659,14.101184068891282,-1.0,-0.38746438746438744,0.14035087719298245,0.771689497716895,2.6476580760707873
1H,NQ,bearish,fvg_mid0,CISD-FVG mid0,4,929,0.42196752919185515,0.08,1.8662775784231196,53.60602798708288,20.344456404736274,-1.0,-0.6121212121212121,0.08,0.8490566037735849,3.162446936860439
1H,NQ,bearish,fvg_mid0,CISD-FVG mid0,5,929,0.4458871300017113,0.043233082706766915,2.0048048391117685,50.699677072120565,27.233584499461788,-1.0,-1.0,0.043233082706766915,0.9820359281437125,3.54306227106227
1H,NQ,bearish,fvg_mid0,CISD-FVG mid0,6,929,0.4688792143456121,0.03643410852713178,2.240290153181463,50.59203444564048,31.43164693218515,-1.0,-1.0,0.03643410852713178,0.9612903225806452,3.660647412289201
1H,NQ,bearish,fvg_mid0,CISD-FVG mid0,7,929,0.49356661851149286,-0.05473684210526316,2.4210297691832157,48.65446716899892,34.983853606027985,-1.0,-1.0,-0.05473684210526316,1.0459418070444104,4.063738920225623
1H,NQ,both,fvg_mid1,CISD-FVG mid1,1,2347,1.4438099026335356,0.9636363636363636,2.724743009301364,94.41840647635279,5.411163187047294,-1.0,0.5503158259063772,0.9636363636363636,1.75,4.478215850258858
1H,NQ,both,fvg_mid1,CISD-FVG mid1,2,2347,1.9926260979886872,1.3273809523809523,3.136893014016348,94.5888368129527,5.411163187047294,-1.0,0.7378748370273794,1.3273809523809523,2.4,6.038344827586206
1H,NQ,both,fvg_mid1,CISD-FVG mid1,3,2347,1.9968399087405135,1.2763157894736843,3.5863982083598644,87.64380059650618,8.564124414145718,-1.0,0.5229547050561798,1.2763157894736843,2.5524578136463685,6.608238456672964
1H,NQ,both,fvg_mid1,CISD-FVG mid1,4,2347,1.9973951118385072,1.2614107883817427,3.8937749260253467,80.27268853855986,14.529186195142735,-1.0,0.2742289044769961,1.2614107883817427,2.71773301177472,7.223076923076919
1H,NQ,both,fvg_mid1,CISD-FVG mid1,5,2347,2.0303663599816426,1.2402496099843994,4.053931363173801,74.90413293566255,19.94034938219003,-1.0,-0.0044554258950543785,1.2402496099843994,2.8935551713886167,7.781937319279914
1H,NQ,both,fvg_mid1,CISD-FVG mid1,6,2347,2.072394639914205,1.16,4.50768436738031,71.53813378781423,23.86024712398807,-1.0,-0.3900372054568003,1.16,2.9311660963411423,8.368971148611866
1H,NQ,both,fvg_mid1,CISD-FVG mid1,7,2347,2.118019511677758,1.0884955752212389,4.6850125385655605,67.87388155091605,27.439284192586282,-1.0,-1.0,1.0884955752212389,3.0219496145892086,9.154192409532214
1H,NQ,bullish,fvg_mid1,CISD-FVG mid1,1,1306,1.304148072806105,0.8853128736548426,2.984517365412291,94.8698315467075,4.977029096477795,-0.3297043010752688,0.5051173656691512,0.8853128736548426,1.4787443693693694,3.7598413631022325
1H,NQ,bullish,fvg_mid1,CISD-FVG mid1,2,1306,1.740960315282542,1.2217668488160291,3.21197043531464,95.02297090352221,4.977029096477795,0.06470903676181904,0.6783115735074119,1.2217668488160291,2.105287043340141,4.874431818181819
1H,NQ,bullish,fvg_mid1,CISD-FVG mid1,3,1306,1.8340340756843199,1.2122971285892634,3.597622767440649,88.59111791730476,7.8866768759571215,-1.0,0.49744105807935596,1.2122971285892634,2.372684272763106,5.98936170212766
1H,NQ,bullish,fvg_mid1,CISD-FVG mid1,4,1306,1.8336048562549205,1.2346236099230112,3.8828332083185733,81.69984686064319,13.32312404287902,-1.0,0.3077962577962578,1.2346236099230112,2.408793103448276,6.315520833333333
1H,NQ,bullish,fvg_mid1,CISD-FVG mid1,5,1306,1.8782805884881029,1.2292857142857143,4.058462449521688,76.33996937212864,18.98928024502297,-1.0,0.10880458990994481,1.2292857142857143,2.7377109317681585,6.584821428571429
1H,NQ,bullish,fvg_mid1,CISD-FVG mid1,6,1306,1.9149054462564858,1.142367951965475,4.390736164845559,73.20061255742726,22.817764165390507,-1.0,-0.22544198683606306,1.142367951965475,2.7995114181401672,7.311866767983789
1H,NQ,bullish,fvg_mid1,CISD-FVG mid1,7,1306,1.9767755717224524,1.1439844357976652,4.474984885369137,68.98928024502297,26.493108728943337,-1.0,-1.0,1.1439844357976652,2.8943170488534395,7.785303776683087
1H,NQ,bearish,fvg_mid1,CISD-FVG mid1,1,1041,1.6190244557119449,1.13,2.3484270249224255,93.85206532180595,5.95581171950048,-1.0,0.6164383561643836,1.13,2.0,4.837837837837838
1H,NQ,bearish,fvg_mid1,CISD-FVG mid1,2,1041,2.308356657272285,1.5311909262759924,3.0119978101805374,94.04418828049953,5.95581171950048,-1.0,0.8045112781954887,1.5311909262759924,2.8412698412698414,7.066666666666666
1H,NQ,bearish,fvg_mid1,CISD-FVG mid1,3,1041,2.201090070096314,1.4193548387096775,3.5634802946312285,86.45533141210375,9.414024975984631,-1.0,0.54421768707483,1.4193548387096775,2.9183168316831685,7.25
1H,NQ,bearish,fvg_mid1,CISD-FVG mid1,4,1041,2.202880293195053,1.3035714285714286,3.8995998293449117,78.48222862632085,16.042267050912585,-1.0,0.20813397129186603,1.3035714285714286,3.0454545454545454,8.64963503649635
1H,NQ,bearish,fvg_mid1,CISD-FVG mid1,5,1041,2.2211675295979374,1.2805755395683454,4.042097408858078,73.10278578290107,21.133525456292027,-1.0,-0.15384615384615385,1.2805755395683454,3.2017543859649122,9.28048780487805
1H,NQ,bearish,fvg_mid1,CISD-FVG mid1,6,1041,2.2699747426202386,1.1890359168241966,4.644820231761134,69.45244956772333,25.16810758885687,-1.0,-1.0,1.1890359168241966,3.225806451612903,9.773722627737227
1H,NQ,bearish,fvg_mid1,CISD-FVG mid1,7,1041,2.2952189214583814,1.032258064516129,4.932345348528737,66.4745437079731,28.62632084534102,-1.0,-1.0,1.032258064516129,3.232104121475054,10.3125
1H,NQ,both,fvg_none,CISD no FVG,1,11865,-0.2562315027348127,-0.382183908045977,1.0077277064788999,32.4062368310156,38.095238095238095,-1.0,-1.0,-0.382183908045977,0.1724137931034483,1.2
1H,NQ,both,fvg_none,CISD no FVG,2,11865,-0.3314858816598249,-1.0,1.1706234408162757,27.61061946902655,54.715549936788875,-1.0,-1.0,-1.0,0.09883720930232558,1.5649944258639903
1H,NQ,both,fvg_none,CISD no FVG,3,11865,-0.3233276371220354,-1.0,1.4907294555939938,25.309734513274336,63.37968815844922,-1.0,-1.0,-1.0,0.023333333333333334,1.97673114662181
1H,NQ,both,fvg_none,CISD no FVG,4,11865,-0.3186976009525064,-1.0,1.647641450280566,23.025705857564265,69.03497682258745,-1.0,-1.0,-1.0,-0.16296296296296298,2.4
1H,NQ,both,fvg_none,CISD no FVG,5,11865,-0.3144285164677689,-1.0,1.7251675424088464,21.3653603034134,72.72650653181627,-1.0,-1.0,-1.0,-0.40058479532163743,2.707888040712467
1H,NQ,both,fvg_none,CISD no FVG,6,11865,-0.32101596443677816,-1.0,1.8372307736005118,19.511167298777917,75.60050568900127,-1.0,-1.0,-1.0,-1.0,2.8632167832167816
1H,NQ,both,fvg_none,CISD no FVG,7,11865,-0.3160017971039281,-1.0,1.9669393561056605,18.373367045933417,77.57269279393174,-1.0,-1.0,-1.0,-1.0,3.021818181818179
1H,NQ,bullish,fvg_none,CISD no FVG,1,5801,-0.2471654626745329,-0.3382352941176471,1.0854104248708074,33.56317876228236,37.44182037579728,-1.0,-1.0,-0.3382352941176471,0.19767441860465115,1.1896551724137931
1H,NQ,bullish,fvg_none,CISD no FVG,2,5801,-0.29764784632298535,-1.0,1.255533340254845,30.132735735218063,53.26667815893812,-1.0,-1.0,-1.0,0.17761557177615572,1.5357142857142858
1H,NQ,bullish,fvg_none,CISD no FVG,3,5801,-0.28354866851661165,-1.0,1.5786121265927031,27.87450439579383,61.40320634373384,-1.0,-1.0,-1.0,0.15,1.9811320754716981
1H,NQ,bullish,fvg_none,CISD no FVG,4,5801,-0.2744274656102868,-1.0,1.721649632618601,25.44388898465782,67.05740389588001,-1.0,-1.0,-1.0,0.033707865168539325,2.482142857142857
1H,NQ,bullish,fvg_none,CISD no FVG,5,5801,-0.26951595681220747,-1.0,1.721118861807852,23.72004826754008,70.78089984485433,-1.0,-1.0,-1.0,-0.1223529411764706,2.7142857142857144
1H,NQ,bullish,fvg_none,CISD no FVG,6,5801,-0.27485983968723476,-1.0,1.8233644974101957,22.06516117910705,73.7114290639545,-1.0,-1.0,-1.0,-0.43575418994413406,2.9867256637168142
1H,NQ,bullish,fvg_none,CISD no FVG,7,5801,-0.2644146142767626,-1.0,1.9311268759456097,20.858472677124634,75.64213066712637,-1.0,-1.0,-1.0,-1.0,3.1164021164021163
1H,NQ,bearish,fvg_none,CISD no FVG,1,6064,-0.26490434217902165,-0.42054527449402734,0.927351800558957,31.299472295514512,38.72031662269129,-1.0,-1.0,-0.42054527449402734,0.15336475756813034,1.2101973684210514
1H,NQ,bearish,fvg_none,CISD no FVG,2,6064,-0.3638563372978537,-1.0,1.0822998774927857,25.19788918205805,56.10158311345646,-1.0,-1.0,-1.0,0.015150290885585003,1.5751082251082227
1H,NQ,bearish,fvg_none,CISD no FVG,3,6064,-0.36138136352046274,-1.0,1.4005846710296443,22.856200527704484,65.27044854881267,-1.0,-1.0,-1.0,-0.12712175428938433,1.971366459627329
1H,NQ,bearish,fvg_none,CISD no FVG,4,6064,-0.36104770898684274,-1.0,1.572565579846899,20.71240105540897,70.92678100263852,-1.0,-1.0,-1.0,-0.38120931825967797,2.3085666092449038
1H,NQ,bearish,fvg_none,CISD no FVG,5,6064,-0.35739318641531365,-1.0,1.7280814087934255,19.11279683377309,74.58773087071239,-1.0,-1.0,-1.0,-0.7641169724770642,2.6759615384615363
1H,NQ,bearish,fvg_none,CISD no FVG,6,6064,-0.36517026517426177,-1.0,1.849470844193159,17.067941952506597,77.40765171503958,-1.0,-1.0,-1.0,-1.0,2.728189823874754
1H,NQ,bearish,fvg_none,CISD no FVG,7,6064,-0.36535160706111597,-1.0,1.9995125382437196,15.996042216358838,79.41952506596306,-1.0,-1.0,-1.0,-1.0,2.7917695099818465
1H,NQ,both,sweep,CISD w/ sweep,1,4941,0.03236610663311558,-0.11194029850746269,1.331277399682131,44.50516089860352,27.808136004857314,-1.0,-1.0,-0.11194029850746269,0.4523809523809524,1.7901234567901234
1H,NQ,both,sweep,CISD w/ sweep,2,4941,0.0387070275748012,-0.3,1.5665175783448668,40.72050192268771,40.43715846994536,-1.0,-1.0,-0.3,0.509090909090909,2.4842105263157896
1H,NQ,both,sweep,CISD w/ sweep,3,4941,0.0344187982405857,-0.6759956942949408,1.8998806054896729,37.704918032786885,48.08743169398907,-1.0,-1.0,-0.6759956942949408,0.5347826086956522,2.7982456140350878
1H,NQ,both,sweep,CISD w/ sweep,4,4941,0.02957240729272756,-1.0,1.9836451795095378,35.05363286784052,53.51143493219996,-1.0,-1.0,-1.0,0.5180722891566265,3.0606060606060606
1H,NQ,both,sweep,CISD w/ sweep,5,4941,0.03453295366941157,-1.0,2.0655133541743296,33.697632058287795,57.296093908115765,-1.0,-1.0,-1.0,0.48175182481751827,3.4390243902439024
1H,NQ,both,sweep,CISD w/ sweep,6,4941,0.03553459170488798,-1.0,2.281290306528962,31.997571341833638,59.70451325642583,-1.0,-1.0,-1.0,0.4448315911730546,3.4782608695652173
1H,NQ,both,sweep,CISD w/ sweep,7,4941,0.04397062774551859,-1.0,2.389649296165049,30.84395871281117,61.910544424205625,-1.0,-1.0,-1.0,0.41216216216216217,3.621212121212121
1H,NQ,bullish,sweep,CISD w/ sweep,1,2169,0.040145377237563014,-0.048582995951417005,1.038858576950838,47.81005071461503,25.680036883356383,-1.0,-1.0,-0.048582995951417005,0.48034934497816595,1.6604195804195796
1H,NQ,bullish,sweep,CISD w/ sweep,2,2169,0.05311336580693495,-0.14107142857142857,1.3383770214214354,45.36652835408022,37.48271092669433,-1.0,-1.0,-0.14107142857142857,0.5806451612903226,2.1948682192162874
1H,NQ,bullish,sweep,CISD w/ sweep,3,2169,0.03883138506054536,-0.33192389006342493,1.4404867767767553,42.64638082065468,44.26002766251729,-1.0,-1.0,-0.33192389006342493,0.60546875,2.456836659275682
1H,NQ,bullish,sweep,CISD w/ sweep,4,2169,0.04671253226450138,-0.7922705314009661,1.5599708842911895,39.78792070078377,49.608114338404796,-1.0,-1.0,-0.7922705314009661,0.646551724137931,2.8740259740259724
1H,NQ,bullish,sweep,CISD w/ sweep,5,2169,0.06131526660818212,-1.0,1.7441957384433917,38.49700322729369,53.20424158598433,-1.0,-1.0,-1.0,0.6626506024096386,3.11260732831127
1H,NQ,bullish,sweep,CISD w/ sweep,6,2169,0.0314507881514431,-1.0,1.746963775690521,36.7911479944675,55.87828492392808,-1.0,-1.0,-1.0,0.6173913043478261,3.126610644257703
1H,NQ,bullish,sweep,CISD w/ sweep,7,2169,0.03857545733261311,-1.0,1.8198341955513813,35.45412632549562,58.36791147994468,-1.0,-1.0,-1.0,0.6576271186440678,3.487961058549293
1H,NQ,bearish,sweep,CISD w/ sweep,1,2772,0.026279079958856408,-0.1705357142857143,1.5215475308580988,41.91919191919192,29.473304473304474,-1.0,-1.0,-0.1705357142857143,0.4238072347073669,1.8837912087912085
1H,NQ,bearish,sweep,CISD w/ sweep,2,2772,0.027434535646410824,-0.42999027728206957,1.7242626095625848,37.085137085137085,42.74891774891775,-1.0,-1.0,-0.42999027728206957,0.42909280500521374,2.6634746835443024
1H,NQ,bearish,sweep,CISD w/ sweep,3,2772,0.030966092319773115,-1.0,2.193497727443808,33.83838383838384,51.082251082251084,-1.0,-1.0,-1.0,0.43898838102554255,3.095910698496903
1H,NQ,bearish,sweep,CISD w/ sweep,4,2772,0.016160815999878557,-1.0,2.2606391808804447,31.349206349206348,56.56565656565656,-1.0,-1.0,-1.0,0.3890117994100295,3.3461359584528307
1H,NQ,bearish,sweep,CISD w/ sweep,5,2772,0.013576663350438513,-1.0,2.2857444143176373,29.942279942279942,60.497835497835496,-1.0,-1.0,-1.0,0.29682419746302147,3.6754724208375795
1H,NQ,bearish,sweep,CISD w/ sweep,6,2772,0.03873003539443411,-1.0,2.624910824328979,28.246753246753247,62.698412698412696,-1.0,-1.0,-1.0,0.24647795883918716,3.8800063213228184
1H,NQ,bearish,sweep,CISD w/ sweep,7,2772,0.04819217342574659,-1.0,2.7548327681376588,27.236652236652237,64.68253968253968,-1.0,-1.0,-1.0,0.1879506641366224,3.954451792217748
1H,NQ,both,no_sweep,CISD no sweep,1,10645,0.039678406280078585,-0.11981566820276497,1.5825571397442664,44.30248943165805,30.76561766087365,-1.0,-1.0,-0.11981566820276497,0.4772727272727273,1.9061322370674876
1H,NQ,both,no_sweep,CISD no sweep,2,10645,0.0565168050806866,-0.42962962962962964,1.9014552181997006,39.023015500234855,44.77219351808361,-1.0,-1.0,-0.42962962962962964,0.5789473684210527,2.681454545454544
1H,NQ,both,no_sweep,CISD no sweep,3,10645,0.06527008738654277,-1.0,2.176113856197105,36.03569751056834,52.898074213245664,-1.0,-1.0,-1.0,0.5677966101694916,3.2121584699453516
1H,NQ,both,no_sweep,CISD no sweep,4,10645,0.073370436547164,-1.0,2.385668410436657,32.79473931423203,58.8914983560357,-1.0,-1.0,-1.0,0.5121951219512195,3.62470588235294
1H,NQ,both,no_sweep,CISD no sweep,5,10645,0.08271961768133283,-1.0,2.4829137601884828,30.164396430248942,63.25035227806482,-1.0,-1.0,-1.0,0.43243243243243246,4.027379525293688
1H,NQ,both,no_sweep,CISD no sweep,6,10645,0.0844853265911193,-1.0,2.667146208102114,27.956787224048853,66.92343823391263,-1.0,-1.0,-1.0,0.29081632653061223,4.404106009705113
1H,NQ,both,no_sweep,CISD no sweep,7,10645,0.0984607894282172,-1.0,2.8055502050146965,26.209488022545795,69.35650540159699,-1.0,-1.0,-1.0,0.14396887159533073,4.642226890756301
1H,NQ,bullish,no_sweep,CISD no sweep,1,5634,0.05398078137271141,-0.07651032901636545,1.8280821591412868,46.0773872914448,29.836705715299967,-1.0,-1.0,-0.07651032901636545,0.4837823466855725,1.8139987445072185
1H,NQ,bullish,no_sweep,CISD no sweep,2,5634,0.0846677187770401,-0.29881553125876087,2.045295746174983,42.030528931487396,43.04224352147675,-1.0,-1.0,-0.29881553125876087,0.6294685990338165,2.582407407407399
1H,NQ,bullish,no_sweep,CISD no sweep,3,5634,0.1255189658889125,-1.0,2.395683453817051,38.782392616258434,50.83422080227192,-1.0,-1.0,-1.0,0.6757202881152461,3.11497031382527
1H,NQ,bullish,no_sweep,CISD no sweep,4,5634,0.13328013739938882,-1.0,2.573622132766933,35.640752573659924,56.656017039403615,-1.0,-1.0,-1.0,0.6428571428571429,3.607600157109187
1H,NQ,bullish,no_sweep,CISD no sweep,5,5634,0.13922775103339624,-1.0,2.6004885459905474,32.88959886403976,60.96911608093717,-1.0,-1.0,-1.0,0.6270056497175142,4.007216494845349
1H,NQ,bullish,no_sweep,CISD no sweep,6,5634,0.1533086325370085,-1.0,2.8043954597850966,30.670926517571885,64.67873624423144,-1.0,-1.0,-1.0,0.5448074600831879,4.416000968288544
1H,NQ,bullish,no_sweep,CISD no sweep,7,5634,0.17686370559584516,-1.0,2.90609952263438,28.789492367767128,67.05715299964501,-1.0,-1.0,-1.0,0.4218773829495196,4.766892527762091
1H,NQ,bearish,no_sweep,CISD no sweep,1,5011,0.023597867211650442,-0.17073170731707318,1.2501878294056357,42.306924765515866,31.81001796048693,-1.0,-1.0,-0.17073170731707318,0.4695423623995053,2.055852544826818
1H,NQ,bearish,no_sweep,CISD no sweep,2,5011,0.024865987326694275,-0.5668016194331984,1.7251269933851723,35.64158850528836,46.717222111355014,-1.0,-1.0,-0.5668016194331984,0.507971566387408,2.737310606060606
1H,NQ,bearish,no_sweep,CISD no sweep,3,5011,-0.002469322208817668,-1.0,1.8971268184677241,32.94751546597485,55.218519257633204,-1.0,-1.0,-1.0,0.42857142857142855,3.291716527057572
1H,NQ,bearish,no_sweep,CISD no sweep,4,5011,0.006012373365875987,-1.0,2.1531252781672205,29.594891239273597,61.404909199760525,-1.0,-1.0,-1.0,0.32690166975881263,3.674558823529412
1H,NQ,bearish,no_sweep,CISD no sweep,5,5011,0.019186026919902902,-1.0,2.3423195415363165,27.100379165835164,65.81520654559968,-1.0,-1.0,-1.0,0.20635922023847075,4.03546277665996
1H,NQ,bearish,no_sweep,CISD no sweep,6,5011,0.007105461155250266,-1.0,2.5018842655240725,24.90520854120934,69.44721612452605,-1.0,-1.0,-1.0,-0.00141643059490085,4.401754385964912
1H,NQ,bearish,no_sweep,CISD no sweep,7,5011,0.010310314535298442,-1.0,2.685568952879103,23.30872081420874,71.94172819796448,-1.0,-1.0,-1.0,-0.23927696078431374,4.520609824957651
1H,NQ,both,prev_swing,prev-bar swing,1,6030,0.054072178770466536,-0.14285714285714285,1.4549916752651109,43.814262023217246,32.13930348258707,-1.0,-1.0,-0.14285714285714285,0.5,2.086123959296948
1H,NQ,both,prev_swing,prev-bar swing,2,6030,0.05602666038885757,-0.43513323983169705,1.727048382578015,38.623548922056386,44.80928689883914,-1.0,-1.0,-0.43513323983169705,0.5732630008525149,2.6750650665124356
1H,NQ,both,prev_swing,prev-bar swing,3,6030,0.0605871419869935,-1.0,2.053400275830647,35.72139303482587,52.60364842454395,-1.0,-1.0,-1.0,0.5584894710661581,3.145767195767197
1H,NQ,both,prev_swing,prev-bar swing,4,6030,0.055001373102226754,-1.0,2.181479344664083,32.63681592039801,58.573797678275284,-1.0,-1.0,-1.0,0.4980857036260593,3.5880047980807688
1H,NQ,both,prev_swing,prev-bar swing,5,6030,0.06630891771717316,-1.0,2.3203706581294594,30.23217247097844,63.084577114427866,-1.0,-1.0,-1.0,0.4106325622218043,4.055555555555555
1H,NQ,both,prev_swing,prev-bar swing,6,6030,0.06235770287975391,-1.0,2.547749669191822,28.22553897180763,66.35157545605307,-1.0,-1.0,-1.0,0.2800982358094761,4.132574012309597
1H,NQ,both,prev_swing,prev-bar swing,7,6030,0.07418080528995191,-1.0,2.684090540787632,26.533996683250415,68.50746268656717,-1.0,-1.0,-1.0,0.18859499431171786,4.38788888888889
1H,NQ,bullish,prev_swing,prev-bar swing,1,3065,0.03544478085431405,-0.08846153846153847,1.2322306071035947,45.61174551386623,31.125611745513865,-1.0,-1.0,-0.08846153846153847,0.5,1.869690860215052
1H,NQ,bullish,prev_swing,prev-bar swing,2,3065,0.05501321097256624,-0.30409356725146197,1.5145451143738553,41.435562805872756,42.80587275693312,-1.0,-1.0,-0.30409356725146197,0.6015037593984962,2.5562811565304044
1H,NQ,bullish,prev_swing,prev-bar swing,3,3065,0.07963434968686081,-1.0,1.7785565756550177,38.59706362153344,50.1468189233279,-1.0,-1.0,-1.0,0.6168831168831169,2.9557834290401956
1H,NQ,bullish,prev_swing,prev-bar swing,4,3065,0.07902419765828386,-1.0,1.9326486445115008,35.30179445350734,55.98694942903752,-1.0,-1.0,-1.0,0.6221198156682027,3.6085395805781175
1H,NQ,bullish,prev_swing,prev-bar swing,5,3065,0.09628986026810316,-1.0,2.1423657403204706,32.78955954323002,60.35889070146819,-1.0,-1.0,-1.0,0.5631067961165048,3.993999999999992
1H,NQ,bullish,prev_swing,prev-bar swing,6,3065,0.08538212742465401,-1.0,2.2551647799577124,30.864600326264274,64.11092985318108,-1.0,-1.0,-1.0,0.49262536873156343,4.043636363636349
1H,NQ,bullish,prev_swing,prev-bar swing,7,3065,0.10698015339678275,-1.0,2.3843275171646057,29.03752039151713,66.29690048939642,-1.0,-1.0,-1.0,0.4074074074074074,4.425112612612603
1H,NQ,bearish,prev_swing,prev-bar swing,1,2965,0.07332781944938976,-0.19298245614035087,1.6540223030780026,41.956155143338954,33.18718381112985,-1.0,-1.0,-0.19298245614035087,0.5,2.261689106487146
1H,NQ,bearish,prev_swing,prev-bar swing,2,2965,0.057074290223910834,-0.5913978494623656,1.9224437579659395,35.71669477234401,46.880269814502526,-1.0,-1.0,-0.5913978494623656,0.5263157894736842,2.7835487661574616
1H,NQ,bearish,prev_swing,prev-bar swing,3,2965,0.04089753267836169,-1.0,2.303439640316825,32.748735244519395,55.1433389544688,-1.0,-1.0,-1.0,0.4581005586592179,3.274053295932677
1H,NQ,bearish,prev_swing,prev-bar swing,4,2965,0.030168335239051377,-1.0,2.4119502250512603,29.881956155143342,61.24789207419899,-1.0,-1.0,-1.0,0.38235294117647056,3.566268140461679
1H,NQ,bearish,prev_swing,prev-bar swing,5,2965,0.03531681352877504,-1.0,2.4910312021850487,27.588532883642497,65.90219224283305,-1.0,-1.0,-1.0,0.22085889570552147,4.1194015895278016
1H,NQ,bearish,prev_swing,prev-bar swing,6,2965,0.03855673787802753,-1.0,2.8186476538854737,25.497470489038786,68.66779089376054,-1.0,-1.0,-1.0,0.05714285714285714,4.2822580645161175
1H,NQ,bearish,prev_swing,prev-bar swing,7,2965,0.040275239709028986,-1.0,2.9622784798464408,23.946037099494095,70.79258010118043,-1.0,-1.0,-1.0,-0.13636363636363635,4.356302521008402
1H,NQ,both,cisd_swing,CISD-bar swing,1,5002,0.37890767569674133,0.17614738202973498,0.9627788122503225,61.615353858456615,0.0,-0.6116911764705882,-0.18615597937141187,0.17614738202973498,0.6695580150726326,1.9605769230769194
1H,NQ,both,cisd_swing,CISD-bar swing,2,5002,0.4111388687016647,0.13760758998435055,1.487916539829556,56.13754498200719,19.11235505797681,-1.0,-0.49321262696824375,0.13760758998435055,0.8840579710144928,2.8663565891472857
1H,NQ,both,cisd_swing,CISD-bar swing,3,5002,0.42452507501073994,0.06039562289562289,1.7910831777514664,51.93922431027589,29.948020791683327,-1.0,-1.0,0.06039562289562289,0.946537456445993,3.6412804399057324
1H,NQ,both,cisd_swing,CISD-bar swing,4,5002,0.43212256222569495,-0.07623553668498628,2.0124273483047483,48.00079968012795,37.76489404238305,-1.0,-1.0,-0.07623553668498628,1.0,4.138384199244666
1H,NQ,both,cisd_swing,CISD-bar swing,5,5002,0.4442745412780126,-0.24780938016232135,2.1948392156145915,45.1219512195122,43.46261495401839,-1.0,-1.0,-0.24780938016232135,1.0308151941954757,4.5491055045871525
1H,NQ,both,cisd_swing,CISD-bar swing,6,5002,0.4478224507593215,-0.5590304747110157,2.354887109804842,41.983206717313074,47.980807676929224,-1.0,-1.0,-0.5590304747110157,1.0440860215053764,5.064178188396434
1H,NQ,both,cisd_swing,CISD-bar swing,7,5002,0.4651438628520329,-1.0,2.5455731847808187,40.003998400639745,51.61935225909636,-1.0,-1.0,-1.0,1.0405838530838531,5.47865839102411
1H,NQ,bullish,cisd_swing,CISD-bar swing,1,2441,0.37187602195118036,0.21,0.8685299145030531,64.2769356820975,0.0,-0.575,-0.15,0.21,0.6638115631691649,1.8135048231511255
1H,NQ,bullish,cisd_swing,CISD-bar swing,2,2441,0.4160949348785269,0.21782178217821782,1.3543921248934372,60.42605489553462,17.902498975829577,-1.0,-0.4014084507042254,0.21782178217821782,0.8888888888888888,2.649484536082474
1H,NQ,bullish,cisd_swing,CISD-bar swing,3,2441,0.44176752390982277,0.15555555555555556,1.6337866343506628,55.960671855796804,27.898402294141743,-1.0,-1.0,0.15555555555555556,0.9949238578680203,3.3333333333333335
1H,NQ,bullish,cisd_swing,CISD-bar swing,4,2441,0.45869272015728757,0.08917197452229299,1.8506680139257685,52.60139287177387,35.06759524784924,-1.0,-1.0,0.08917197452229299,1.1216931216931216,3.7547169811320753
1H,NQ,bullish,cisd_swing,CISD-bar swing,5,2441,0.4816198813894708,-0.008595988538681949,2.0131697186589923,49.733715690290865,40.43424825891028,-1.0,-1.0,-0.008595988538681949,1.1829573934837092,4.108910891089109
1H,NQ,bullish,cisd_swing,CISD-bar swing,6,2441,0.4899523380291713,-0.20833333333333334,2.1793339675115186,46.53830397378124,45.022531749283075,-1.0,-1.0,-0.20833333333333334,1.206896551724138,4.5
1H,NQ,bullish,cisd_swing,CISD-bar swing,7,2441,0.5150575448354591,-0.5373563218390804,2.385190916483413,44.24416222859484,48.70954526833265,-1.0,-1.0,-0.5373563218390804,1.25,5.0256410256410255
1H,NQ,bearish,cisd_swing,CISD-bar swing,1,2561,0.38560984937612997,0.14545454545454545,1.0448546811957191,59.07848496680984,0.0,-0.6428571428571429,-0.22485207100591717,0.14545454545454545,0.676923076923077,2.1267605633802815
1H,NQ,bearish,cisd_swing,CISD-bar swing,2,2561,0.4064150274139958,0.05591397849462366,1.6051300265784547,52.04998047637641,20.265521280749706,-1.0,-0.581081081081081,0.05591397849462366,0.88,3.1157894736842104
1H,NQ,bearish,cisd_swing,CISD-bar swing,3,2561,0.4080905503084124,-0.055944055944055944,1.9292864120215558,48.10620851229988,31.901600937133935,-1.0,-1.0,-0.055944055944055944,0.8974358974358975,3.9166666666666665
1H,NQ,bearish,cisd_swing,CISD-bar swing,4,2561,0.4067973941229938,-0.25925925925925924,2.1553957811529654,43.615775087856306,40.33580632565404,-1.0,-1.0,-0.25925925925925924,0.8953488372093024,4.421052631578948
1H,NQ,bearish,cisd_swing,CISD-bar swing,5,2561,0.40867908043768864,-0.49299719887955185,2.354832489582906,40.72627879734479,46.349082389691524,-1.0,-1.0,-0.49299719887955185,0.9069767441860465,4.845814977973569
1H,NQ,bearish,cisd_swing,CISD-bar swing,6,2561,0.40766663083518917,-1.0,2.510585265914624,37.641546270987895,50.80046856696603,-1.0,-1.0,-1.0,0.8372093023255814,5.343434343434343
1H,NQ,bearish,cisd_swing,CISD-bar swing,7,2561,0.41756897112163716,-1.0,2.6891582871634427,35.96251464271769,54.392815306520895,-1.0,-1.0,-1.0,0.7536945812807881,5.949685534591195
1H,NQ,both,smt,CISD w/ SMT,1,2126,0.0016298776161828273,-0.1133850080347859,1.138841272457156,44.12041392285983,29.39793038570085,-1.0,-1.0,-0.1133850080347859,0.42747357477040376,1.735586124401914
1H,NQ,both,smt,CISD w/ SMT,2,2126,0.0364381247827024,-0.3333333333333333,1.465386004739771,39.79303857008467,42.380056444026344,-1.0,-1.0,-0.3333333333333333,0.5319513347507677,2.553116883116883
1H,NQ,both,smt,CISD w/ SMT,3,2126,-0.0010194121926989201,-1.0,1.5779822532949366,37.30009407337723,50.32925682031985,-1.0,-1.0,-1.0,0.507253735673872,2.9639550264550265
1H,NQ,both,smt,CISD w/ SMT,4,2126,-0.0019643150417253657,-1.0,1.739641142325565,34.00752587017874,55.97365945437441,-1.0,-1.0,-1.0,0.49293460839833314,3.2215447154471546
1H,NQ,both,smt,CISD w/ SMT,5,2126,-0.01993630721342169,-1.0,1.8728221519794523,31.56161806208843,60.677328316086545,-1.0,-1.0,-1.0,0.43864329268292684,3.429985905567301
1H,NQ,both,smt,CISD w/ SMT,6,2126,-0.018160356908312917,-1.0,2.031874913962172,29.492003762935088,64.11100658513641,-1.0,-1.0,-1.0,0.3123215153724632,3.8349146110056926
1H,NQ,both,smt,CISD w/ SMT,7,2126,-0.016215966241460676,-1.0,2.1721327641267107,27.93979303857008,66.69802445907807,-1.0,-1.0,-1.0,0.2524503192158979,4.068890725056806
1H,NQ,bullish,smt,CISD w/ SMT,1,983,0.03909204934790891,-0.05592105263157895,1.1149165608940441,46.38860630722279,26.754832146490337,-1.0,-1.0,-0.05592105263157895,0.44791666666666663,1.6565079365079365
1H,NQ,bullish,smt,CISD w/ SMT,2,983,0.09942302215572915,-0.1388888888888889,1.4123961037695212,45.06612410986775,38.555442522889116,-1.0,-1.0,-0.1388888888888889,0.6093532757531073,2.4966666666666657
1H,NQ,bullish,smt,CISD w/ SMT,3,983,0.0857807583030773,-0.3757396449704142,1.5526142121554023,42.624618514750765,46.99898270600203,-1.0,-1.0,-0.3757396449704142,0.7301493710691824,2.991983578219533
1H,NQ,bullish,smt,CISD w/ SMT,4,983,0.08348063164137039,-1.0,1.6187216243755798,39.36927772126144,52.28891149542218,-1.0,-1.0,-1.0,0.7190388936151648,3.2678249336870024
1H,NQ,bullish,smt,CISD w/ SMT,5,983,0.07780118478811705,-1.0,1.799823804141401,35.910478128179044,56.66327568667345,-1.0,-1.0,-1.0,0.6993903841729929,3.4663438801936715
1H,NQ,bullish,smt,CISD w/ SMT,6,983,0.06658093500235873,-1.0,1.9069834624892592,34.0793489318413,60.223804679552394,-1.0,-1.0,-1.0,0.6152144525009218,3.8371916508538897
1H,NQ,bullish,smt,CISD w/ SMT,7,983,0.06875889810910206,-1.0,2.01271538126662,32.858596134282806,62.970498474059,-1.0,-1.0,-1.0,0.5439000890319905,3.8841437632135287
1H,NQ,bearish,smt,CISD w/ SMT,1,1143,-0.03058824557916863,-0.18421052631578946,1.1585396714509977,42.16972878390201,31.671041119860018,-1.0,-1.0,-0.18421052631578946,0.3989247311827957,1.760307084220127
1H,NQ,bearish,smt,CISD w/ SMT,2,1143,-0.01772998905604238,-0.5214007782101168,1.507983178258936,35.2580927384077,45.66929133858268,-1.0,-1.0,-0.5214007782101168,0.43981300282670144,2.5619424054206617
1H,NQ,bearish,smt,CISD w/ SMT,3,1143,-0.0756690776321985,-1.0,1.596382169967278,32.72090988626422,53.193350831146105,-1.0,-1.0,-1.0,0.3288288288288288,2.9173656215005574
1H,NQ,bearish,smt,CISD w/ SMT,4,1143,-0.07544846428886721,-1.0,1.8348047479956764,29.396325459317584,59.14260717410323,-1.0,-1.0,-1.0,0.31296641791044777,3.1801298701298624
1H,NQ,bearish,smt,CISD w/ SMT,5,1143,-0.103992260527081,-1.0,1.930226739994435,27.821522309711288,64.12948381452318,-1.0,-1.0,-1.0,0.22951505016722407,3.3638345864661616
1H,NQ,bearish,smt,CISD w/ SMT,6,1143,-0.09103935073875055,-1.0,2.1315819117983845,25.54680664916885,67.45406824146981,-1.0,-1.0,-1.0,0.05121096896248151,3.8142003627440504
1H,NQ,bearish,smt,CISD w/ SMT,7,1143,-0.0892958364572115,-1.0,2.2987822171578722,23.709536307961503,69.90376202974629,-1.0,-1.0,-1.0,-0.14092278719397364,4.188559396385322
1H,NQ,both,no_smt,CISD no SMT,1,13460,0.04300389657605171,-0.11940298507462686,1.557619082909748,44.40564635958395,29.895988112927192,-1.0,-1.0,-0.11940298507462686,0.4769340758579169,1.8955575894114327
1H,NQ,both,no_smt,CISD no SMT,2,13460,0.05315047251433702,-0.3887301587301587,1.8496057338177208,39.524517087667164,43.55869242199108,-1.0,-1.0,-0.3887301587301587,0.5609457631287664,2.617772457820336
1H,NQ,both,no_smt,CISD no SMT,3,13460,0.06441535160907576,-1.0,2.1624966869332733,36.448736998514114,51.537890044576514,-1.0,-1.0,-1.0,0.5650260578009403,3.070512820512816
1H,NQ,both,no_smt,CISD no SMT,4,13460,0.06919180499677831,-1.0,2.338215470171559,33.43239227340267,57.37741456166419,-1.0,-1.0,-1.0,0.5204648526077098,3.534163273828163
1H,NQ,both,no_smt,CISD no SMT,5,13460,0.08124533755082357,-1.0,2.4262692425997767,31.2407132243685,61.47102526002972,-1.0,-1.0,-1.0,0.4570203081232493,3.9021526001705
1H,NQ,both,no_smt,CISD no SMT,6,13460,0.08272894784274812,-1.0,2.6236189693999132,29.19762258543834,64.71768202080239,-1.0,-1.0,-1.0,0.3577573565353407,4.131019805037272
1H,NQ,both,no_smt,CISD no SMT,7,13460,0.0965712570121341,-1.0,2.752248255896576,27.637444279346212,67.04309063893015,-1.0,-1.0,-1.0,0.27510472952461906,4.381826189078096
1H,NQ,bullish,no_smt,CISD no SMT,1,6820,0.051726621843568306,-0.06794085827623512,1.7101997934530466,46.583577712609966,28.95894428152493,-1.0,-1.0,-0.06794085827623512,0.48584534731323725,1.7918407457322527
1H,NQ,bullish,no_smt,CISD no SMT,2,6820,0.07250556997741994,-0.27193765576758544,1.9333967656914681,42.65395894428152,41.9208211143695,-1.0,-1.0,-0.27193765576758544,0.6139319181487856,2.461737400530501
1H,NQ,bullish,no_smt,CISD no SMT,3,6820,0.10367692706781978,-0.7195084836034391,2.2484079118627216,39.457478005865106,49.29618768328446,-1.0,-1.0,-0.7195084836034391,0.6390350877192982,2.9075094779819173
1H,NQ,bullish,no_smt,CISD no SMT,4,6820,0.11292643925020422,-1.0,2.422704282530546,36.422287390029325,55.04398826979472,-1.0,-1.0,-1.0,0.6319120586275816,3.385533588435372
1H,NQ,bullish,no_smt,CISD no SMT,5,6820,0.12330255101885375,-1.0,2.4674324726637407,34.23753665689149,59.12023460410557,-1.0,-1.0,-1.0,0.627756875973015,3.790882416865896
1H,NQ,bullish,no_smt,CISD no SMT,6,6820,0.12705403755229724,-1.0,2.635587046263404,32.12609970674487,62.52199413489736,-1.0,-1.0,-1.0,0.5641999635518702,4.008554817275736
1H,NQ,bullish,no_smt,CISD no SMT,7,6820,0.14846485153081854,-1.0,2.729410529035932,30.32258064516129,64.88269794721407,-1.0,-1.0,-1.0,0.49247858139071526,4.396196705426351
1H,NQ,bearish,no_smt,CISD no SMT,1,6640,0.034044711888632555,-0.16901408450704225,1.3835677136056377,42.168674698795186,30.858433734939762,-1.0,-1.0,-0.16901408450704225,0.4637998287508325,2.0500773195876274
1H,NQ,bearish,no_smt,CISD no SMT,2,6640,0.03327068867424281,-0.5040092372826993,1.7593182522042303,36.31024096385542,45.24096385542168,-1.0,-1.0,-0.5040092372826993,0.4895833333333333,2.745681818181815
1H,NQ,bearish,no_smt,CISD no SMT,3,6640,0.024089456333679014,-1.0,2.069943472821486,33.35843373493976,53.84036144578314,-1.0,-1.0,-1.0,0.4578510990079751,3.2522733045466046
1H,NQ,bearish,no_smt,CISD no SMT,4,6640,0.02427159330877155,-1.0,2.247430039106195,30.361445783132528,59.774096385542165,-1.0,-1.0,-1.0,0.36967108977978547,3.6571971066907767
1H,NQ,bearish,no_smt,CISD no SMT,5,6640,0.03804801889841906,-1.0,2.3826631491696593,28.162650602409638,63.885542168674704,-1.0,-1.0,-1.0,0.2517169695103172,4.014098225717928
1H,NQ,bearish,no_smt,CISD no SMT,6,6640,0.037202274376012395,-1.0,2.6106843784987666,26.18975903614458,66.97289156626506,-1.0,-1.0,-1.0,0.14561229000884174,4.235449941566028
1H,NQ,bearish,no_smt,CISD no SMT,7,6640,0.043270908425172096,-1.0,2.7747047616113782,24.879518072289155,69.26204819277109,-1.0,-1.0,-1.0,-0.015905466144700595,4.3572102425876
1H,ES,both,all_cisd,All CISDs,1,14865,0.015569151874532856,-0.10714285714285714,1.2056075978093463,44.35923309788093,30.18499831819711,-1.0,-1.0,-0.10714285714285714,0.4642857142857143,1.8044444444444405
1H,ES,both,all_cisd,All CISDs,2,14865,0.025806084834359422,-0.4050632911392405,1.5947857964344114,39.23982509249916,43.7941473259334,-1.0,-1.0,-0.4050632911392405,0.5441176470588235,2.5149783549783544
1H,ES,both,all_cisd,All CISDs,3,14865,0.026757348356895663,-1.0,1.8454862836939843,35.99730911537168,51.712075344769595,-1.0,-1.0,-1.0,0.5588235294117647,2.945773524720887
1H,ES,both,all_cisd,All CISDs,4,14865,0.02343059518314877,-1.0,2.0456510120317035,32.86915573494787,57.75311133535149,-1.0,-1.0,-1.0,0.5106382978723404,3.3076923076923075
1H,ES,both,all_cisd,All CISDs,5,14865,0.02967874762217925,-1.0,2.175523617424782,30.750084090144636,61.76252943155062,-1.0,-1.0,-1.0,0.45685279187817257,3.6269607843137237
1H,ES,both,all_cisd,All CISDs,6,14865,0.023784385072508744,-1.0,2.2629001046691197,28.805919946182307,64.93777329297006,-1.0,-1.0,-1.0,0.3333333333333333,3.923076923076923
1H,ES,both,all_cisd,All CISDs,7,14865,0.03571081152899279,-1.0,2.591997828386798,26.98284561049445,67.26538849646822,-1.0,-1.0,-1.0,0.21212121212121213,4.22529644268774
1H,ES,bullish,all_cisd,All CISDs,1,7469,0.02591165978257259,-0.045454545454545456,1.2034695632467507,46.6996920605168,28.98647744008569,-1.0,-1.0,-0.045454545454545456,0.4782608695652174,1.6875
1H,ES,bullish,all_cisd,All CISDs,2,7469,0.04584196940340427,-0.2631578947368421,1.5554205216312704,42.61614673985808,41.59860757798902,-1.0,-1.0,-0.2631578947368421,0.5909090909090909,2.3333333333333335
1H,ES,bullish,all_cisd,All CISDs,3,7469,0.05849664944169365,-0.7307692307692307,1.848830830888373,39.496585888338466,49.35064935064935,-1.0,-1.0,-0.7307692307692307,0.6382978723404256,2.823529411764706
1H,ES,bullish,all_cisd,All CISDs,4,7469,0.057333921618808986,-1.0,2.010412200092255,36.40380238318382,55.201499531396436,-1.0,-1.0,-1.0,0.65,3.05333333333333
1H,ES,bullish,all_cisd,All CISDs,5,7469,0.05955120909510665,-1.0,2.1129376321320668,33.95367519078859,59.137769447047795,-1.0,-1.0,-1.0,0.6222222222222222,3.4285714285714284
1H,ES,bullish,all_cisd,All CISDs,6,7469,0.052870860075831166,-1.0,2.184711514760515,32.07926094524033,62.44477172312224,-1.0,-1.0,-1.0,0.5460526315789473,3.658104395604394
1H,ES,bullish,all_cisd,All CISDs,7,7469,0.06475467824103621,-1.0,2.3107127047754235,29.82996385058241,64.7610121836926,-1.0,-1.0,-1.0,0.46153846153846156,4.129873772791023
1H,ES,bearish,all_cisd,All CISDs,1,7396,0.005124561343820471,-0.16666666666666666,1.2077543722071948,41.995673336938886,31.3953488372093,-1.0,-1.0,-0.16666666666666666,0.4444444444444444,1.893327067669173
1H,ES,bearish,all_cisd,All CISDs,2,7396,0.005572442075273975,-0.5402702702702703,1.6334330865620157,35.83017847485127,46.011357490535424,-1.0,-1.0,-0.5402702702702703,0.48154906731549063,2.6666666666666665
1H,ES,bearish,all_cisd,All CISDs,3,7396,-0.00529522598090263,-1.0,1.8416724522105339,32.46349378042185,54.096809085992426,-1.0,-1.0,-1.0,0.445578231292517,3.142857142857143
1H,ES,bearish,all_cisd,All CISDs,4,7396,-0.0108073638687639,-1.0,2.080207298644487,29.299621416982152,60.329908058409956,-1.0,-1.0,-1.0,0.3250753012048193,3.5316742081447963
1H,ES,bearish,all_cisd,All CISDs,5,7396,-0.0004885610232094295,-1.0,2.236689207149022,27.51487290427258,64.4131963223364,-1.0,-1.0,-1.0,0.23435544430538174,3.8280425963488844
1H,ES,bearish,all_cisd,All CISDs,6,7396,-0.0055891792595376575,-1.0,2.3389906498595936,25.500270416441317,67.45538128718226,-1.0,-1.0,-1.0,0.05637254901960784,4.253289473684211
1H,ES,bearish,all_cisd,All CISDs,7,7396,0.006380276040586602,-1.0,2.847862679948169,24.107625743645215,69.79448350459708,-1.0,-1.0,-1.0,-0.0796969696969697,4.340909090909091
1H,ES,both,fvg_any,CISD w/ FVG (mid0|mid1),1,3456,0.9012554118215028,0.5779352226720648,1.617154260438382,82.34953703703704,3.935185185185185,-0.429725019181404,0.14082674571805007,0.5779352226720648,1.2088815789473684,3.3333333333333335
1H,ES,both,fvg_any,CISD w/ FVG (mid0|mid1),2,3456,1.205124652858302,0.7517123287671232,2.2217268158370387,77.51736111111111,7.4363425925925934,-1.0,0.08081081081081082,0.7517123287671232,1.7142857142857142,4.557291666666666
1H,ES,both,fvg_any,CISD w/ FVG (mid0|mid1),3,3456,1.2028039784249545,0.6489846922836613,2.474108395984792,71.70138888888889,13.136574074074073,-1.0,-0.10694505981391227,0.6489846922836613,1.7842664092664093,5.225543478260869
1H,ES,both,fvg_any,CISD w/ FVG (mid0|mid1),4,3456,1.2332248792002645,0.615728021978022,2.7804213994780826,66.46412037037037,19.53125,-1.0,-0.35021929824561404,0.615728021978022,1.8464209401709404,5.941379310344828
1H,ES,both,fvg_any,CISD w/ FVG (mid0|mid1),5,3456,1.2370215376080453,0.5833333333333334,2.8772850217254917,63.223379629629626,24.82638888888889,-1.0,-0.8326061254363247,0.5833333333333334,1.923789173789174,6.304330392943063
1H,ES,both,fvg_any,CISD w/ FVG (mid0|mid1),6,3456,1.2359123811654387,0.44955089820359284,2.996096537532003,60.15625,29.25347222222222,-1.0,-1.0,0.44955089820359284,2.0467884828349945,6.801612903225807
1H,ES,both,fvg_any,CISD w/ FVG (mid0|mid1),7,3456,1.2615286080940398,0.38461538461538464,3.266633547840191,57.291666666666664,32.870370370370374,-1.0,-1.0,0.38461538461538464,2.0563725490196076,7.119485294117647
1H,ES,bullish,fvg_any,CISD w/ FVG (mid0|mid1),1,1833,0.8429969233318131,0.5609756097560976,1.6627437432381396,83.74249863611566,3.491543917075832,-0.35181476846057574,0.14893617021276595,0.5609756097560976,1.1142857142857143,2.8069478908188583
1H,ES,bullish,fvg_any,CISD w/ FVG (mid0|mid1),2,1833,1.1035519506539,0.7192982456140351,2.1132942187239823,79.92362247681397,6.655755591925805,-1.0,0.14130434782608695,0.7192982456140351,1.5862068965517242,3.9590909090908997
1H,ES,bullish,fvg_any,CISD w/ FVG (mid0|mid1),3,1833,1.126632729919721,0.6590909090909091,2.405457163368,74.63175122749591,12.49318057828696,-1.0,0.0,0.6590909090909091,1.6666666666666667,4.609999999999997
1H,ES,bullish,fvg_any,CISD w/ FVG (mid0|mid1),4,1833,1.1442676481638803,0.6344086021505376,2.675392115631005,68.79432624113475,18.494271685761046,-1.0,-0.2361111111111111,0.6344086021505376,1.7241379310344827,5.384615384615385
1H,ES,bullish,fvg_any,CISD w/ FVG (mid0|mid1),5,1833,1.1360496912008424,0.6075949367088608,2.7521883268665763,64.97545008183306,24.004364429896345,-1.0,-0.6493506493506493,0.6075949367088608,1.78125,5.645614035087715
1H,ES,bullish,fvg_any,CISD w/ FVG (mid0|mid1),6,1833,1.131817258763301,0.5,2.9203242653320034,61.593016912165844,28.859792689579923,-1.0,-1.0,0.5,1.853658536585366,5.769999999999993
1H,ES,bullish,fvg_any,CISD w/ FVG (mid0|mid1),7,1833,1.1774881955911716,0.41818181818181815,3.1652945634898204,58.81069285324605,32.46044735406438,-1.0,-1.0,0.41818181818181815,1.9516129032258065,6.237950664136622
1H,ES,bearish,fvg_any,CISD w/ FVG (mid0|mid1),1,1623,0.9670519672137404,0.6190476190476191,1.5619681415523037,80.77634011090574,4.436229205175601,-0.48605832965090584,0.13196594427244582,0.6190476190476191,1.3691420331651045,3.663636363636359
1H,ES,bearish,fvg_any,CISD w/ FVG (mid0|mid1),2,1623,1.3198398488784306,0.8095238095238095,2.3334957221647143,74.79975354282193,8.317929759704251,-1.0,0.0,0.8095238095238095,1.8808848553601814,5.286134453781502
1H,ES,bearish,fvg_any,CISD w/ FVG (mid0|mid1),3,1623,1.2888310261822518,0.6359223300970874,2.5474267840312703,68.39186691312385,13.863216266173753,-1.0,-0.21086059066370277,0.6359223300970874,1.9745744451626805,5.849615384615384
1H,ES,bearish,fvg_any,CISD w/ FVG (mid0|mid1),4,1623,1.333692288004758,0.5771812080536913,2.892002004166892,63.83240911891559,20.70240295748614,-1.0,-0.4917929292929293,0.5771812080536913,2.0344927536231885,6.449444444444444
1H,ES,bearish,fvg_any,CISD w/ FVG (mid0|mid1),5,1623,1.351058133088269,0.5294117647058824,3.0091101718532527,61.244608749229826,25.75477510782502,-1.0,-1.0,0.5294117647058824,2.1088235294117648,6.995238095238089
1H,ES,bearish,fvg_any,CISD w/ FVG (mid0|mid1),6,1623,1.3534763733793131,0.4,3.076100710214109,58.5335797905114,29.698089956869993,-1.0,-1.0,0.4,2.2371794871794872,7.467578439259853
1H,ES,bearish,fvg_any,CISD w/ FVG (mid0|mid1),7,1623,1.3564430111240815,0.32894736842105265,3.3758957109963355,55.57609365372767,33.33333333333333,-1.0,-1.0,0.32894736842105265,2.142411844924995,7.794999999999993
1H,ES,both,fvg_mid0,CISD-FVG mid0,1,1785,0.4197382509746881,0.24,1.2653425644211687,73.5014005602241,0.2801120448179272,-0.3260210803689065,0.0,0.24,0.6190476190476191,1.5433403805496824
1H,ES,both,fvg_mid0,CISD-FVG mid0,2,1785,0.4262764075352351,0.23076923076923078,1.5955889241147967,63.8095238095238,7.0588235294117645,-1.0,-0.17708333333333334,0.23076923076923078,0.7777777777777778,2.2
1H,ES,both,fvg_mid0,CISD-FVG mid0,3,1785,0.4276618576519571,0.20512820512820512,1.800929012918954,59.88795518207283,14.34173669467787,-1.0,-0.34,0.20512820512820512,0.8404255319148937,2.5222734254992316
1H,ES,both,fvg_mid0,CISD-FVG mid0,4,1785,0.4600166894599113,0.17391304347826086,1.9929840142708206,56.470588235294116,20.896358543417367,-1.0,-0.5423728813559322,0.17391304347826086,0.9148936170212766,2.9888888888888863
1H,ES,both,fvg_mid0,CISD-FVG mid0,5,1785,0.4661359300364437,0.13524590163934427,1.9905091651271585,54.90196078431373,25.882352941176475,-1.0,-1.0,0.13524590163934427,1.0223214285714286,3.2853615520282187
1H,ES,both,fvg_mid0,CISD-FVG mid0,6,1785,0.4653707416973833,0.06666666666666667,2.1480172051488196,52.43697478991597,30.476190476190478,-1.0,-1.0,0.06666666666666667,1.038709677419355,3.557622739018088
1H,ES,both,fvg_mid0,CISD-FVG mid0,7,1785,0.46793385343356797,0.0,2.3300923716252138,49.97198879551821,34.45378151260504,-1.0,-1.0,0.0,1.0446428571428572,3.7859114015976743
1H,ES,bullish,fvg_mid0,CISD-FVG mid0,1,927,0.42816380044009916,0.24,1.5268253249859431,74.86515641855448,0.3236245954692557,-0.30299275638581774,0.0,0.24,0.6,1.495054945054944
1H,ES,bullish,fvg_mid0,CISD-FVG mid0,2,927,0.44837988770653914,0.26666666666666666,1.7258959408524304,66.88241639697951,6.580366774541532,-1.0,-0.13345904043578463,0.26666666666666666,0.7602083333333334,2.133333333333331
1H,ES,bullish,fvg_mid0,CISD-FVG mid0,3,927,0.4685784020093552,0.23943661971830985,1.879888205909168,64.29341963322545,13.915857605177994,-1.0,-0.25,0.23943661971830985,0.8873015873015873,2.4731249999999996
1H,ES,bullish,fvg_mid0,CISD-FVG mid0,4,927,0.5067684396349306,0.23076923076923078,2.0853441643535744,60.73354908306364,19.2017259978425,-1.0,-0.35923862219451375,0.23076923076923078,0.9183333333333333,2.740789473684208
1H,ES,bullish,fvg_mid0,CISD-FVG mid0,5,927,0.5175555688708915,0.22,2.058178643909121,58.46817691477886,24.05609492988134,-1.0,-0.7413381123058542,0.22,1.0600358422939067,3.1711976911976896
1H,ES,bullish,fvg_mid0,CISD-FVG mid0,6,927,0.49522089094496996,0.15384615384615385,2.13200321588711,55.44768069039914,29.557713052858688,-1.0,-1.0,0.15384615384615385,1.0940656565656566,3.3276190476190464
1H,ES,bullish,fvg_mid0,CISD-FVG mid0,7,927,0.4941630718105813,0.08088235294117647,2.199686819478984,52.53505933117584,33.65695792880259,-1.0,-1.0,0.08088235294117647,1.125,3.7818082788670995
1H,ES,bearish,fvg_mid0,CISD-FVG mid0,1,858,0.41063512235646427,0.24621212121212122,0.9021714842400376,72.02797202797203,0.2331002331002331,-0.34741161616161614,-0.025986842105263155,0.24621212121212122,0.6556490384615384,1.6038541908521011
1H,ES,bearish,fvg_mid0,CISD-FVG mid0,2,858,0.40239537476274245,0.17157287157287157,1.4422604727650032,60.48951048951049,7.575757575757576,-1.0,-0.2450213371266003,0.17157287157287157,0.8257055682684973,2.239880952380952
1H,ES,bearish,fvg_mid0,CISD-FVG mid0,3,858,0.38345482196511793,0.1464285714285714,1.7115279922314761,55.12820512820513,14.801864801864802,-1.0,-0.48407738095238095,0.1464285714285714,0.8113983548766158,2.5686824324324324
1H,ES,bearish,fvg_mid0,CISD-FVG mid0,4,858,0.40950518315193596,0.05635390250774866,1.888041047011572,51.86480186480187,22.727272727272727,-1.0,-0.6920045045045045,0.05635390250774866,0.8961720867208672,3.2564024390243893
1H,ES,bearish,fvg_mid0,CISD-FVG mid0,5,858,0.41058114542160323,0.0375234521575985,1.9143586520160352,51.048951048951054,27.855477855477854,-1.0,-1.0,0.0375234521575985,0.9806506849315069,3.3841651450598498
1H,ES,bearish,fvg_mid0,CISD-FVG mid0,6,858,0.43312005597184394,-0.026971456216739235,2.165967511447695,49.184149184149184,31.46853146853147,-1.0,-1.0,-0.026971456216739235,0.9796245421245421,3.675769230769227
1H,ES,bearish,fvg_mid0,CISD-FVG mid0,7,858,0.4395952923199416,-0.08334998334998335,2.4642211475786824,47.2027972027972,35.31468531468531,-1.0,-1.0,-0.08334998334998335,0.9677905701754386,3.7622231337161574
1H,ES,both,fvg_mid1,CISD-FVG mid1,1,2152,1.3409782685606337,0.9506097560975609,1.890526441226869,93.63382899628253,6.087360594795539,-1.0,0.5357142857142857,0.9506097560975609,1.6666666666666667,4.040824915824914
1H,ES,both,fvg_mid1,CISD-FVG mid1,2,2152,1.8949369266917253,1.3580586080586081,2.5216590635316942,93.91263940520446,6.087360594795539,-1.0,0.7142857142857143,1.3580586080586081,2.375,5.772499999999991
1H,ES,both,fvg_mid1,CISD-FVG mid1,3,2152,1.8861312954113458,1.2903225806451613,2.8327322077411723,86.10594795539033,9.572490706319703,-1.0,0.5,1.2903225806451613,2.5,6.333333333333333
1H,ES,both,fvg_mid1,CISD-FVG mid1,4,2152,1.9124340561384552,1.2081670714781403,3.1891620391481257,78.90334572490706,15.102230483271375,-1.0,0.242003367003367,1.2081670714781403,2.625,7.127747252747247
1H,ES,both,fvg_mid1,CISD-FVG mid1,5,2152,1.918958070405685,1.2113095238095237,3.3027645559072427,74.53531598513011,20.260223048327138,-1.0,-0.002551020408163265,1.2113095238095237,2.812863372093023,7.5149999999999935
1H,ES,both,fvg_mid1,CISD-FVG mid1,6,2152,1.9295957889408182,1.16869918699187,3.4395334371020976,71.32899628252788,24.25650557620818,-1.0,-0.415625,1.16869918699187,2.9305989583333334,7.842105263157895
1H,ES,both,fvg_mid1,CISD-FVG mid1,7,2152,1.9691827180165224,1.0889328063241106,3.7805186004665634,67.65799256505576,27.602230483271374,-1.0,-1.0,1.0889328063241106,3.0833333333333335,8.45926470588235
1H,ES,bullish,fvg_mid1,CISD-FVG mid1,1,1175,1.219406196722607,0.8571428571428571,1.9541657688497445,94.46808510638299,5.191489361702128,-1.0,0.5,0.8571428571428571,1.456641604010025,3.6712121212121205
1H,ES,bullish,fvg_mid1,CISD-FVG mid1,2,1175,1.669028382413639,1.2222222222222223,2.40424404228506,94.80851063829788,5.191489361702128,-1.0,0.6666666666666666,1.2222222222222223,2.0,4.74242424242424
1H,ES,bullish,fvg_mid1,CISD-FVG mid1,3,1175,1.6887405758607748,1.1612903225806452,2.756668275503312,86.63829787234043,8.936170212765958,-1.0,0.5,1.1612903225806452,2.218954248366013,5.449999999999997
1H,ES,bullish,fvg_mid1,CISD-FVG mid1,4,1175,1.6795895760006103,1.1133603238866396,3.0464565183825396,78.97872340425532,14.893617021276595,-1.0,0.23790007806401248,1.1133603238866396,2.2803508771929826,6.176666666666665
1H,ES,bullish,fvg_mid1,CISD-FVG mid1,5,1175,1.6760452632796174,1.125,3.1391321249949526,74.55319148936171,20.595744680851062,-1.0,-0.00510204081632653,1.125,2.4264069264069263,6.575652173913042
1H,ES,bullish,fvg_mid1,CISD-FVG mid1,6,1175,1.6912115381952888,1.0609137055837563,3.3439066337908625,71.23404255319149,24.51063829787234,-1.0,-0.48863636363636365,1.0609137055837563,2.626785714285714,6.974074074074072
1H,ES,bullish,fvg_mid1,CISD-FVG mid1,7,1175,1.7641108529730856,1.0526315789473684,3.6490631255801658,67.74468085106383,27.829787234042552,-1.0,-1.0,1.0526315789473684,2.590909090909091,7.27
1H,ES,bearish,fvg_mid1,CISD-FVG mid1,1,977,1.4871882833095398,1.1333333333333333,1.8011799964230095,92.63050153531218,7.164790174002047,-1.0,0.6086956521739131,1.1333333333333333,1.88,4.49646017699115
1H,ES,bearish,fvg_mid1,CISD-FVG mid1,2,977,2.166628369400786,1.5660377358490567,2.631664241068959,92.83520982599795,7.164790174002047,-1.0,0.8181818181818182,1.5660377358490567,2.6666666666666665,6.676190476190473
1H,ES,bearish,fvg_mid1,CISD-FVG mid1,3,977,2.123525456590385,1.4545454545454546,2.905283831380357,85.46571136131014,10.337768679631525,-1.0,0.5,1.4545454545454546,2.8823529411764706,7.15428571428571
1H,ES,bearish,fvg_mid1,CISD-FVG mid1,4,977,2.19246707984569,1.368421052631579,3.3328346907244044,78.81269191402251,15.353121801432959,-1.0,0.2597402597402597,1.368421052631579,3.2,8.225974025974022
1H,ES,bearish,fvg_mid1,CISD-FVG mid1,5,977,2.2110998804088897,1.3529411764705883,3.468559664220019,74.51381780962129,19.85670419651996,-1.0,0.0,1.3529411764705883,3.3333333333333335,8.877777777777776
1H,ES,bearish,fvg_mid1,CISD-FVG mid1,6,977,2.2162912798579084,1.3846153846153846,3.5315852988653935,71.4431934493347,23.950870010235413,-1.0,-0.375,1.3846153846153846,3.426470588235294,8.71296296296296
1H,ES,bearish,fvg_mid1,CISD-FVG mid1,7,977,2.2158146949111366,1.1222222222222222,3.920489615881493,67.55373592630501,27.328556806550665,-1.0,-1.0,1.1222222222222222,3.5444444444444443,9.564935064935058
1H,ES,both,fvg_none,CISD no FVG,1,11409,-0.25272182142520666,-0.375,0.8900331955540455,32.85125777894645,38.13655885704269,-1.0,-1.0,-0.375,0.19444444444444445,1.186184210526317
1H,ES,both,fvg_none,CISD no FVG,2,11409,-0.33143161970510465,-1.0,1.1269182181207542,27.64484179156806,54.807608028749236,-1.0,-1.0,-1.0,0.12244897959183673,1.5270098322729906
1H,ES,both,fvg_none,CISD no FVG,3,11409,-0.3294892248322718,-1.0,1.4275218640611562,25.181873959155055,63.397317906915596,-1.0,-1.0,-1.0,0.02857142857142857,1.9557312252964434
1H,ES,both,fvg_none,CISD no FVG,4,11409,-0.3430387751002374,-1.0,1.5916664248782402,22.69261109650276,69.33122973091419,-1.0,-1.0,-1.0,-0.16666666666666666,2.203529411764708
1H,ES,both,fvg_none,CISD no FVG,5,11409,-0.33604801915765714,-1.0,1.7561495278464565,20.913314050311158,72.95117889385573,-1.0,-1.0,-1.0,-0.44329896907216493,2.4844844844844864
1H,ES,both,fvg_none,CISD no FVG,6,11409,-0.3433919103519076,-1.0,1.8366953547022233,19.309317205714787,75.74721710929968,-1.0,-1.0,-1.0,-1.0,2.691326530612247
1H,ES,both,fvg_none,CISD no FVG,7,11409,-0.33561238111968833,-1.0,2.2201141683790957,17.80173547199579,77.68428433692699,-1.0,-1.0,-1.0,-1.0,2.7334090909090945
1H,ES,bullish,fvg_none,CISD no FVG,1,5636,-0.23982951979261505,-0.3178210678210678,0.8560517480279971,34.65223562810504,37.27821149751597,-1.0,-1.0,-0.3178210678210678,0.2188570205479452,1.1696428571428572
1H,ES,bullish,fvg_none,CISD no FVG,2,5636,-0.298157745932323,-1.0,1.1278702072239735,30.48261178140525,52.96309439318666,-1.0,-1.0,-1.0,0.20833333333333334,1.527957336780866
1H,ES,bullish,fvg_none,CISD no FVG,3,5636,-0.2888939530274731,-1.0,1.4686986147981314,28.069552874378996,61.33782824698367,-1.0,-1.0,-1.0,0.1854005167958656,1.9682669789227165
1H,ES,bullish,fvg_none,CISD no FVG,4,5636,-0.2961702516879894,-1.0,1.587497661556172,25.869410929737402,67.13981547196593,-1.0,-1.0,-1.0,0.07430555555555556,2.2738095238095237
1H,ES,bullish,fvg_none,CISD no FVG,5,5636,-0.2905591027749809,-1.0,1.7189043783635032,23.86444286728176,70.56422995031937,-1.0,-1.0,-1.0,-0.08081081081081082,2.4756335282651074
1H,ES,bullish,fvg_none,CISD no FVG,6,5636,-0.29803558931986296,-1.0,1.7467338720770293,22.480482611781405,73.36763662171752,-1.0,-1.0,-1.0,-0.3710371819960861,2.76047619047619
1H,ES,bullish,fvg_none,CISD no FVG,7,5636,-0.2971403780582537,-1.0,1.8125023733609205,20.40454222853087,75.26614620298083,-1.0,-1.0,-1.0,-1.0,2.883986928104575
1H,ES,bearish,fvg_none,CISD no FVG,1,5773,-0.2653081737552407,-0.42857142857142855,0.921901169022743,31.093019227438074,38.974536636064435,-1.0,-1.0,-0.42857142857142855,0.16666666666666666,1.2222222222222223
1H,ES,bearish,fvg_none,CISD no FVG,2,5773,-0.3639158657787921,-1.0,1.12513671613778,24.87441538195046,56.608349211848264,-1.0,-1.0,-1.0,0.0,1.5086956521739052
1H,ES,bearish,fvg_none,CISD no FVG,3,5773,-0.3691211236529622,-1.0,1.385122834419067,22.362723020959642,65.40793348345747,-1.0,-1.0,-1.0,-0.14814814814814814,1.9389705882352928
1H,ES,bearish,fvg_none,CISD no FVG,4,5773,-0.38879505397628605,-1.0,1.5945346137963536,19.59120041572839,71.47063918240083,-1.0,-1.0,-1.0,-0.4666666666666667,2.147252747252743
1H,ES,bearish,fvg_none,CISD no FVG,5,5773,-0.3804574306824732,-1.0,1.7907985164584816,18.032218950285813,75.2814827645938,-1.0,-1.0,-1.0,-1.0,2.488383119962066
1H,ES,bearish,fvg_none,CISD no FVG,6,5773,-0.38767187316787904,-1.0,1.9195790031496447,16.213407240602805,78.07032738610773,-1.0,-1.0,-1.0,-1.0,2.6261627906976734
1H,ES,bearish,fvg_none,CISD no FVG,7,5773,-0.3731713988321853,-1.0,2.5557057946291755,15.260696345054564,80.045037242335,-1.0,-1.0,-1.0,-1.0,2.5712941176470485
1H,ES,both,sweep,CISD w/ sweep,1,4823,0.02180030882961863,-0.09523809523809523,1.170764659431546,45.05494505494506,28.198216877462162,-1.0,-1.0,-0.09523809523809523,0.44756480754124117,1.7647058823529411
1H,ES,both,sweep,CISD w/ sweep,2,4823,0.03492117197103417,-0.3,1.5036776124811226,40.47273481235745,40.94961642131453,-1.0,-1.0,-0.3,0.530578898225957,2.4
1H,ES,both,sweep,CISD w/ sweep,3,4823,0.02643864526447383,-0.7058823529411765,1.6582249230362718,37.5077752436243,48.41385030064275,-1.0,-1.0,-0.7058823529411765,0.5555555555555556,2.7640973630831622
1H,ES,both,sweep,CISD w/ sweep,4,4823,0.016605194418275956,-1.0,1.8346763363849214,34.75015550487249,54.61331121708481,-1.0,-1.0,-1.0,0.5294117647058824,3.1905222437137293
1H,ES,both,sweep,CISD w/ sweep,5,4823,0.029135630953906345,-1.0,1.9669743232857038,33.36097864399751,57.66120671781049,-1.0,-1.0,-1.0,0.5153204794163627,3.4029032258064507
1H,ES,both,sweep,CISD w/ sweep,6,4823,0.03227620582356387,-1.0,2.0668299436662725,31.453452208169193,60.25295459257723,-1.0,-1.0,-1.0,0.4541958041958042,3.5578811369509036
1H,ES,both,sweep,CISD w/ sweep,7,4823,0.03860573709141614,-1.0,2.1890716206141025,30.230147211279284,62.077545096413026,-1.0,-1.0,-1.0,0.4166666666666667,3.7780320366132556
1H,ES,bullish,sweep,CISD w/ sweep,1,2133,0.03129458580928748,-0.015625,1.1738465665147033,48.429442100328174,26.582278481012654,-1.0,-1.0,-0.015625,0.4576271186440678,1.5431818181818178
1H,ES,bullish,sweep,CISD w/ sweep,2,2133,0.06336259732023462,-0.12666666666666668,1.4731869370482278,45.47585560243788,37.552742616033754,-1.0,-1.0,-0.12666666666666668,0.6025641025641025,2.1050565689217247
1H,ES,bullish,sweep,CISD w/ sweep,3,2133,0.055959887732670424,-0.32142857142857145,1.5243735157736547,42.709798406000935,44.585091420534454,-1.0,-1.0,-0.32142857142857145,0.631578947368421,2.5268468468468455
1H,ES,bullish,sweep,CISD w/ sweep,4,2133,0.04938727222417334,-1.0,1.671982078960975,39.99062353492733,50.44538209095171,-1.0,-1.0,-1.0,0.6410256410256411,2.810434782608692
1H,ES,bullish,sweep,CISD w/ sweep,5,2133,0.039802959172792696,-1.0,1.69361719203818,38.162212845757146,53.11767463666198,-1.0,-1.0,-1.0,0.6363636363636364,2.8969696969696943
1H,ES,bullish,sweep,CISD w/ sweep,6,2133,0.027302066879962526,-1.0,1.7850749896435287,35.91186122831693,56.118143459915615,-1.0,-1.0,-1.0,0.5945945945945946,3.0
1H,ES,bullish,sweep,CISD w/ sweep,7,2133,0.036885691697304046,-1.0,1.9105043158639718,34.36474449132677,57.99343647444913,-1.0,-1.0,-1.0,0.5909090909090909,3.276692412539752
1H,ES,bearish,sweep,CISD w/ sweep,1,2690,0.014271947194810584,-0.15789473684210525,1.168478635752581,42.37918215613383,29.479553903345725,-1.0,-1.0,-0.15789473684210525,0.4375,1.9113095238095206
1H,ES,bearish,sweep,CISD w/ sweep,2,2690,0.012368919082616106,-0.45,1.5273185520182802,36.50557620817844,43.64312267657993,-1.0,-1.0,-0.45,0.4656716417910448,2.7374999999999923
1H,ES,bearish,sweep,CISD w/ sweep,3,2690,0.0030301656419223946,-1.0,1.7570564986366406,33.38289962825279,51.44981412639405,-1.0,-1.0,-1.0,0.4471491228070176,3.0627622377622292
1H,ES,bearish,sweep,CISD w/ sweep,4,2690,-0.009388921551976499,-1.0,1.9539952935053817,30.59479553903346,57.9182156133829,-1.0,-1.0,-1.0,0.383448093220339,3.4
1H,ES,bearish,sweep,CISD w/ sweep,5,2690,0.020677113819748502,-1.0,2.1595460576887255,29.55390334572491,61.26394052044609,-1.0,-1.0,-1.0,0.35535714285714287,3.7828571428571323
1H,ES,bearish,sweep,CISD w/ sweep,6,2690,0.03622038365505148,-1.0,2.2657945335906606,27.918215613382902,63.531598513011154,-1.0,-1.0,-1.0,0.25,4.15128205128205
1H,ES,bearish,sweep,CISD w/ sweep,7,2690,0.03996962438719349,-1.0,2.3873132451942256,26.95167286245353,65.31598513011151,-1.0,-1.0,-1.0,0.20799715234931182,4.3374999999999835
1H,ES,both,no_sweep,CISD no sweep,1,10042,0.012576434288954406,-0.11189358372456965,1.2220351302225776,44.02509460266879,31.139215295757815,-1.0,-1.0,-0.11189358372456965,0.47058823529411764,1.8259590792838847
1H,ES,both,no_sweep,CISD no sweep,2,10042,0.021428265151011254,-0.4588235294117647,1.6367965547097616,38.647679745070704,45.16032662816173,-1.0,-1.0,-0.4588235294117647,0.5495967741935484,2.5555555555555554
1H,ES,both,no_sweep,CISD no sweep,3,10042,0.0269104159743773,-1.0,1.9290523600145895,35.271858195578574,53.296156144194384,-1.0,-1.0,-1.0,0.56,3.0
1H,ES,both,no_sweep,CISD no sweep,4,10042,0.026708717856817527,-1.0,2.13967596530105,31.96574387572197,59.26110336586338,-1.0,-1.0,-1.0,0.5,3.3596470588235214
1H,ES,both,no_sweep,CISD no sweep,5,10042,0.029939597222963982,-1.0,2.268976196036512,29.496116311491733,63.73232423819957,-1.0,-1.0,-1.0,0.4090909090909091,3.713865546218478
1H,ES,both,no_sweep,CISD no sweep,6,10042,0.019705909521588717,-1.0,2.3513524950476374,27.534355706034653,67.18781119298944,-1.0,-1.0,-1.0,0.2410344827586207,4.026374999999994
1H,ES,both,no_sweep,CISD no sweep,7,10042,0.03432042853879485,-1.0,2.7648221854297086,25.423222465644297,69.75702051384187,-1.0,-1.0,-1.0,0.054488747553816046,4.371038961038952
1H,ES,bullish,no_sweep,CISD no sweep,1,5336,0.02375990168381269,-0.0625,1.2152107402607562,46.00824587706147,29.94752623688156,-1.0,-1.0,-0.0625,0.49296620346543146,1.7397435897435898
1H,ES,bullish,no_sweep,CISD no sweep,2,5336,0.038838315103067095,-0.3333333333333333,1.5871807155468642,41.473013493253376,43.215892053973015,-1.0,-1.0,-0.3333333333333333,0.5875350140056023,2.4347826086956523
1H,ES,bullish,no_sweep,CISD no sweep,3,5336,0.05951068855813791,-1.0,1.9637175416183403,38.21214392803598,51.25562218890555,-1.0,-1.0,-1.0,0.6450980392156863,2.9
1H,ES,bullish,no_sweep,CISD no sweep,4,5336,0.06051049642367364,-1.0,2.130846200918154,34.97001499250375,57.10269865067467,-1.0,-1.0,-1.0,0.6568216463414634,3.1092995169082127
1H,ES,bullish,no_sweep,CISD no sweep,5,5336,0.0674453277390901,-1.0,2.25898033187447,32.271364317841076,61.544227886056966,-1.0,-1.0,-1.0,0.6111111111111112,3.6015151515151516
1H,ES,bullish,no_sweep,CISD no sweep,6,5336,0.0630916689001917,-1.0,2.3254004212895865,30.547226386806596,64.97376311844077,-1.0,-1.0,-1.0,0.5,3.8539915966386555
1H,ES,bullish,no_sweep,CISD no sweep,7,5336,0.07589496090553782,-1.0,2.452564503219771,28.01724137931034,67.46626686656671,-1.0,-1.0,-1.0,0.3491048593350384,4.378472222222222
1H,ES,bearish,no_sweep,CISD no sweep,1,4706,-0.00010418237465879596,-0.17474832214765101,1.2297334764955328,41.77645558861028,32.490437739056524,-1.0,-1.0,-0.17474832214765101,0.4444444444444444,1.8888888888888888
1H,ES,bearish,no_sweep,CISD no sweep,2,4706,0.0016875030294281775,-0.6206699657403882,1.6912474332163505,35.444113897152576,47.36506587335317,-1.0,-1.0,-0.6206699657403882,0.5,2.6666666666666665
1H,ES,bearish,no_sweep,CISD no sweep,3,4706,-0.010054108995224626,-1.0,1.888504543069214,31.93795155121122,55.609859753506164,-1.0,-1.0,-1.0,0.4444444444444444,3.213345864661654
1H,ES,bearish,no_sweep,CISD no sweep,4,4706,-0.011618160688177018,-1.0,2.1492273043047727,28.559286017849555,61.708457288567786,-1.0,-1.0,-1.0,0.29039167686658507,3.574675324675325
1H,ES,bearish,no_sweep,CISD no sweep,5,4706,-0.012587087442154785,-1.0,2.2797509118083368,26.34934126646834,66.21334466638335,-1.0,-1.0,-1.0,0.1457142857142857,3.8383333333333334
1H,ES,bearish,no_sweep,CISD no sweep,6,4706,-0.02948797319074139,-1.0,2.3797271741949824,24.11814704632384,69.69825754356141,-1.0,-1.0,-1.0,-0.08160493827160493,4.296428571428571
1H,ES,bearish,no_sweep,CISD no sweep,7,4706,-0.012819755207261366,-1.0,3.0804218043939113,22.481937951551213,72.35444113897152,-1.0,-1.0,-1.0,-0.3477207977207977,4.326923076923077
1H,ES,both,prev_swing,prev-bar swing,1,5468,0.017619159222208167,-0.13043478260869565,1.2473503942417539,43.56254572055596,31.986100950987563,-1.0,-1.0,-0.13043478260869565,0.45454545454545453,1.9758928571428507
1H,ES,both,prev_swing,prev-bar swing,2,5468,0.032936662500206916,-0.45161290322580644,1.6974171688093307,38.62472567666423,45.00731528895391,-1.0,-1.0,-0.45161290322580644,0.5467906924460432,2.6201388888888837
1H,ES,both,prev_swing,prev-bar swing,3,5468,0.02791199513085814,-1.0,1.9261574097060132,35.40599853694221,53.18215069495245,-1.0,-1.0,-1.0,0.55,3.054144385026733
1H,ES,both,prev_swing,prev-bar swing,4,5468,0.02345573661501039,-1.0,2.1560990171166656,32.205559619604976,59.253840526700806,-1.0,-1.0,-1.0,0.4827586206896552,3.3710227272727233
1H,ES,both,prev_swing,prev-bar swing,5,5468,0.03543294126309054,-1.0,2.268295450451906,30.120702267739574,63.24067300658376,-1.0,-1.0,-1.0,0.44090225563909774,3.733492822966504
1H,ES,both,prev_swing,prev-bar swing,6,5468,0.03615727257805959,-1.0,2.409898840807953,28.16386247256767,66.38624725676664,-1.0,-1.0,-1.0,0.3076923076923077,4.040656565656561
1H,ES,both,prev_swing,prev-bar swing,7,5468,0.047713308941097266,-1.0,2.649339453459624,26.53621068032187,68.43452816386247,-1.0,-1.0,-1.0,0.14949411521784017,4.3951346389228885
1H,ES,bullish,prev_swing,prev-bar swing,1,2802,0.0323923024101668,-0.06280339805825243,1.1864048497575659,46.538187009279085,29.978586723768736,-1.0,-1.0,-0.06280339805825243,0.4750673854447439,1.8181177976952623
1H,ES,bullish,prev_swing,prev-bar swing,2,2802,0.051176169091996355,-0.29912280701754385,1.5998871232100627,41.93433261955746,42.71948608137045,-1.0,-1.0,-0.29912280701754385,0.5993055555555555,2.4792558139534857
1H,ES,bullish,prev_swing,prev-bar swing,3,2802,0.05486973039565051,-1.0,1.8311499185491367,38.97216274089936,50.428265524625274,-1.0,-1.0,-1.0,0.631578947368421,2.946874999999998
1H,ES,bullish,prev_swing,prev-bar swing,4,2802,0.06253990110078955,-1.0,2.048889377512141,36.045681655960024,56.20985010706639,-1.0,-1.0,-1.0,0.6440476190476191,3.2220202020202016
1H,ES,bullish,prev_swing,prev-bar swing,5,2802,0.06750664663949515,-1.0,2.1737155211961054,33.369022127052105,59.95717344753747,-1.0,-1.0,-1.0,0.6085487661574618,3.4285714285714284
1H,ES,bullish,prev_swing,prev-bar swing,6,2802,0.05603921355982557,-1.0,2.1518256845810706,31.69164882226981,63.13347608850821,-1.0,-1.0,-1.0,0.5329787234042553,3.83677419354838
1H,ES,bullish,prev_swing,prev-bar swing,7,2802,0.06408012169783375,-1.0,2.2419452751648956,29.693076374018556,65.13204853675946,-1.0,-1.0,-1.0,0.451530612244898,4.299285714285712
1H,ES,bearish,prev_swing,prev-bar swing,1,2666,0.0020923973269868145,-0.20144927536231885,1.3083929508756076,40.4351087771943,34.0960240060015,-1.0,-1.0,-0.20144927536231885,0.4229414951245937,2.081730769230769
1H,ES,bearish,prev_swing,prev-bar swing,2,2666,0.013766708460374201,-0.631578947368421,1.7943205305622512,35.14628657164291,47.41185296324081,-1.0,-1.0,-0.631578947368421,0.4708333333333333,2.7896959459459456
1H,ES,bearish,prev_swing,prev-bar swing,3,2666,-0.00042092842951254184,-1.0,2.0211622156492837,31.657914478619652,56.07651912978244,-1.0,-1.0,-1.0,0.43322981366459623,3.142857142857143
1H,ES,bearish,prev_swing,prev-bar swing,4,2666,-0.01762221870725262,-1.0,2.2629702749344736,28.169542385596397,62.453113278319584,-1.0,-1.0,-1.0,0.28523166023166024,3.478421052631579
1H,ES,bearish,prev_swing,prev-bar swing,5,2666,0.0017230678704852618,-1.0,2.363565393244184,26.70667666916729,66.69167291822956,-1.0,-1.0,-1.0,0.1685897435897436,3.8854166666666665
1H,ES,bearish,prev_swing,prev-bar swing,6,2666,0.015261099048086497,-1.0,2.6544821715247866,24.456114028507127,69.80495123780945,-1.0,-1.0,-1.0,-0.054884453781512604,4.376588021778584
1H,ES,bearish,prev_swing,prev-bar swing,7,2666,0.030511580004722316,-1.0,3.0191765207217336,23.218304576144035,71.90547636909227,-1.0,-1.0,-1.0,-0.2358765288293535,4.578125
1H,ES,both,cisd_swing,CISD-bar swing,1,4636,0.36756384515595714,0.18181818181818182,0.885369402997435,62.18723037100949,0.0,-0.6,-0.16666666666666666,0.18181818181818182,0.6740131578947368,1.8536299765807964
1H,ES,both,cisd_swing,CISD-bar swing,2,4636,0.3843978675468617,0.1512292738707833,1.4191421550091716,56.12597066436583,18.766177739430542,-1.0,-0.5,0.1512292738707833,0.8501436781609195,2.6666666666666665
1H,ES,both,cisd_swing,CISD-bar swing,3,4636,0.40936869779893714,0.07692307692307693,1.7854200203300419,51.63934426229508,28.817946505608283,-1.0,-1.0,0.07692307692307693,0.9429919137466307,3.347142857142857
1H,ES,both,cisd_swing,CISD-bar swing,4,4636,0.4140699247707241,-0.07142857142857142,2.0219577896095577,47.799827437446076,37.07937877480587,-1.0,-1.0,-0.07142857142857142,1.0,3.8115384615384613
1H,ES,both,cisd_swing,CISD-bar swing,5,4636,0.41234007191884015,-0.273030303030303,2.170421860710809,44.52113891285591,43.2053494391717,-1.0,-1.0,-0.273030303030303,1.0591176470588235,4.123355263157895
1H,ES,both,cisd_swing,CISD-bar swing,6,4636,0.4016305884603452,-0.5785361842105263,2.30266633816999,41.63071613459879,47.9939603106126,-1.0,-1.0,-0.5785361842105263,1.0,4.5769742679680565
1H,ES,both,cisd_swing,CISD-bar swing,7,4636,0.3981893781745156,-1.0,2.4573764022062448,38.69715271786022,51.79033649698016,-1.0,-1.0,-1.0,0.961894586894587,4.920833333333333
1H,ES,bullish,cisd_swing,CISD-bar swing,1,2297,0.36401887414423933,0.21428571428571427,0.8169981021897624,65.084893339138,0.0,-0.565426925091671,-0.12258064516129032,0.21428571428571427,0.66,1.683916083916082
1H,ES,bullish,cisd_swing,CISD-bar swing,2,2297,0.40377745112391455,0.23809523809523808,1.3501299687846289,60.861993905093605,16.15150195907706,-1.0,-0.36363636363636365,0.23809523809523808,0.8285714285714286,2.4388888888888878
1H,ES,bullish,cisd_swing,CISD-bar swing,3,2297,0.44125762107595357,0.2,1.7849827353506917,56.247279059643006,26.382237701349588,-1.0,-1.0,0.2,0.9583333333333334,2.960857142857142
1H,ES,bullish,cisd_swing,CISD-bar swing,4,2297,0.44077738315496573,0.11764705882352941,1.951648334319085,52.3291249455812,34.39268611232042,-1.0,-1.0,0.11764705882352941,1.0576923076923077,3.375
1H,ES,bullish,cisd_swing,CISD-bar swing,5,2297,0.44447676156295174,-0.0196078431372549,2.0989312351695544,49.020461471484545,40.26991728341315,-1.0,-1.0,-0.0196078431372549,1.16,3.9
1H,ES,bullish,cisd_swing,CISD-bar swing,6,2297,0.4425238517322366,-0.2727272727272727,2.266134524951301,46.147148454505874,45.40705267740531,-1.0,-1.0,-0.2727272727272727,1.0666666666666667,4.2
1H,ES,bullish,cisd_swing,CISD-bar swing,7,2297,0.4508198572864022,-0.6875,2.3962946763759225,42.66434479756204,49.23813670004353,-1.0,-1.0,-0.6875,1.1162790697674418,4.692105263157891
1H,ES,bearish,cisd_swing,CISD-bar swing,1,2339,0.3710451612799057,0.15833333333333333,0.9478881649592068,59.34159897392048,0.0,-0.627906976744186,-0.21199280945043658,0.15833333333333333,0.6923076923076923,1.9823529411764689
1H,ES,bearish,cisd_swing,CISD-bar swing,2,2339,0.36536627136195776,0.04950495049504951,1.4838378848948859,51.474989311671656,21.333903377511756,-1.0,-0.6104702750665484,0.04950495049504951,0.8588039867109634,2.9161835748792244
1H,ES,bearish,cisd_swing,CISD-bar swing,3,2339,0.3780523845166342,-0.06896551724137931,1.7856766573811216,47.11415134672937,31.209918768704576,-1.0,-1.0,-0.06896551724137931,0.9177927927927928,3.6327067669172926
1H,ES,bearish,cisd_swing,CISD-bar swing,4,2339,0.3878420359684141,-0.24752475247524752,2.08878821474133,43.351859769132105,39.71782813168021,-1.0,-1.0,-0.24752475247524752,0.9393382352941176,4.256684491978608
1H,ES,bearish,cisd_swing,CISD-bar swing,5,2339,0.38078044125936,-0.52,2.2384080433931866,40.10260795211629,46.08807182556648,-1.0,-1.0,-0.52,0.9583333333333334,4.566249999999997
1H,ES,bearish,cisd_swing,CISD-bar swing,6,2339,0.36147162063839805,-1.0,2.3377750155725097,37.19538264215477,50.53441641727234,-1.0,-1.0,-1.0,0.8941769316909294,5.027180232558136
1H,ES,bearish,cisd_swing,CISD-bar swing,7,2339,0.3465039525567287,-1.0,2.515359318068853,34.801197092774686,54.2967079948696,-1.0,-1.0,-1.0,0.7680350737345556,5.289346246973362
1H,ES,both,smt,CISD w/ SMT,1,2027,-0.00016481401149906846,-0.11538461538461539,1.077714076027649,43.75925012333497,29.60039467192896,-1.0,-1.0,-0.11538461538461539,0.4444444444444444,1.725757575757575
1H,ES,both,smt,CISD w/ SMT,2,2027,0.013158635073780761,-0.38461538461538464,1.4175584245393085,39.615194869264926,42.920572274296994,-1.0,-1.0,-0.38461538461538464,0.55,2.515217391304344
1H,ES,both,smt,CISD w/ SMT,3,2027,-0.011413469261584094,-1.0,1.5390559068929623,36.35915145535274,50.02466699555994,-1.0,-1.0,-1.0,0.5449494949494949,2.7746770025839775
1H,ES,both,smt,CISD w/ SMT,4,2027,-0.020664711825816855,-1.0,1.8282074928516343,33.10310804144056,56.09274790330537,-1.0,-1.0,-1.0,0.5198412698412699,2.9454954954954955
1H,ES,both,smt,CISD w/ SMT,5,2027,-0.031053056201241224,-1.0,1.9002053712007503,30.883078441045882,60.63147508633448,-1.0,-1.0,-1.0,0.4363970588235294,3.385673624288424
1H,ES,both,smt,CISD w/ SMT,6,2027,-0.03066695217209717,-1.0,2.0291738044849494,29.057720769610263,63.83818450912678,-1.0,-1.0,-1.0,0.32038123167155425,3.5096296296296288
1H,ES,both,smt,CISD w/ SMT,7,2027,-0.0299500363752988,-1.0,2.1326062981179432,27.824370991613222,66.10754810064134,-1.0,-1.0,-1.0,0.23606889564336372,3.8084415584415527
1H,ES,bullish,smt,CISD w/ SMT,1,941,0.02985059504997876,-0.038461538461538464,1.0290452878948417,47.18384697130712,26.992561105207223,-1.0,-1.0,-0.038461538461538464,0.4666666666666667,1.7
1H,ES,bullish,smt,CISD w/ SMT,2,941,0.06687939490759094,-0.16666666666666666,1.3661464806435486,44.52709883103082,39.63868225292242,-1.0,-1.0,-0.16666666666666666,0.6153846153846154,2.48
1H,ES,bullish,smt,CISD w/ SMT,3,941,0.04231502523135769,-0.43478260869565216,1.44702391046147,41.445270988310305,47.92773645058448,-1.0,-1.0,-0.43478260869565216,0.6829268292682927,2.7674418604651163
1H,ES,bullish,smt,CISD w/ SMT,4,941,0.040826390570133,-1.0,1.5940484542345088,38.150903294367694,53.13496280552603,-1.0,-1.0,-1.0,0.7,2.90625
1H,ES,bullish,smt,CISD w/ SMT,5,941,0.014090736006835785,-1.0,1.6144032594942943,35.38788522848034,57.279489904357064,-1.0,-1.0,-1.0,0.6774193548387096,3.292307692307692
1H,ES,bullish,smt,CISD w/ SMT,6,941,-0.017718546617643258,-1.0,1.6890063817377592,33.156216790648244,60.9989373007439,-1.0,-1.0,-1.0,0.5769230769230769,3.24468085106383
1H,ES,bullish,smt,CISD w/ SMT,7,941,0.0004593617381441764,-1.0,1.7803982497704178,32.30605738575983,62.911795961742826,-1.0,-1.0,-1.0,0.5531914893617021,3.823529411764706
1H,ES,bearish,smt,CISD w/ SMT,1,1086,-0.02617264083180352,-0.1865536723163842,1.117993972581133,40.79189686924494,31.860036832412526,-1.0,-1.0,-0.1865536723163842,0.40767709457029844,1.7610294117647058
1H,ES,bearish,smt,CISD w/ SMT,2,1086,-0.0333894634562518,-0.5294117647058824,1.4596718570143543,35.35911602209944,45.76427255985267,-1.0,-1.0,-0.5294117647058824,0.4951923076923077,2.5437062937062938
1H,ES,bearish,smt,CISD w/ SMT,3,1086,-0.05796826973843328,-1.0,1.6137818048646295,31.952117863720076,51.841620626151006,-1.0,-1.0,-1.0,0.3822115384615385,2.7874999999999996
1H,ES,bearish,smt,CISD w/ SMT,4,1086,-0.07394567624072369,-1.0,2.0083728117244823,28.7292817679558,58.65561694290976,-1.0,-1.0,-1.0,0.27033492822966504,3.0714285714285716
1H,ES,bearish,smt,CISD w/ SMT,5,1086,-0.0701693623410207,-1.0,2.1168496266863692,26.979742173112335,63.53591160220995,-1.0,-1.0,-1.0,0.17873303167420815,3.6538461538461537
1H,ES,bearish,smt,CISD w/ SMT,6,1086,-0.04188651904754939,-1.0,2.2840412855559005,25.50644567219153,66.29834254143645,-1.0,-1.0,-1.0,0.045087719298245614,3.918870192307692
1H,ES,bearish,smt,CISD w/ SMT,7,1086,-0.05629924781613659,-1.0,2.3968132610737665,23.941068139963168,68.87661141804789,-1.0,-1.0,-1.0,-0.10112871848909784,3.712121212121212
1H,ES,both,no_smt,CISD no SMT,1,12838,0.01805339777350362,-0.10526315789473684,1.2246003573902782,44.45396479202368,30.277301760398817,-1.0,-1.0,-0.10526315789473684,0.4666666666666667,1.826086956521739
1H,ES,both,no_smt,CISD no SMT,2,12838,0.02780299873564412,-0.41068376068376067,1.6210393719213274,39.180557719270915,43.932076647452874,-1.0,-1.0,-0.41068376068376067,0.5421963276836158,2.514415584415584
1H,ES,both,no_smt,CISD no SMT,3,12838,0.032784163072011596,-1.0,1.889312858873819,35.94017759775666,51.97850132419381,-1.0,-1.0,-1.0,0.5610526315789474,2.9619505494505485
1H,ES,both,no_smt,CISD no SMT,4,12838,0.03039283130304076,-1.0,2.0778839585401596,32.83221685620813,58.01526717557252,-1.0,-1.0,-1.0,0.5065432098765432,3.3636363636363638
1H,ES,both,no_smt,CISD no SMT,5,12838,0.03926773082439714,-1.0,2.2157834684400526,30.729085527340704,61.94111232279171,-1.0,-1.0,-1.0,0.4642857142857143,3.6680180180180146
1H,ES,both,no_smt,CISD no SMT,6,12838,0.03238174140486706,-1.0,2.2975854983603847,28.76616295373111,65.11138806667705,-1.0,-1.0,-1.0,0.3333333333333333,4.0
1H,ES,both,no_smt,CISD no SMT,7,12838,0.046078044641782875,-1.0,2.657204943554015,26.849976631874124,67.44820065430753,-1.0,-1.0,-1.0,0.20738636363636365,4.304528985507246
1H,ES,bullish,no_smt,CISD no SMT,1,6528,0.02534386902175317,-0.04969135802469136,1.2266373959258001,46.629901960784316,29.27389705882353,-1.0,-1.0,-0.04969135802469136,0.4782608695652174,1.6855113636363617
1H,ES,bullish,no_smt,CISD no SMT,2,6528,0.042809460610597955,-0.2745967741935484,1.5809075899484928,42.34068627450981,41.881127450980394,-1.0,-1.0,-0.2745967741935484,0.5882352941176471,2.3138838475499073
1H,ES,bullish,no_smt,CISD no SMT,3,6528,0.06082920280902302,-0.7857142857142857,1.8998361704310847,39.21568627450981,49.55575980392157,-1.0,-1.0,-0.7857142857142857,0.6340059588299025,2.8270614692653666
1H,ES,bullish,no_smt,CISD no SMT,4,6528,0.059713453897731174,-1.0,2.063605501188573,36.15196078431372,55.49938725490197,-1.0,-1.0,-1.0,0.6412955465587045,3.0625
1H,ES,bullish,no_smt,CISD no SMT,5,6528,0.0661042582948712,-1.0,2.175422330756571,33.74693627450981,59.40563725490197,-1.0,-1.0,-1.0,0.6150262780697564,3.4444444444444446
1H,ES,bullish,no_smt,CISD no SMT,6,6528,0.0630462019414193,-1.0,2.2470911481916396,31.924019607843135,62.65318627450981,-1.0,-1.0,-1.0,0.5395130153194669,3.711344537815123
1H,ES,bullish,no_smt,CISD no SMT,7,6528,0.07402273780433603,-1.0,2.3773904655007514,29.473039215686274,65.02757352941177,-1.0,-1.0,-1.0,0.45037105751391465,4.20829787234042
1H,ES,bearish,no_smt,CISD no SMT,1,6310,0.010511052875156066,-0.16666666666666666,1.2225408135213762,42.20285261489699,31.315372424722664,-1.0,-1.0,-0.16666666666666666,0.4444444444444444,1.9591282894736686
1H,ES,bearish,no_smt,CISD no SMT,2,6310,0.012278088574043711,-0.5449494949494949,1.6615207134085361,35.91125198098257,46.05388272583201,-1.0,-1.0,-0.5449494949494949,0.48148148148148145,2.689196197061361
1H,ES,bearish,no_smt,CISD no SMT,3,6310,0.0037702138797436847,-1.0,1.8780737155612506,32.55150554675119,54.484944532488115,-1.0,-1.0,-1.0,0.4564935064935065,3.2
1H,ES,bearish,no_smt,CISD no SMT,4,6310,5.9229987963255e-05,-1.0,2.0922843199202377,29.397781299524567,60.61806656101426,-1.0,-1.0,-1.0,0.3333333333333333,3.6153846153846154
1H,ES,bearish,no_smt,CISD no SMT,5,6310,0.01150404598648043,-1.0,2.256616186932797,27.606973058637085,64.56418383518225,-1.0,-1.0,-1.0,0.25,3.871249999999994
1H,ES,bearish,no_smt,CISD no SMT,6,6310,0.0006578747832168216,-1.0,2.3484391102634876,25.499207606973055,67.65451664025358,-1.0,-1.0,-1.0,0.058823529411764705,4.277777777777778
1H,ES,bearish,no_smt,CISD no SMT,7,6310,0.017167908831141485,-1.0,2.9185002631632133,24.136291600633914,69.95245641838352,-1.0,-1.0,-1.0,-0.07813852813852813,4.404464285714275
15min,NQ,both,all_cisd,All CISDs,1,61456,0.013475296785828313,-0.11526806526806527,1.2474829848624156,44.25279875032543,29.928729497526685,-1.0,-1.0,-0.11526806526806527,0.47368421052631576,1.8333333333333333
15min,NQ,both,all_cisd,All CISDs,2,61456,0.017649869934301985,-0.38823529411764707,1.5871235472481422,39.79269721426712,43.54985680812288,-1.0,-1.0,-0.38823529411764707,0.5588235294117647,2.457243935309973
15min,NQ,both,all_cisd,All CISDs,3,61456,0.02274837084043259,-1.0,1.819254601814172,36.50579276230149,51.61416297839104,-1.0,-1.0,-1.0,0.5822784810126582,2.896551724137931
15min,NQ,both,all_cisd,All CISDs,4,61456,0.030042449996084786,-1.0,2.381367464815327,33.921830252538406,57.071726112991406,-1.0,-1.0,-1.0,0.5609756097560976,3.2222222222222223
15min,NQ,both,all_cisd,All CISDs,5,61456,0.03188772355028515,-1.0,2.4921539720567187,31.62425149700599,60.84027596979953,-1.0,-1.0,-1.0,0.5133341305907677,3.4767080745341614
15min,NQ,both,all_cisd,All CISDs,6,61456,0.03718768737337161,-1.0,2.6420795786583215,29.943374121322574,63.92541004946628,-1.0,-1.0,-1.0,0.4392049760040414,3.7083333333333335
15min,NQ,both,all_cisd,All CISDs,7,61456,0.03967792610420181,-1.0,2.7435289225277284,28.334092684196822,66.32875553241342,-1.0,-1.0,-1.0,0.3431201655953808,3.9403933721224385
15min,NQ,bullish,all_cisd,All CISDs,1,30815,0.028763464737400886,-0.078125,1.3357107677243079,45.88025312347882,28.88203796852182,-1.0,-1.0,-0.078125,0.4874991318841586,1.7692307692307692
15min,NQ,bullish,all_cisd,All CISDs,2,30815,0.03794238032881189,-0.2978723404255319,1.6487369937246301,41.60311536589323,42.24890475417816,-1.0,-1.0,-0.2978723404255319,0.5882352941176471,2.4
15min,NQ,bullish,all_cisd,All CISDs,3,30815,0.04600823587945553,-1.0,1.8615897286949432,38.413110498134024,50.13467467142625,-1.0,-1.0,-1.0,0.635027885027885,2.8273667711598742
15min,NQ,bullish,all_cisd,All CISDs,4,30815,0.06095771862098887,-1.0,2.7268483445321747,35.97598572123965,55.547622910920005,-1.0,-1.0,-1.0,0.6446521287642784,3.125
15min,NQ,bullish,all_cisd,All CISDs,5,30815,0.06219229805162183,-1.0,2.823106251553196,33.66866785656336,59.19844231705338,-1.0,-1.0,-1.0,0.6232401157184185,3.356436058700208
15min,NQ,bullish,all_cisd,All CISDs,6,30815,0.06648410306011744,-1.0,2.9542453446497507,32.01687489858835,62.23267889015091,-1.0,-1.0,-1.0,0.5714285714285714,3.5833333333333335
15min,NQ,bullish,all_cisd,All CISDs,7,30815,0.07337910903831639,-1.0,3.048947984277989,30.43972091513873,64.63735193899075,-1.0,-1.0,-1.0,0.5104211897524967,3.8412679425837313
15min,NQ,bearish,all_cisd,All CISDs,1,30641,-0.001899687562845317,-0.15384615384615385,1.151776630050984,42.61610260761724,30.981364837962204,-1.0,-1.0,-0.15384615384615385,0.45714285714285713,1.9
15min,NQ,bearish,all_cisd,All CISDs,2,30641,-0.0027578748457907924,-0.4764705882352941,1.5224020530429974,37.97199830292745,44.85819653405568,-1.0,-1.0,-0.4764705882352941,0.5240641711229946,2.5
15min,NQ,bearish,all_cisd,All CISDs,3,30641,-0.000643579199627835,-1.0,1.7753844853063707,34.58764400639666,53.102052805065114,-1.0,-1.0,-1.0,0.5151515151515151,2.9655172413793105
15min,NQ,bearish,all_cisd,All CISDs,4,30641,-0.0010483761086904977,-1.0,1.973412102015316,31.856009921347216,58.604484187852876,-1.0,-1.0,-1.0,0.4528301886792453,3.3548387096774195
15min,NQ,bearish,all_cisd,All CISDs,5,30641,0.0014110594969354118,-1.0,2.107153177634649,29.56822558010509,62.49143304722431,-1.0,-1.0,-1.0,0.38333333333333336,3.627450980392157
15min,NQ,bearish,all_cisd,All CISDs,6,30641,0.007724907131634314,-1.0,2.2852087778151797,27.858098626023953,65.62775366339218,-1.0,-1.0,-1.0,0.28205128205128205,3.86
15min,NQ,bearish,all_cisd,All CISDs,7,30641,0.00578536541379547,-1.0,2.3970244267148986,26.21650729414836,68.02976404164355,-1.0,-1.0,-1.0,0.13333333333333333,4.0588235294117645
15min,NQ,both,fvg_any,CISD w/ FVG (mid0|mid1),1,14385,0.922636197335707,0.6052631578947368,1.799539963401823,82.59993048314216,3.670490093847758,-0.4,0.15463917525773196,0.6052631578947368,1.2718446601941749,3.1470588235294117
15min,NQ,both,fvg_any,CISD w/ FVG (mid0|mid1),2,14385,1.2053506678675625,0.7906976744186046,2.286109687765451,78.74869655891553,6.562391379909628,-1.0,0.11920529801324503,0.7906976744186046,1.7142857142857142,4.294889103182256
15min,NQ,both,fvg_any,CISD w/ FVG (mid0|mid1),3,14385,1.2175519392402883,0.7111111111111111,2.5752236212068045,73.11087938825165,11.53979840111227,-1.0,-0.05660377358490566,0.7111111111111111,1.8125,4.857142857142857
15min,NQ,both,fvg_any,CISD w/ FVG (mid0|mid1),4,14385,1.2297879706078765,0.660377358490566,3.832196990698263,68.71046228710462,17.622523461939522,-1.0,-0.2717391304347826,0.660377358490566,1.8666666666666667,5.25
15min,NQ,both,fvg_any,CISD w/ FVG (mid0|mid1),5,14385,1.2346572550090738,0.6,3.972175109805748,64.44907890163365,22.655543969412584,-1.0,-0.5614035087719298,0.6,1.9416666666666667,5.676046901172521
15min,NQ,both,fvg_any,CISD w/ FVG (mid0|mid1),6,14385,1.2405003647981692,0.5436893203883495,4.140849679481576,61.668404588112615,27.48001390337157,-1.0,-1.0,0.5436893203883495,2.0,6.083333333333333
15min,NQ,both,fvg_any,CISD w/ FVG (mid0|mid1),7,14385,1.2573818810593775,0.4594594594594595,4.285053747493017,58.9224887035106,31.359054570733402,-1.0,-1.0,0.4594594594594595,2.0588235294117645,6.444444444444445
15min,NQ,bullish,fvg_any,CISD w/ FVG (mid0|mid1),1,7552,0.8988281682408734,0.5882352941176471,2.0277031586043024,83.72616525423729,3.4427966101694913,-0.3462150040771949,0.16925347552847075,0.5882352941176471,1.1940656565656564,3.0
15min,NQ,bullish,fvg_any,CISD w/ FVG (mid0|mid1),2,7552,1.1906548736467273,0.7784237726098191,2.4797007448362898,80.13771186440678,6.342690677966102,-1.0,0.15789473684210525,0.7784237726098191,1.634536610343062,4.1235848052777175
15min,NQ,bullish,fvg_any,CISD w/ FVG (mid0|mid1),3,7552,1.2063267506294912,0.7111111111111111,2.773758407832545,74.21875,11.400953389830509,-1.0,-0.019230769230769232,0.7111111111111111,1.7408073541167066,4.6375
15min,NQ,bullish,fvg_any,CISD w/ FVG (mid0|mid1),4,7552,1.2397378295592694,0.6811868686868687,4.674681639148125,70.11387711864407,17.531779661016948,-1.0,-0.22119972733469667,0.6811868686868687,1.8112331081081081,5.0
15min,NQ,bullish,fvg_any,CISD w/ FVG (mid0|mid1),5,7552,1.236719039947148,0.6339745791824116,4.785964606530218,65.83686440677965,22.78866525423729,-1.0,-0.5169922669922671,0.6339745791824116,1.9153368794326242,5.345327709279688
15min,NQ,bullish,fvg_any,CISD w/ FVG (mid0|mid1),6,7552,1.2461582727265714,0.5963829915925725,4.94406912943333,63.47987288135594,27.396716101694917,-1.0,-1.0,0.5963829915925725,1.952922077922078,5.75
15min,NQ,bullish,fvg_any,CISD w/ FVG (mid0|mid1),7,7552,1.2769154907290168,0.5563492063492064,5.074077020664165,60.80508474576271,31.07786016949153,-1.0,-1.0,0.5563492063492064,2.0262372762372762,6.145092838196284
15min,NQ,bearish,fvg_any,CISD w/ FVG (mid0|mid1),1,6833,0.9489494178426856,0.6285714285714286,1.507436105682603,81.35518805795404,3.922142543538709,-0.44134828033249446,0.13333333333333333,0.6285714285714286,1.3571428571428572,3.3616541353383416
15min,NQ,bearish,fvg_any,CISD w/ FVG (mid0|mid1),2,6833,1.2215928218198162,0.803921568627451,2.05105953958574,77.21352261085906,6.8052100102444015,-1.0,0.07602339181286549,0.803921568627451,1.8181818181818181,4.428571428571429
15min,NQ,bearish,fvg_any,CISD w/ FVG (mid0|mid1),3,6833,1.2299582943388894,0.711864406779661,2.336393491470429,71.88643348456021,11.693253329430704,-1.0,-0.09302325581395349,0.711864406779661,1.9166666666666667,5.071428571428571
15min,NQ,bearish,fvg_any,CISD w/ FVG (mid0|mid1),4,6833,1.2187911412794823,0.6346153846153846,2.60124813509206,67.15937362798185,17.722815747109617,-1.0,-0.32608695652173914,0.6346153846153846,1.9285714285714286,5.544107744107743
15min,NQ,bearish,fvg_any,CISD w/ FVG (mid0|mid1),5,6833,1.2323785194826087,0.5625,2.8112483076342984,62.91526415922728,22.508415044636322,-1.0,-0.6,0.5625,1.978021978021978,5.934683544303796
15min,NQ,bearish,fvg_any,CISD w/ FVG (mid0|mid1),6,6833,1.234247105515966,0.48214285714285715,3.0139561885318913,59.66632518659447,27.57207668666764,-1.0,-1.0,0.48214285714285715,2.075,6.41571428571428
15min,NQ,bearish,fvg_any,CISD w/ FVG (mid0|mid1),7,6833,1.2357928542446375,0.3472222222222222,3.19401950471264,56.84179716083712,31.669837553051366,-1.0,-1.0,0.3472222222222222,2.090909090909091,6.632280701754386
15min,NQ,both,fvg_mid0,CISD-FVG mid0,1,7210,0.4351243453350394,0.24050632911392406,1.725457541495743,72.60748959778086,0.23578363384188628,-0.32091181055913703,-0.022222222222222223,0.24050632911392406,0.6086956521739131,1.5290296052631542
15min,NQ,both,fvg_mid0,CISD-FVG mid0,2,7210,0.44537577392994715,0.23173696485749298,1.8390873768306657,64.68793342579751,6.005547850208044,-1.0,-0.16666666666666666,0.23173696485749298,0.7624523610573298,2.0804487179487134
15min,NQ,both,fvg_mid0,CISD-FVG mid0,3,7210,0.4427192019710913,0.2214791787160208,1.9912447187228652,60.457697642163666,13.120665742024965,-1.0,-0.30669243986254296,0.2214791787160208,0.868915848116112,2.4423001402524527
15min,NQ,both,fvg_mid0,CISD-FVG mid0,4,7210,0.4535113311851755,0.19739665687824712,2.1494477664171994,57.87794729542303,20.29126213592233,-1.0,-0.5496142929917764,0.19739665687824712,0.9578101136942134,2.7610476190476176
15min,NQ,both,fvg_mid0,CISD-FVG mid0,5,7210,0.4568317963207666,0.14285714285714285,2.2472070554414914,54.618585298196955,25.409153952843273,-1.0,-1.0,0.14285714285714285,1.0127890402280646,2.9616296296296274
15min,NQ,both,fvg_mid0,CISD-FVG mid0,6,7210,0.4744288341406388,0.12058579144162859,2.3551450021286464,53.342579750346744,30.374479889042995,-1.0,-1.0,0.12058579144162859,1.0793408826945412,3.2693877551020356
15min,NQ,both,fvg_mid0,CISD-FVG mid0,7,7210,0.48602070360339017,0.05652769324406573,2.481307515602714,51.34535367545077,34.0499306518724,-1.0,-1.0,0.05652769324406573,1.0990964167357085,3.569794188861983
15min,NQ,bullish,fvg_mid0,CISD-FVG mid0,1,3741,0.4469472068239808,0.24523506988564167,2.179688080389007,74.09783480352847,0.29403902699812884,-0.29809725158562367,0.0,0.24523506988564167,0.5870967741935483,1.4155844155844155
15min,NQ,bullish,fvg_mid0,CISD-FVG mid0,2,3741,0.46224580811322125,0.2550335570469799,2.274001638118172,66.5597433841219,6.148088746324512,-1.0,-0.13829787234042554,0.2550335570469799,0.75,1.934782608695652
15min,NQ,bullish,fvg_mid0,CISD-FVG mid0,3,3741,0.4573473965385915,0.25,2.4444784473526777,61.77492649024325,13.09810211173483,-1.0,-0.278125,0.25,0.8505747126436781,2.2444444444444445
15min,NQ,bullish,fvg_mid0,CISD-FVG mid0,4,3741,0.4803842311724176,0.2388888888888889,2.5931627712306176,59.42261427425822,20.261962042234696,-1.0,-0.5092250922509225,0.2388888888888889,0.9578313253012049,2.596774193548387
15min,NQ,bullish,fvg_mid0,CISD-FVG mid0,5,3741,0.4763004152672695,0.1945392491467577,2.66377805626458,56.16145415664261,25.688318631381986,-1.0,-1.0,0.1945392491467577,1.0303030303030303,2.7313432835820897
15min,NQ,bullish,fvg_mid0,CISD-FVG mid0,6,3741,0.49302284408417174,0.183206106870229,2.725109646224595,55.46645282010157,30.36621224271585,-1.0,-1.0,0.183206106870229,1.063157894736842,3.086206896551724
15min,NQ,bullish,fvg_mid0,CISD-FVG mid0,7,3741,0.5114213881104035,0.14736842105263157,2.8378560946783082,53.96952686447474,33.707564822240045,-1.0,-1.0,0.14736842105263157,1.13,3.2954545454545454
15min,NQ,bearish,fvg_mid0,CISD-FVG mid0,1,3469,0.42237446789770033,0.234375,1.0318856489462112,71.00028826751225,0.17296050735082155,-0.34210526315789475,-0.0390625,0.234375,0.6338797814207651,1.6324702886247877
15min,NQ,bearish,fvg_mid0,CISD-FVG mid0,2,3469,0.4271829812289877,0.20863309352517986,1.2055858516485733,62.66935716344768,5.851830498702796,-1.0,-0.2007042253521127,0.20863309352517986,0.7843137254901961,2.220574162679424
15min,NQ,bearish,fvg_mid0,CISD-FVG mid0,3,3469,0.42694402875776816,0.1958041958041958,1.340753445156595,59.03718650908043,13.144998558662438,-1.0,-0.3333333333333333,0.1958041958041958,0.8933333333333333,2.6277777777777773
15min,NQ,bearish,fvg_mid0,CISD-FVG mid0,4,3469,0.4245313603427794,0.15217391304347827,1.533108916500359,56.212164889017004,20.322859613721533,-1.0,-0.5696969696969697,0.15217391304347827,0.9577464788732394,2.9629919447640964
15min,NQ,bearish,fvg_mid0,CISD-FVG mid0,5,3469,0.43583666703887913,0.09243697478991597,1.6865109167403476,52.95474200057654,25.108100317094262,-1.0,-1.0,0.09243697478991597,0.9929824561403509,3.2773170731707304
15min,NQ,bearish,fvg_mid0,CISD-FVG mid0,6,3469,0.45437689087204364,0.041666666666666664,1.8763274540918713,51.0521764197175,30.38339579129432,-1.0,-1.0,0.041666666666666664,1.0963855421686748,3.629244982478496
15min,NQ,bearish,fvg_mid0,CISD-FVG mid0,7,3469,0.4586283828363863,-0.06224066390041494,2.02778877329625,48.515422311905446,34.41914096281349,-1.0,-1.0,-0.06224066390041494,1.0506329113924051,3.9258572752548653
15min,NQ,both,fvg_mid1,CISD-FVG mid1,1,9162,1.358951874432669,1.0,2.1120666433967243,94.2261514953067,5.577384850469329,-1.0,0.5555555555555556,1.0,1.7083333333333333,3.7857142857142856
15min,NQ,both,fvg_mid1,CISD-FVG mid1,2,9162,1.8562223452050974,1.3421935711762627,2.600623583993966,94.42261514953067,5.577384850469329,-1.0,0.7439024390243902,1.3421935711762627,2.314236111111111,5.184925925925921
15min,NQ,both,fvg_mid1,CISD-FVG mid1,3,9162,1.8726514897415438,1.293400286944046,2.9537538966082777,87.27352106526959,8.120497707924033,-1.0,0.5286507936507936,1.293400286944046,2.531748670212766,5.899117647058804
15min,NQ,both,fvg_mid1,CISD-FVG mid1,4,9162,1.8911295043394265,1.25,4.5863268707082065,81.18314778432656,12.573673870333987,-1.0,0.31795605057194465,1.25,2.611111111111111,6.40333333333333
15min,NQ,both,fvg_mid1,CISD-FVG mid1,5,9162,1.9004044632885957,1.2105263157894737,4.752713572078071,76.00960488976206,17.2342283344248,-1.0,0.06924006149791347,1.2105263157894737,2.7072119428090833,6.947222222222219
15min,NQ,both,fvg_mid1,CISD-FVG mid1,6,9162,1.8989965494135534,1.1607919254658385,4.951290238446322,71.77472167648985,21.840209561231173,-1.0,-0.2582661290322581,1.1607919254658385,2.785364145658263,7.479913043478259
15min,NQ,both,fvg_mid1,CISD-FVG mid1,7,9162,1.9213649868804095,1.099618320610687,5.115519560607806,68.39118096485484,25.758567998253657,-1.0,-1.0,1.099618320610687,2.863244514106583,7.909773166023145
15min,NQ,bullish,fvg_mid1,CISD-FVG mid1,1,4916,1.2988990411895802,0.9246918966081361,2.402283283600771,94.69080553295363,5.065093572009764,-1.0,0.5333333333333333,0.9246918966081361,1.5833333333333333,3.54712771890686
15min,NQ,bullish,fvg_mid1,CISD-FVG mid1,2,4916,1.796312809541989,1.2612040133779265,2.854766433262465,94.93490642799024,5.065093572009764,-1.0,0.7142857142857143,1.2612040133779265,2.1753676470588235,5.0
15min,NQ,bullish,fvg_mid1,CISD-FVG mid1,3,4916,1.8193784012596679,1.2361111111111112,3.203080461061813,87.65256305939788,7.933279088689991,-1.0,0.5260659560293137,1.2361111111111112,2.4024786189420335,5.6
15min,NQ,bullish,fvg_mid1,CISD-FVG mid1,4,4916,1.8619375714913717,1.2105263157894737,5.618957887277639,82.16029292107405,12.449145646867372,-1.0,0.35115719167443304,1.2105263157894737,2.48970646178093,6.0332108535895985
15min,NQ,bullish,fvg_mid1,CISD-FVG mid1,5,4916,1.8609905681075012,1.1666666666666667,5.751981555232234,76.87144019528071,17.331163547599672,-1.0,0.12221442358308475,1.1666666666666667,2.579943899018233,6.486111111111112
15min,NQ,bullish,fvg_mid1,CISD-FVG mid1,6,4916,1.8664127806727349,1.1264717643399833,5.941211806670102,73.04719283970708,21.724979658258746,-1.0,-0.16716867469879518,1.1264717643399833,2.655665024630542,7.0
15min,NQ,bullish,fvg_mid1,CISD-FVG mid1,7,4916,1.9043440372420615,1.10212950890917,6.085320849310409,69.5280716029292,25.549227013832382,-1.0,-1.0,1.10212950890917,2.75,7.650537634408602
15min,NQ,bearish,fvg_mid1,CISD-FVG mid1,1,4246,1.4284807788657883,1.1016949152542372,1.7134591250949647,93.68817710786622,6.170513424399434,-1.0,0.6,1.1016949152542372,1.8571428571428572,4.099193548387096
15min,NQ,bearish,fvg_mid1,CISD-FVG mid1,2,4246,1.9255853403345937,1.4405128205128204,2.2694915941988265,93.82948657560057,6.170513424399434,-1.0,0.7801219512195122,1.4405128205128204,2.477116704805492,5.34945652173913
15min,NQ,bearish,fvg_mid1,CISD-FVG mid1,3,4246,1.9343308357087847,1.3791392993979201,2.6348206840313484,86.83466792275082,8.337258596325954,-1.0,0.5334355828220859,1.3791392993979201,2.665909090909091,6.283730158730158
15min,NQ,bearish,fvg_mid1,CISD-FVG mid1,4,4246,1.9249277949378811,1.3125,2.9724801816277537,80.05181347150258,12.717852096090438,-1.0,0.2798067574137093,1.3125,2.749368686868687,6.716307277628033
15min,NQ,bearish,fvg_mid1,CISD-FVG mid1,5,4246,1.946037696616495,1.2643068766567909,3.230471924940649,75.01177578897786,17.121997173810648,-1.0,0.003700089803813208,1.2643068766567909,2.888095238095238,7.333333333333333
15min,NQ,bearish,fvg_mid1,CISD-FVG mid1,6,4246,1.936721892590629,1.196345126835781,3.4689778950094787,70.30146019783325,21.97362223268959,-1.0,-0.33540802213001386,1.196345126835781,2.9357058301272567,7.9401181525241675
15min,NQ,bearish,fvg_mid1,CISD-FVG mid1,7,4246,1.941071767008087,1.0954451345755694,3.687400060292392,67.0748940178992,26.000942063118227,-1.0,-1.0,1.0954451345755694,3.045710784313725,8.155450500556174
15min,NQ,both,fvg_none,CISD no FVG,1,47071,-0.2643662522445727,-0.3821138211382114,0.8440399251500463,32.53383187100338,37.953304582439294,-1.0,-1.0,-0.3821138211382114,0.18181818181818182,1.168956289027654
15min,NQ,both,fvg_none,CISD no FVG,2,47071,-0.3453140776824887,-1.0,1.0624685294727867,27.8876590682161,54.85330670688959,-1.0,-1.0,-1.0,0.11538461538461539,1.498148148148148
15min,NQ,both,fvg_none,CISD no FVG,3,47071,-0.34238619888258,-1.0,1.313380920420026,25.319198657347414,63.86097597246712,-1.0,-1.0,-1.0,0.026229790161678708,1.9375
15min,NQ,both,fvg_none,CISD no FVG,4,47071,-0.33660239107380174,-1.0,1.5303247611045827,23.290348622293983,69.1274882624121,-1.0,-1.0,-1.0,-0.13043478260869565,2.2869249394673123
15min,NQ,both,fvg_none,CISD no FVG,5,47071,-0.33568126181298896,-1.0,1.6462331154601038,21.592912833804252,72.50961313760065,-1.0,-1.0,-1.0,-0.3677315753887762,2.5
15min,NQ,both,fvg_none,CISD no FVG,6,47071,-0.33054728457869464,-1.0,1.8155918771587134,20.248135794863078,75.06320239637994,-1.0,-1.0,-1.0,-1.0,2.695283714075166
15min,NQ,both,fvg_none,CISD no FVG,7,47071,-0.3324550515684671,-1.0,1.9038143005430748,18.98621231756283,77.0155722206879,-1.0,-1.0,-1.0,-1.0,2.8
15min,NQ,bullish,fvg_none,CISD no FVG,1,23263,-0.2536905885170472,-0.344,0.8385370494720501,33.59411941710012,37.14052357821433,-1.0,-1.0,-0.344,0.19378911892152142,1.1499253731343266
15min,NQ,bullish,fvg_none,CISD no FVG,2,23263,-0.3362692325129066,-1.0,1.0165842089797,29.093410136267895,53.90534324893608,-1.0,-1.0,-1.0,0.14432989690721648,1.4421452301850965
15min,NQ,bullish,fvg_none,CISD no FVG,3,23263,-0.3306725629595708,-1.0,1.2305178289855199,26.789322099471264,62.70902291192022,-1.0,-1.0,-1.0,0.09134826526130874,1.9056603773584906
15min,NQ,bullish,fvg_none,CISD no FVG,4,23263,-0.32171637319029495,-1.0,1.4692280300417397,24.893607875166573,67.88892232300219,-1.0,-1.0,-1.0,0.0,2.25
15min,NQ,bullish,fvg_none,CISD no FVG,5,23263,-0.31910099837596767,-1.0,1.5902359546534677,23.22572325151528,71.01835532820358,-1.0,-1.0,-1.0,-0.168070796460177,2.4542716319824693
15min,NQ,bullish,fvg_none,CISD no FVG,6,23263,-0.31648023212111714,-1.0,1.7400803330836323,21.802862915359153,73.54167562223273,-1.0,-1.0,-1.0,-0.4140956852224458,2.6382978723404253
15min,NQ,bullish,fvg_none,CISD no FVG,7,23263,-0.3173317517504112,-1.0,1.825850777315841,20.582040149593777,75.53196062416713,-1.0,-1.0,-1.0,-1.0,2.7842607313195535
15min,NQ,bearish,fvg_none,CISD no FVG,1,23808,-0.2747975343889539,-0.4196979717813051,0.8492703858404124,31.497815860215056,38.74747983870967,-1.0,-1.0,-0.4196979717813051,0.16705607476635514,1.1931141439205928
15min,NQ,bearish,fvg_none,CISD no FVG,2,23808,-0.3541518730949546,-1.0,1.1054143208180969,26.709509408602152,55.77956989247311,-1.0,-1.0,-1.0,0.08165718210361067,1.5384615384615385
15min,NQ,bearish,fvg_none,CISD no FVG,3,23808,-0.3538316925182051,-1.0,1.3895130507196607,23.882728494623656,64.98655913978494,-1.0,-1.0,-1.0,-0.04993093922651934,1.9845063538611905
15min,NQ,bearish,fvg_none,CISD no FVG,4,23808,-0.35114764619913846,-1.0,1.587649734497295,21.723790322580644,70.33770161290323,-1.0,-1.0,-1.0,-0.26666666666666666,2.3225806451612905
15min,NQ,bearish,fvg_none,CISD no FVG,5,23808,-0.3518819787289595,-1.0,1.6990439730410196,19.99747983870968,73.96673387096774,-1.0,-1.0,-1.0,-0.6180306650736758,2.5480519480519392
15min,NQ,bearish,fvg_none,CISD no FVG,6,23808,-0.34429232159653006,-1.0,1.8863928131012344,18.72899865591398,76.54989919354838,-1.0,-1.0,-1.0,-1.0,2.744682080924849
15min,NQ,bearish,fvg_none,CISD no FVG,7,23808,-0.3472321568972404,-1.0,1.9769523252390209,17.426915322580644,78.46522177419355,-1.0,-1.0,-1.0,-1.0,2.836827956989236
15min,NQ,both,sweep,CISD w/ sweep,1,19147,-0.0013311902412644538,-0.08695652173913043,1.0648221649838585,45.22379485036821,28.375202381574137,-1.0,-1.0,-0.08695652173913043,0.4441473559120618,1.6923076923076923
15min,NQ,both,sweep,CISD w/ sweep,2,19147,-0.005425381590024416,-0.3409090909090909,1.4400110919658566,40.36663707108163,42.22593617799133,-1.0,-1.0,-0.3409090909090909,0.5434782608695652,2.230345800988004
15min,NQ,both,sweep,CISD w/ sweep,3,19147,-0.003914356687017106,-1.0,1.6862036582560636,37.01885412858411,50.36820389617173,-1.0,-1.0,-1.0,0.5714285714285714,2.6787774832371753
15min,NQ,both,sweep,CISD w/ sweep,4,19147,7.637775052034837e-05,-1.0,1.85723441223873,34.485820232934664,55.617067947981404,-1.0,-1.0,-1.0,0.5478856462179869,2.9700135685210314
15min,NQ,both,sweep,CISD w/ sweep,5,19147,-0.00025862973581180474,-1.0,1.9897057341400601,32.18258735049877,59.49757142111035,-1.0,-1.0,-1.0,0.5079686314191754,3.225534883720936
15min,NQ,both,sweep,CISD w/ sweep,6,19147,-0.0023223628667891,-1.0,2.154582374816007,30.526975505301092,62.678226353998014,-1.0,-1.0,-1.0,0.4405284006507746,3.4242424242424243
15min,NQ,both,sweep,CISD w/ sweep,7,19147,-0.0011309631003716008,-1.0,2.230522068460089,29.048937170313888,64.89789523162898,-1.0,-1.0,-1.0,0.37125713277251604,3.6245129870129884
15min,NQ,bullish,sweep,CISD w/ sweep,1,8743,0.0170056107989769,-0.043478260869565216,1.0520684551313395,47.50085782912044,27.08452476266728,-1.0,-1.0,-0.043478260869565216,0.4583333333333333,1.6314347512617153
15min,NQ,bullish,sweep,CISD w/ sweep,2,8743,0.012274047723965738,-0.23655913978494625,1.3265089585764565,42.50257348736132,40.47809676312479,-1.0,-1.0,-0.23655913978494625,0.5803533418475948,2.183470948012232
15min,NQ,bullish,sweep,CISD w/ sweep,3,8743,0.010009094088584409,-0.5808823529411765,1.5024254934561752,39.34576232414503,48.164245682260095,-1.0,-1.0,-0.5808823529411765,0.6306020066889633,2.587280701754384
15min,NQ,bullish,sweep,CISD w/ sweep,4,8743,0.010803401238826985,-1.0,1.6580643377006583,37.206908383849935,53.40272217774219,-1.0,-1.0,-1.0,0.6423240938166311,2.8035294117647043
15min,NQ,bullish,sweep,CISD w/ sweep,5,8743,0.011521997098883949,-1.0,1.8132229959700905,34.782111403408436,57.20004575088642,-1.0,-1.0,-1.0,0.6286754210676563,3.0432971014492747
15min,NQ,bullish,sweep,CISD w/ sweep,6,8743,0.008004608997661773,-1.0,1.9356337310372664,33.16939265698273,60.50554729497885,-1.0,-1.0,-1.0,0.5670872441914141,3.304904140038899
15min,NQ,bullish,sweep,CISD w/ sweep,7,8743,0.01629764416623172,-1.0,2.004695575965105,31.762552899462428,62.54146174082123,-1.0,-1.0,-1.0,0.5617378048780488,3.4982758620689594
15min,NQ,bearish,sweep,CISD w/ sweep,1,10404,-0.016740518527964782,-0.13333333333333333,1.0752314666501726,43.31026528258362,29.459823144944252,-1.0,-1.0,-0.13333333333333333,0.42592592592592593,1.7288122852233687
15min,NQ,bearish,sweep,CISD w/ sweep,2,10404,-0.020299094632336603,-0.4315136126393003,1.5287958546829499,38.57170319108035,43.694732795078814,-1.0,-1.0,-0.4315136126393003,0.5086084905660377,2.2623938879456724
15min,NQ,bearish,sweep,CISD w/ sweep,3,10404,-0.015614926672703758,-1.0,1.8263878619071248,35.06343713956171,52.22029988465975,-1.0,-1.0,-1.0,0.5091766723842195,2.7616190476190483
15min,NQ,bearish,sweep,CISD w/ sweep,4,10404,-0.008938074994410926,-1.0,2.009434500208882,32.19915417147251,57.47789311803153,-1.0,-1.0,-1.0,0.45486920486920485,3.148928571428574
15min,NQ,bearish,sweep,CISD w/ sweep,5,10404,-0.010158477911104491,-1.0,2.126754897718446,29.998077662437524,61.42829680891965,-1.0,-1.0,-1.0,0.38733750601829564,3.4053088803088802
15min,NQ,bearish,sweep,CISD w/ sweep,6,10404,-0.011000632283445578,-1.0,2.322728090855408,28.30642060745867,64.5040369088812,-1.0,-1.0,-1.0,0.2976436052046969,3.55739732805542
15min,NQ,bearish,sweep,CISD w/ sweep,7,10404,-0.01577709087160505,-1.0,2.403945407822033,26.768550557477894,66.87812379853902,-1.0,-1.0,-1.0,0.17213570634037823,3.737539062500002
15min,NQ,both,no_sweep,CISD no sweep,1,42309,0.020175994205000238,-0.128,1.3218335957681322,43.813373041196904,30.63178047223995,-1.0,-1.0,-0.128,0.4883720930232558,1.8928571428571428
15min,NQ,both,no_sweep,CISD no sweep,2,42309,0.02809260885359286,-0.4074074074074074,1.6493026676023763,39.53295989033066,44.148999030939045,-1.0,-1.0,-0.4074074074074074,0.5666666666666667,2.5555555555555554
15min,NQ,both,no_sweep,CISD no sweep,3,42309,0.034814627286297056,-1.0,1.8762633685898165,36.273606088539076,52.17802358836181,-1.0,-1.0,-1.0,0.5862068965517241,3.0
15min,NQ,both,no_sweep,CISD no sweep,4,42309,0.04360363993878782,-1.0,2.5837589706854356,33.666595759767425,57.730033798955304,-1.0,-1.0,-1.0,0.5681818181818182,3.3333333333333335
15min,NQ,both,no_sweep,CISD no sweep,5,42309,0.0464356028754618,-1.0,2.6887490675814174,31.371575787657473,61.44791888250727,-1.0,-1.0,-1.0,0.5149253731343284,3.5803870967741926
15min,NQ,both,no_sweep,CISD no sweep,6,42309,0.055068018554641725,-1.0,2.835122745109147,29.679264459098537,64.48982485995887,-1.0,-1.0,-1.0,0.4375,3.8517647058823488
15min,NQ,both,no_sweep,CISD no sweep,7,42309,0.05814604876368247,-1.0,2.9463174854211265,28.01058876362003,66.97629346002033,-1.0,-1.0,-1.0,0.3248031496062992,4.083333333333333
15min,NQ,bullish,no_sweep,CISD no sweep,1,22072,0.033420900265836946,-0.09425264149673598,1.4326152429213577,45.238310982239945,29.594055817325117,-1.0,-1.0,-0.09425264149673598,0.5,1.8085164835164849
15min,NQ,bullish,no_sweep,CISD no sweep,2,22072,0.04810993342613746,-0.3225806451612903,1.7600632165508125,41.24682856107285,42.950344327654946,-1.0,-1.0,-0.3225806451612903,0.5927203065134099,2.5
15min,NQ,bullish,no_sweep,CISD no sweep,3,22072,0.06026795392392753,-1.0,1.9858299038457803,38.04367524465386,50.915186661834,-1.0,-1.0,-1.0,0.6363636363636364,2.9265319865319874
15min,NQ,bullish,no_sweep,CISD no sweep,4,22072,0.08082448179932529,-1.0,3.048099638157664,35.48840159478072,56.39724537876042,-1.0,-1.0,-1.0,0.6466131907308379,3.2432432432432434
15min,NQ,bullish,no_sweep,CISD no sweep,5,22072,0.08226344888660675,-1.0,3.1342306332222893,33.227618702428416,59.990032620514675,-1.0,-1.0,-1.0,0.6190476190476191,3.4716865999511857
15min,NQ,bullish,no_sweep,CISD no sweep,6,22072,0.08964857463442197,-1.0,3.270921327621418,31.56034795215658,62.91681768756796,-1.0,-1.0,-1.0,0.5714285714285714,3.701863905325447
15min,NQ,bullish,no_sweep,CISD no sweep,7,22072,0.09598980346458663,-1.0,3.3741600677654953,29.91573033707865,65.46756071040232,-1.0,-1.0,-1.0,0.48952870046620045,3.9660344827586216
15min,NQ,bearish,no_sweep,CISD no sweep,1,20237,0.005730099725838921,-0.16666666666666666,1.1891667994993425,42.259228146464395,31.76360132430696,-1.0,-1.0,-0.16666666666666666,0.47368421052631576,1.9892506459948334
15min,NQ,bearish,no_sweep,CISD no sweep,2,20237,0.006260203459255533,-0.5015673981191222,1.5190634893392752,37.66368532885309,45.45634234323269,-1.0,-1.0,-0.5015673981191222,0.5333333333333333,2.6367504835589957
15min,NQ,bearish,no_sweep,CISD no sweep,3,20237,0.007053307646736839,-1.0,1.7485802357855007,34.34303503483718,53.55536887878638,-1.0,-1.0,-1.0,0.5204081632653061,3.0659649122807027
15min,NQ,bearish,no_sweep,CISD no sweep,4,20237,0.003007779804094762,-1.0,1.9546720552019679,31.67959677817858,59.183673469387756,-1.0,-1.0,-1.0,0.45185185185185184,3.479141762452108
15min,NQ,bearish,no_sweep,CISD no sweep,5,20237,0.007359049178866878,-1.0,2.097032414621356,29.3472352621436,63.03799970351337,-1.0,-1.0,-1.0,0.38095238095238093,3.727619047619053
15min,NQ,bearish,no_sweep,CISD no sweep,6,20237,0.017351853421820176,-1.0,2.26567562664487,27.627612788456783,66.20546523694223,-1.0,-1.0,-1.0,0.2706766917293233,4.0
15min,NQ,bearish,no_sweep,CISD no sweep,7,20237,0.016870792858244096,-1.0,2.3934423797143514,25.9326975342195,68.6218312991056,-1.0,-1.0,-1.0,0.10869565217391304,4.2254545454545465
15min,NQ,both,prev_swing,prev-bar swing,1,23802,0.01728870272026453,-0.125,1.204991139015239,43.954289555499535,31.90908327031342,-1.0,-1.0,-0.125,0.4906970649895178,1.9361358956760473
15min,NQ,both,prev_swing,prev-bar swing,2,23802,0.02906041341597721,-0.4330845771144278,1.606027807298406,39.22359465591127,44.87438030417612,-1.0,-1.0,-0.4330845771144278,0.5652173913043478,2.6
15min,NQ,both,prev_swing,prev-bar swing,3,23802,0.03389037062693537,-1.0,1.8550357630499437,35.89614318124527,52.70985631459541,-1.0,-1.0,-1.0,0.5681818181818182,3.05
15min,NQ,both,prev_swing,prev-bar swing,4,23802,0.04266364077452172,-1.0,2.0368242912756687,33.6610368876565,57.92370389042938,-1.0,-1.0,-1.0,0.5681818181818182,3.3657427937915756
15min,NQ,both,prev_swing,prev-bar swing,5,23802,0.043455218432610666,-1.0,2.148338156781346,31.29568943786236,61.62507352323334,-1.0,-1.0,-1.0,0.5135135135135135,3.5789473684210527
15min,NQ,both,prev_swing,prev-bar swing,6,23802,0.04730995777702285,-1.0,2.3413568919314383,29.64876901100748,64.65843206453239,-1.0,-1.0,-1.0,0.428298800436205,3.8677625182304327
15min,NQ,both,prev_swing,prev-bar swing,7,23802,0.043745357043327965,-1.0,2.418692034058361,28.001848584152594,67.13301403243425,-1.0,-1.0,-1.0,0.3333333333333333,4.073083623693381
15min,NQ,bullish,prev_swing,prev-bar swing,1,12150,0.028740180773427503,-0.09569842738205366,1.2306279273529754,45.308641975308646,31.094650205761315,-1.0,-1.0,-0.09569842738205366,0.5,1.8854102676612527
15min,NQ,bullish,prev_swing,prev-bar swing,2,12150,0.04061569444851501,-0.34454494064443186,1.5938022519942932,40.82304526748971,43.6954732510288,-1.0,-1.0,-0.34454494064443186,0.5882352941176471,2.5
15min,NQ,bullish,prev_swing,prev-bar swing,3,12150,0.04973324678819337,-1.0,1.814273934508054,37.67078189300411,51.325102880658434,-1.0,-1.0,-1.0,0.6185064935064936,2.9556324110671923
15min,NQ,bullish,prev_swing,prev-bar swing,4,12150,0.060491922047879274,-1.0,1.9704180306528933,35.76954732510288,56.345679012345684,-1.0,-1.0,-1.0,0.6519211324570273,3.211403508771929
15min,NQ,bullish,prev_swing,prev-bar swing,5,12150,0.06270890621460595,-1.0,2.082465816141479,33.407407407407405,59.86008230452675,-1.0,-1.0,-1.0,0.6255237430167597,3.436778846153845
15min,NQ,bullish,prev_swing,prev-bar swing,6,12150,0.06907810015468918,-1.0,2.273299400779638,31.67078189300411,63.03703703703704,-1.0,-1.0,-1.0,0.5523241515002459,3.724642857142853
15min,NQ,bullish,prev_swing,prev-bar swing,7,12150,0.06914844936481762,-1.0,2.368517917972234,30.0,65.49794238683127,-1.0,-1.0,-1.0,0.49659520480555125,4.0
15min,NQ,bearish,prev_swing,prev-bar swing,1,11652,0.005347794863593561,-0.164770523594053,1.1775986273839427,42.54205286646069,32.75832475111569,-1.0,-1.0,-0.164770523594053,0.48,2.0
15min,NQ,bearish,prev_swing,prev-bar swing,2,11652,0.01701126609832065,-0.5279338327091136,1.6186581045834612,37.55578441469275,46.103673189152076,-1.0,-1.0,-0.5279338327091136,0.5388461538461539,2.6785806451612877
15min,NQ,bearish,prev_swing,prev-bar swing,3,11652,0.01737037874920754,-1.0,1.8965439936441593,34.04565739787161,54.15379334019911,-1.0,-1.0,-1.0,0.5049567827922935,3.140621775025792
15min,NQ,bearish,prev_swing,prev-bar swing,4,11652,0.024073388674341965,-1.0,2.1037614784924745,31.462409886714727,59.56917267421902,-1.0,-1.0,-1.0,0.4451463039014374,3.566490866992536
15min,NQ,bearish,prev_swing,prev-bar swing,5,11652,0.023378638742322058,-1.0,2.2148517895753885,29.093717816683828,63.46549948506694,-1.0,-1.0,-1.0,0.38317757009345793,3.7329302987197646
15min,NQ,bearish,prev_swing,prev-bar swing,6,11652,0.024611457100002065,-1.0,2.410165784792561,27.540336422931688,66.3491246138002,-1.0,-1.0,-1.0,0.26949064449064447,4.0
15min,NQ,bearish,prev_swing,prev-bar swing,7,11652,0.017256550683381226,-1.0,2.4697488253372515,25.918297288019225,68.83796773086166,-1.0,-1.0,-1.0,0.1111111111111111,4.180392156862736
15min,NQ,both,cisd_swing,CISD-bar swing,1,19480,0.38245540271352857,0.18518518518518517,1.2697759042867498,61.91478439425051,0.0,-0.6190476190476191,-0.18888888888888888,0.18518518518518517,0.6774193548387096,1.954595959595959
15min,NQ,both,cisd_swing,CISD-bar swing,2,19480,0.3847128164578084,0.1506849315068493,1.660743110035525,56.00102669404517,19.265913757700208,-1.0,-0.5172413793103449,0.1506849315068493,0.8832114487454293,2.6957180500658753
15min,NQ,both,cisd_swing,CISD-bar swing,3,19480,0.3963843069498909,0.06998542274052479,1.9197038589110196,52.0482546201232,30.497946611909647,-1.0,-1.0,0.06998542274052479,1.0,3.1617323492549776
15min,NQ,both,cisd_swing,CISD-bar swing,4,19480,0.39384163508494535,-0.0605043725849095,2.108695769322163,48.35728952772074,38.11601642710472,-1.0,-1.0,-0.0605043725849095,1.0519818722943723,3.5679085397034114
15min,NQ,both,cisd_swing,CISD-bar swing,5,19480,0.40068055831264676,-0.25817133091219824,2.273212684983698,45.3388090349076,43.44969199178645,-1.0,-1.0,-0.25817133091219824,1.0769230769230769,3.912014035087719
15min,NQ,both,cisd_swing,CISD-bar swing,6,19480,0.4087231693062662,-0.5233300346363187,2.4247143818132852,42.8388090349076,47.885010266940455,-1.0,-1.0,-0.5233300346363187,1.1144629021135046,4.204612299465239
15min,NQ,both,cisd_swing,CISD-bar swing,7,19480,0.42133021642803337,-1.0,2.6139389364462606,40.64168377823409,51.13963039014374,-1.0,-1.0,-1.0,1.105738880918221,4.515151515151516
15min,NQ,bullish,cisd_swing,CISD-bar swing,1,9696,0.3752597294007416,0.19121665059466408,1.4852346213866905,63.17037953795379,0.0,-0.6097560975609756,-0.16981132075471697,0.19121665059466408,0.6534848366726437,1.850186567164179
15min,NQ,bullish,cisd_swing,CISD-bar swing,2,9696,0.3894241029329161,0.17191107592849134,1.8120991947219791,57.724834983498354,18.32714521452145,-1.0,-0.4516726403823178,0.17191107592849134,0.8732394366197183,2.592700258397933
15min,NQ,bullish,cisd_swing,CISD-bar swing,3,9696,0.41015647397980515,0.1350889192886457,2.0296734829137484,54.42450495049505,28.970709570957098,-1.0,-1.0,0.1350889192886457,1.0,3.0434782608695654
15min,NQ,bullish,cisd_swing,CISD-bar swing,4,9696,0.40411424361125414,0.03225806451612903,2.1483313813056695,50.67037953795379,36.57178217821782,-1.0,-1.0,0.03225806451612903,1.0956221198156681,3.3728197674418605
15min,NQ,bullish,cisd_swing,CISD-bar swing,5,9696,0.4061381047741667,-0.1041868579182012,2.260456724341973,47.68976897689769,41.68729372937294,-1.0,-1.0,-0.1041868579182012,1.1260912131843028,3.657978014656895
15min,NQ,bullish,cisd_swing,CISD-bar swing,6,9696,0.4098783038514065,-0.28002884867558353,2.3788829482436413,45.48267326732673,45.78176567656766,-1.0,-1.0,-0.28002884867558353,1.1592117988394586,3.9189603365384613
15min,NQ,bullish,cisd_swing,CISD-bar swing,7,9696,0.42970413670048285,-0.6069902319902319,2.56086962556317,43.347772277227726,49.040841584158414,-1.0,-1.0,-0.6069902319902319,1.1764705882352942,4.2084757347915245
15min,NQ,bearish,cisd_swing,CISD-bar swing,1,9784,0.38958635615187504,0.17619825708061004,1.0119989711889399,60.670482420278006,0.0,-0.6287554112554112,-0.21052631578947367,0.17619825708061004,0.7038341158059468,2.058379888268157
15min,NQ,bearish,cisd_swing,CISD-bar swing,2,9784,0.3800439045953141,0.125,1.4957934968844322,54.29272281275552,20.19623875715454,-1.0,-0.5737281399046105,0.125,0.9025237127371274,2.8058562555456974
15min,NQ,bearish,cisd_swing,CISD-bar swing,3,9784,0.3827360105964517,0.0,1.8041231947273213,49.693376941946035,32.01144726083401,-1.0,-1.0,0.0,1.0,3.2916666666666665
15min,NQ,bearish,cisd_swing,CISD-bar swing,4,9784,0.38366142123875874,-0.16106474170990298,2.0687271490028567,46.06500408830744,39.646361406377764,-1.0,-1.0,-0.16106474170990298,1.0,3.8609444444444447
15min,NQ,bearish,cisd_swing,CISD-bar swing,5,9784,0.39527209853230155,-0.39215686274509803,2.2858863605175075,43.008994276369584,45.19623875715454,-1.0,-1.0,-0.39215686274509803,1.0277777777777777,4.23157894736843
15min,NQ,bearish,cisd_swing,CISD-bar swing,6,9784,0.4075784243604689,-0.9141176470588235,2.4694156339292164,40.2187244480785,49.96933769419461,-1.0,-1.0,-0.9141176470588235,1.0501582278481014,4.508333333333337
15min,NQ,bearish,cisd_swing,CISD-bar swing,7,9784,0.41303161350881107,-1.0,2.6655937511410808,37.95993458708095,53.21954210956664,-1.0,-1.0,-1.0,1.0134246575342467,4.816372912801489
15min,NQ,both,smt,CISD w/ SMT,1,7780,0.02863736690706632,-0.07894736842105263,1.0781954537288545,45.62982005141388,27.67352185089974,-1.0,-1.0,-0.07894736842105263,0.4836051045728465,1.7658052884615358
15min,NQ,both,smt,CISD w/ SMT,2,7780,0.04038790548682792,-0.30621437764294906,1.5126602271259084,41.1439588688946,41.68380462724936,-1.0,-1.0,-0.30621437764294906,0.5925925925925926,2.43612637362637
15min,NQ,both,smt,CISD w/ SMT,3,7780,0.049517265374847304,-0.9096459096459096,1.7246231928858369,38.354755784061695,49.948586118251924,-1.0,-1.0,-0.9096459096459096,0.6323333333333333,2.896595932802829
15min,NQ,both,smt,CISD w/ SMT,4,7780,0.037786494281652996,-1.0,1.897933437939248,34.93573264781491,55.69408740359897,-1.0,-1.0,-1.0,0.6048305039361644,3.2353938185443654
15min,NQ,both,smt,CISD w/ SMT,5,7780,0.04686943524933025,-1.0,2.017186237707386,33.03341902313625,59.52442159383033,-1.0,-1.0,-1.0,0.5631813296483955,3.5
15min,NQ,both,smt,CISD w/ SMT,6,7780,0.04829675434060582,-1.0,2.1674346556437607,31.426735218509,62.39074550128535,-1.0,-1.0,-1.0,0.5179039659128155,3.7058823529411766
15min,NQ,both,smt,CISD w/ SMT,7,7780,0.06186980125772137,-1.0,2.292653688313094,29.717223650385606,64.70437017994858,-1.0,-1.0,-1.0,0.4707469318662717,4.0
15min,NQ,bullish,smt,CISD w/ SMT,1,3761,0.02757356194298847,-0.05660377358490566,1.0660181232794348,46.84924222281308,26.53549587875565,-1.0,-1.0,-0.05660377358490566,0.49230769230769234,1.6842105263157894
15min,NQ,bullish,smt,CISD w/ SMT,2,3761,0.06853143617199221,-0.23076923076923078,1.5702321550988556,43.28636001063547,39.962775857484715,-1.0,-1.0,-0.23076923076923078,0.6229508196721312,2.36
15min,NQ,bullish,smt,CISD w/ SMT,3,3761,0.08524682481425293,-0.5159817351598174,1.7449519699103897,41.05291145971816,47.75325711247009,-1.0,-1.0,-0.5159817351598174,0.696969696969697,2.8076923076923075
15min,NQ,bullish,smt,CISD w/ SMT,4,3761,0.07966587303655899,-1.0,1.879301733643176,37.862270672693434,53.203935123637336,-1.0,-1.0,-1.0,0.7100591715976331,3.1376146788990824
15min,NQ,bullish,smt,CISD w/ SMT,5,3761,0.08763871845427698,-1.0,1.9447875023397325,36.00106354692901,56.95293804839139,-1.0,-1.0,-1.0,0.7111111111111111,3.407608695652174
15min,NQ,bullish,smt,CISD w/ SMT,6,3761,0.09065248953348552,-1.0,2.0474871584037664,34.51209784631747,59.79792608348843,-1.0,-1.0,-1.0,0.6640625,3.706896551724138
15min,NQ,bullish,smt,CISD w/ SMT,7,3761,0.10116869291071066,-1.0,2.16361712660029,32.517947354427015,62.24408402020739,-1.0,-1.0,-1.0,0.6826347305389222,3.8721804511278197
15min,NQ,bearish,smt,CISD w/ SMT,1,4019,0.02963288083339048,-0.0990990990990991,1.0895994244741807,44.488678775814876,28.738492162229413,-1.0,-1.0,-0.0990990990990991,0.47619047619047616,1.878122690317812
15min,NQ,bearish,smt,CISD w/ SMT,2,4019,0.014051050819770726,-0.425,1.4564284646684924,39.13908932570291,43.294351828813134,-1.0,-1.0,-0.425,0.5648172846092291,2.5122576610381486
15min,NQ,bearish,smt,CISD w/ SMT,3,4019,0.016081367626251983,-1.0,1.704919045276758,35.82980841005225,52.00298581736751,-1.0,-1.0,-1.0,0.5573343579234973,2.957808340727594
15min,NQ,bearish,smt,CISD w/ SMT,4,4019,-0.0014044346800791423,-1.0,1.9146088942096748,32.19706394625529,58.02438417516795,-1.0,-1.0,-1.0,0.46841755319148937,3.30243243243243
15min,NQ,bearish,smt,CISD w/ SMT,5,4019,0.008717339172245252,-1.0,2.0821778801322774,30.256282657377458,61.930828564319484,-1.0,-1.0,-1.0,0.40946348733233984,3.5569999999999986
15min,NQ,bearish,smt,CISD w/ SMT,6,4019,0.008660048677400903,-1.0,2.273498984999589,28.53943767106245,64.81711868624036,-1.0,-1.0,-1.0,0.31339285714285714,3.652713178294572
15min,NQ,bearish,smt,CISD w/ SMT,7,4019,0.025093704838987176,-1.0,2.4068381295314873,27.09629261010201,67.00671808907688,-1.0,-1.0,-1.0,0.22363945578231292,4.114285714285711
15min,NQ,both,no_smt,CISD no SMT,1,53676,0.011277649689486711,-0.12121212121212122,1.270143270902547,44.053208137715174,30.255607720396455,-1.0,-1.0,-0.12121212121212122,0.4722769028871391,1.8409467188440698
15min,NQ,both,no_smt,CISD no SMT,2,53676,0.014354134100807471,-0.3978255740798993,1.5976152684752687,39.596840301065654,43.82032938370967,-1.0,-1.0,-0.3978255740798993,0.5526315789473685,2.4583333333333335
15min,NQ,both,no_smt,CISD no SMT,3,53676,0.018868387244826614,-1.0,1.8325483210542644,36.23779715329011,51.85557791191594,-1.0,-1.0,-1.0,0.5736434108527132,2.89519056261343
15min,NQ,both,no_smt,CISD no SMT,4,53676,0.028919999281767018,-1.0,2.4435276759443103,33.77487145092779,57.27140621506819,-1.0,-1.0,-1.0,0.5545883361921098,3.21875
15min,NQ,both,no_smt,CISD no SMT,5,53676,0.029716218277564183,-1.0,2.5536865448240365,31.420001490424028,61.031000819733215,-1.0,-1.0,-1.0,0.5020589446438026,3.473907225691347
15min,NQ,both,no_smt,CISD no SMT,6,53676,0.03557749769818937,-1.0,2.7039853802647036,29.728370221327964,64.14785006334303,-1.0,-1.0,-1.0,0.4266666666666667,3.7107793522267207
15min,NQ,both,no_smt,CISD no SMT,7,53676,0.0364613527996638,-1.0,2.802872735867472,28.1336165138982,66.56420001490424,-1.0,-1.0,-1.0,0.3225806451612903,3.9318181818181817
15min,NQ,bullish,no_smt,CISD no SMT,1,27054,0.02892888295318358,-0.08140592515592515,1.3690195289096942,45.745545945146745,29.208250166334,-1.0,-1.0,-0.08140592515592515,0.4864864864864865,1.7857142857142858
15min,NQ,bullish,no_smt,CISD no SMT,2,27054,0.03368994301727936,-0.3117265087853323,1.659339780810758,41.36911362460265,42.56671841502181,-1.0,-1.0,-0.3117265087853323,0.5826861846703424,2.4
15min,NQ,bullish,no_smt,CISD no SMT,3,27054,0.040553355529645035,-1.0,1.8771964464472053,38.04612996229763,50.46573519627412,-1.0,-1.0,-1.0,0.6265060240963856,2.8273824451410654
15min,NQ,bullish,no_smt,CISD no SMT,4,27054,0.058356943550501715,-1.0,2.8246263834414878,35.71375766984549,55.87343830856805,-1.0,-1.0,-1.0,0.637823275862069,3.1241623711340187
15min,NQ,bullish,no_smt,CISD no SMT,5,27054,0.058654780969697305,-1.0,2.9244074105254985,33.34442226657796,59.510608412804025,-1.0,-1.0,-1.0,0.6043758399873508,3.348179979777552
15min,NQ,bullish,no_smt,CISD no SMT,6,27054,0.06312425603097803,-1.0,3.0591092574020626,31.66999334664005,62.57115398831966,-1.0,-1.0,-1.0,0.55,3.5658162953921257
15min,NQ,bullish,no_smt,CISD no SMT,7,27054,0.06951584944845633,-1.0,3.1524127207790174,30.150809492126857,64.97005988023952,-1.0,-1.0,-1.0,0.48880407124681935,3.8391612903225787
15min,NQ,bearish,no_smt,CISD no SMT,1,26622,-0.006660013322911114,-0.16506351251840942,1.1608190779151406,42.33340845916911,31.3199609345654,-1.0,-1.0,-0.16506351251840942,0.45454545454545453,1.9
15min,NQ,bearish,no_smt,CISD no SMT,2,26622,-0.0052954404775950046,-0.4838709677419355,1.5321253376508495,37.79580797836376,45.09428292389753,-1.0,-1.0,-0.4838709677419355,0.5208333333333334,2.5
15min,NQ,bearish,no_smt,CISD no SMT,3,26622,-0.003168466935080128,-1.0,1.785798130143388,34.400120201337245,53.26797385620915,-1.0,-1.0,-1.0,0.508234126984127,2.9654556650246273
15min,NQ,bearish,no_smt,CISD no SMT,4,26622,-0.00099462359579098,-1.0,1.982172854591732,31.804522575313648,58.692059199158585,-1.0,-1.0,-1.0,0.45094021215043395,3.3636363636363638
15min,NQ,bearish,no_smt,CISD no SMT,5,26622,0.0003080643044228173,-1.0,2.1109344293505194,29.464352790924796,62.57606490872211,-1.0,-1.0,-1.0,0.3773171135385634,3.6363636363636362
15min,NQ,bearish,no_smt,CISD no SMT,6,26622,0.007583733144990343,-1.0,2.287013824326047,27.755240027045303,65.75013147021261,-1.0,-1.0,-1.0,0.27586206896551724,3.8774234693877476
15min,NQ,bearish,no_smt,CISD no SMT,7,26622,0.002870474866509564,-1.0,2.3955712464030223,26.083690181053264,68.18420854932012,-1.0,-1.0,-1.0,0.11938454627133872,4.038816280806571
15min,ES,both,all_cisd,All CISDs,1,57443,-0.01087112985953413,-0.12903225806451613,1.2560237165069148,42.30454537541563,31.25707222812179,-1.0,-1.0,-0.12903225806451613,0.46153846153846156,1.75
15min,ES,both,all_cisd,All CISDs,2,57443,-0.016468383892767436,-0.43478260869565216,1.581259101742639,38.27272252493776,44.875789913479444,-1.0,-1.0,-0.43478260869565216,0.5357142857142857,2.357142857142857
15min,ES,both,all_cisd,All CISDs,3,57443,-0.013851930061405724,-1.0,1.774574571594553,35.42468185853803,52.66612119840538,-1.0,-1.0,-1.0,0.5483870967741935,2.7777777777777777
15min,ES,both,all_cisd,All CISDs,4,57443,-0.010308190455370287,-1.0,1.9573224708451893,33.0240412234737,57.95136047908361,-1.0,-1.0,-1.0,0.5263157894736842,3.0833333333333335
15min,ES,both,all_cisd,All CISDs,5,57443,-0.009845159132251207,-1.0,2.141129562761898,30.943718120571695,61.67331093431749,-1.0,-1.0,-1.0,0.47619047619047616,3.3743421052631195
15min,ES,both,all_cisd,All CISDs,6,57443,-0.010234685131789106,-1.0,2.252015005035909,29.284682206709263,64.59098584683947,-1.0,-1.0,-1.0,0.40405073649754497,3.5924242424242325
15min,ES,both,all_cisd,All CISDs,7,57443,-0.010119794232362913,-1.0,2.3514966786566838,27.667426840520164,66.96725449576103,-1.0,-1.0,-1.0,0.3,3.8
15min,ES,bullish,all_cisd,All CISDs,1,28847,0.0005538685428139346,-0.09523809523809523,1.359469005800635,43.68911845252539,30.512704960654485,-1.0,-1.0,-0.09523809523809523,0.47058823529411764,1.6666666666666667
15min,ES,bullish,all_cisd,All CISDs,2,28847,0.00025060161844378125,-0.34782608695652173,1.68639214433763,39.910562623496375,43.70298471244843,-1.0,-1.0,-0.34782608695652173,0.5625,2.2941176470588234
15min,ES,bullish,all_cisd,All CISDs,3,28847,0.00385933585448765,-1.0,1.8421105594157334,37.3418379727528,51.21156446077582,-1.0,-1.0,-1.0,0.6,2.67870270270269
15min,ES,bullish,all_cisd,All CISDs,4,28847,0.012242041201623704,-1.0,2.0156647817011644,35.057371650431584,56.39754567199362,-1.0,-1.0,-1.0,0.6039701257861635,3.0
15min,ES,bullish,all_cisd,All CISDs,5,28847,0.01768993214994152,-1.0,2.2402248835984375,32.967032967032964,59.94730821229244,-1.0,-1.0,-1.0,0.5850664665523155,3.25
15min,ES,bullish,all_cisd,All CISDs,6,28847,0.01970641100353263,-1.0,2.3482135344814155,31.420944985613758,62.82109058134294,-1.0,-1.0,-1.0,0.5454545454545454,3.5
15min,ES,bullish,all_cisd,All CISDs,7,28847,0.02263188004022988,-1.0,2.4495085855413996,29.78472631469477,65.14715568343328,-1.0,-1.0,-1.0,0.5,3.75
15min,ES,bearish,all_cisd,All CISDs,1,28596,-0.022396410630010233,-0.16666666666666666,1.1421256121678651,40.90781927542314,32.00797314309693,-1.0,-1.0,-0.16666666666666666,0.4482758620689655,1.8125
15min,ES,bearish,all_cisd,All CISDs,2,28596,-0.03333411948662356,-0.5277777777777778,1.467428950566958,36.620506364526506,46.05888935515457,-1.0,-1.0,-0.5277777777777778,0.5,2.4285714285714284
15min,ES,bearish,all_cisd,All CISDs,3,28596,-0.03171865575296314,-1.0,1.7035812065258684,33.49069799972024,54.1334452370961,-1.0,-1.0,-1.0,0.5,2.875
15min,ES,bearish,all_cisd,All CISDs,4,28596,-0.03305635567460745,-1.0,1.896414210891219,30.972863337529727,59.5188138201147,-1.0,-1.0,-1.0,0.42857142857142855,3.2
15min,ES,bearish,all_cisd,All CISDs,5,28596,-0.037621938339742235,-1.0,2.035946195049206,28.9026437263953,63.41446356133725,-1.0,-1.0,-1.0,0.34238095238095234,3.4716911764705882
15min,ES,bearish,all_cisd,All CISDs,6,28596,-0.04043858778305594,-1.0,2.150235470019863,27.12966848510281,66.37641628199748,-1.0,-1.0,-1.0,0.2222222222222222,3.6666666666666665
15min,ES,bearish,all_cisd,All CISDs,7,28596,-0.04315894473388355,-1.0,2.2478590147159996,25.53154287312911,68.80332913694222,-1.0,-1.0,-1.0,0.08333333333333333,3.8903508771929824
15min,ES,both,fvg_any,CISD w/ FVG (mid0|mid1),1,12853,0.9090769491861974,0.6,1.8908006499226948,82.14424647942114,3.446666147981016,-0.37037037037037035,0.16,0.6,1.25,3.13540372670807
15min,ES,both,fvg_any,CISD w/ FVG (mid0|mid1),2,12853,1.1899626478684426,0.7868852459016393,2.3881334125663836,78.54197463627169,6.317591223838792,-1.0,0.13333333333333333,0.7868852459016393,1.7,4.25
15min,ES,both,fvg_any,CISD w/ FVG (mid0|mid1),3,12853,1.1945276313906028,0.7105263157894737,2.5928335655353774,73.08799502061775,11.328094608262662,-1.0,-0.03125,0.7105263157894737,1.7777777777777777,4.804999999999995
15min,ES,both,fvg_any,CISD w/ FVG (mid0|mid1),4,12853,1.2020486610284244,0.65625,2.8125856187775122,68.87108068155294,17.20220960087139,-1.0,-0.22727272727272727,0.65625,1.8571428571428572,5.2727272727272725
15min,ES,both,fvg_any,CISD w/ FVG (mid0|mid1),5,12853,1.19726898607539,0.6071428571428571,3.0082518307738457,65.0665214346845,22.477242667081615,-1.0,-0.5294117647058824,0.6071428571428571,1.894736842105263,5.545454545454546
15min,ES,both,fvg_any,CISD w/ FVG (mid0|mid1),6,12853,1.2047050488661537,0.5517241379310345,3.1896586999020284,61.962187816074064,26.982027542208044,-1.0,-1.0,0.5517241379310345,2.0,5.857142857142857
15min,ES,both,fvg_any,CISD w/ FVG (mid0|mid1),7,12853,1.207320907994707,0.4954128440366973,3.323117185901799,59.04458103166576,30.996654477553882,-1.0,-1.0,0.4954128440366973,2.0,6.2
15min,ES,bullish,fvg_any,CISD w/ FVG (mid0|mid1),1,6786,0.8640238881625095,0.5714285714285714,2.157917809553241,83.00913645741232,3.566165635131152,-0.36666666666666664,0.16666666666666666,0.5714285714285714,1.1578947368421053,3.0
15min,ES,bullish,fvg_any,CISD w/ FVG (mid0|mid1),2,6786,1.1471450926259588,0.7639837869137233,2.669146186841187,79.59033303860889,6.49867374005305,-1.0,0.16,0.7639837869137233,1.588235294117647,4.0
15min,ES,bullish,fvg_any,CISD w/ FVG (mid0|mid1),3,6786,1.1415526867786552,0.696969696969697,2.8268874178565695,73.81373415856174,11.71529619805482,-1.0,0.0,0.696969696969697,1.6666666666666667,4.415948275862069
15min,ES,bullish,fvg_any,CISD w/ FVG (mid0|mid1),4,6786,1.1567821050625573,0.6877866972477065,2.9958218790038234,69.90863542587681,17.329796640141467,-1.0,-0.2,0.6877866972477065,1.7777777777777777,4.833333333333333
15min,ES,bullish,fvg_any,CISD w/ FVG (mid0|mid1),5,6786,1.1586903528371235,0.6428571428571429,3.133884244694144,66.25405246094901,22.369584438549957,-1.0,-0.4973404255319149,0.6428571428571429,1.8571428571428572,5.123161764705882
15min,ES,bullish,fvg_any,CISD w/ FVG (mid0|mid1),6,6786,1.168640883743773,0.6,3.302487372039338,63.2773356911288,26.702033598585324,-1.0,-1.0,0.6,1.9130434782608696,5.5
15min,ES,bullish,fvg_any,CISD w/ FVG (mid0|mid1),7,6786,1.1728004523980062,0.563301282051282,3.4200354402696327,60.46271735926908,30.577659888004717,-1.0,-1.0,0.563301282051282,1.961153846153846,5.745833333333334
15min,ES,bearish,fvg_any,CISD w/ FVG (mid0|mid1),1,6067,0.9594692472093962,0.6326530612244898,1.5366314585318035,81.17685841437283,3.3130047799571454,-0.3804597701149425,0.14494949494949494,0.6326530612244898,1.3636363636363635,3.3333333333333335
15min,ES,bearish,fvg_any,CISD w/ FVG (mid0|mid1),2,6067,1.2378545103829466,0.8214285714285714,2.027354640377089,77.36937530904895,6.115048623701994,-1.0,0.0981999357119897,0.8214285714285714,1.8333333333333333,4.5
15min,ES,bearish,fvg_any,CISD w/ FVG (mid0|mid1),3,6067,1.2537806352041312,0.7261904761904762,2.3018212782008307,72.27624855777155,10.895005768913796,-1.0,-0.05744914788345244,0.7261904761904762,1.9,5.1628205128205105
15min,ES,bearish,fvg_any,CISD w/ FVG (mid0|mid1),4,6067,1.2526797552734181,0.6271186440677966,2.5916447754464347,67.710565353552,17.059502225152464,-1.0,-0.2692814765985498,0.6271186440677966,2.0,5.714285714285714
15min,ES,bearish,fvg_any,CISD w/ FVG (mid0|mid1),5,6067,1.2404195720577333,0.5714285714285714,2.860844078953259,63.738256139772545,22.59765946925993,-1.0,-0.6,0.5714285714285714,2.0,5.857142857142857
15min,ES,bearish,fvg_any,CISD w/ FVG (mid0|mid1),6,6067,1.2450431771866535,0.48484848484848486,3.058299246457162,60.49118180319763,27.29520356024394,-1.0,-1.0,0.48484848484848486,2.0,6.27090909090909
15min,ES,bearish,fvg_any,CISD w/ FVG (mid0|mid1),7,6067,1.2459323818168944,0.36585365853658536,3.211091156034311,57.458381407614965,31.4653041041701,-1.0,-1.0,0.36585365853658536,2.1,6.594999999999996
15min,ES,both,fvg_mid0,CISD-FVG mid0,1,6434,0.43242362314470645,0.24,2.0867785706172675,71.24650295306186,0.17096673919801056,-0.3157894736842105,0.0,0.24,0.5882352941176471,1.4795238095238044
15min,ES,both,fvg_mid0,CISD-FVG mid0,2,6434,0.43749976320503375,0.2364613880742913,2.163954928869156,63.84830587503886,5.906123717749456,-1.0,-0.15985507246376812,0.2364613880742913,0.7391304347826086,2.0
15min,ES,both,fvg_mid0,CISD-FVG mid0,3,6434,0.43564610695237144,0.2222222222222222,2.2358580536254915,60.677649984457574,12.853590301523157,-1.0,-0.2857142857142857,0.2222222222222222,0.8571428571428571,2.3333333333333335
15min,ES,both,fvg_mid0,CISD-FVG mid0,4,6434,0.4521037883718667,0.24192708333333335,2.354404004125315,58.59496425240908,19.769972023624494,-1.0,-0.5,0.24192708333333335,0.9444444444444444,2.6666666666666665
15min,ES,both,fvg_mid0,CISD-FVG mid0,5,6434,0.45583803069185524,0.19617005680776983,2.4639627204973427,56.12371774945601,24.961143922909542,-1.0,-0.9090909090909091,0.19617005680776983,1.0,2.857142857142857
15min,ES,both,fvg_mid0,CISD-FVG mid0,6,6434,0.4695434635123074,0.14814814814814814,2.574711243494033,53.97886229406279,29.313024557040723,-1.0,-1.0,0.14814814814814814,1.059482001755926,3.2374999999999896
15min,ES,both,fvg_mid0,CISD-FVG mid0,7,6434,0.47258827507903073,0.06896551724137931,2.673140635822227,51.55424308361828,33.29188685110351,-1.0,-1.0,0.06896551724137931,1.0909090909090908,3.433840579710144
15min,ES,bullish,fvg_mid0,CISD-FVG mid0,1,3325,0.4433327127025074,0.25,2.632615794907391,72.66165413533835,0.24060150375939848,-0.29925925925925917,0.0,0.25,0.5714285714285714,1.3571428571428572
15min,ES,bullish,fvg_mid0,CISD-FVG mid0,2,3325,0.4509732428445843,0.25,2.7100267861372513,65.38345864661655,6.225563909774436,-1.0,-0.13333333333333333,0.25,0.7333333333333333,1.8875816993464034
15min,ES,bullish,fvg_mid0,CISD-FVG mid0,3,3325,0.44048536233260505,0.2413793103448276,2.7504596659953138,61.77443609022556,13.20300751879699,-1.0,-0.2807017543859649,0.2413793103448276,0.8333333333333334,2.129347826086955
15min,ES,bullish,fvg_mid0,CISD-FVG mid0,4,3325,0.4661646420726466,0.26506024096385544,2.855981509654284,59.849624060150376,19.8796992481203,-1.0,-0.45,0.26506024096385544,0.9370629370629371,2.4278571428571416
15min,ES,bullish,fvg_mid0,CISD-FVG mid0,5,3325,0.4686775803038219,0.22058823529411764,2.9253224238365396,57.53383458646617,24.781954887218046,-1.0,-0.8,0.22058823529411764,1.0,2.621190130624091
15min,ES,bullish,fvg_mid0,CISD-FVG mid0,6,3325,0.49243993216394655,0.2,3.05691120396062,55.5187969924812,29.022556390977446,-1.0,-1.0,0.2,1.0555555555555556,2.9461300309597505
15min,ES,bullish,fvg_mid0,CISD-FVG mid0,7,3325,0.49592859423633195,0.14285714285714285,3.133678497066521,53.53383458646617,33.14285714285714,-1.0,-1.0,0.14285714285714285,1.1166666666666667,3.2084210526315764
15min,ES,bearish,fvg_mid0,CISD-FVG mid0,1,3109,0.4207566167826324,0.23333333333333334,1.2652007015729525,69.73303312962368,0.0964940495336121,-0.3333333333333333,-0.03488372093023256,0.23333333333333334,0.6153846153846154,1.5822580645161286
15min,ES,bearish,fvg_mid0,CISD-FVG mid0,2,3109,0.42309020392503854,0.2159090909090909,1.355466432137283,62.206497266001925,5.564490189771631,-1.0,-0.1875,0.2159090909090909,0.75,2.135714285714284
15min,ES,bearish,fvg_mid0,CISD-FVG mid0,3,3109,0.43047064084131426,0.20270270270270271,1.5021055013487044,59.50466387906079,12.47989707301383,-1.0,-0.29411764705882354,0.20270270270270271,0.8823529411764706,2.463186813186813
15min,ES,bearish,fvg_mid0,CISD-FVG mid0,4,3109,0.43706604679737543,0.2222222222222222,1.6581690986010726,57.25313605660985,19.652621421678994,-1.0,-0.5333333333333333,0.2222222222222222,0.9545454545454546,2.8542857142857136
15min,ES,bearish,fvg_mid0,CISD-FVG mid0,5,3109,0.4421064441817914,0.15151515151515152,1.8475664435956958,54.615632036024444,25.152782245094883,-1.0,-1.0,0.15151515151515152,1.0,3.048315911730546
15min,ES,bearish,fvg_mid0,CISD-FVG mid0,6,3109,0.4450562463149126,0.09090909090909091,1.9302371313289206,52.33193953039562,29.623673206818914,-1.0,-1.0,0.09090909090909091,1.0714285714285714,3.4403156384505023
15min,ES,bearish,fvg_mid0,CISD-FVG mid0,7,3109,0.4476263705444451,0.0,2.070424571115862,49.43711804438726,33.45127050498552,-1.0,-1.0,0.0,1.0714285714285714,3.575238095238095
15min,ES,both,fvg_mid1,CISD-FVG mid1,1,8155,1.337979745922962,1.0,2.2431986084317903,94.51870018393623,5.297363580625383,-1.0,0.5555555555555556,1.0,1.6666666666666667,3.8
15min,ES,both,fvg_mid1,CISD-FVG mid1,2,8155,1.837747638698766,1.3333333333333333,2.753899096657656,94.70263641937461,5.297363580625383,-1.0,0.75,1.3333333333333333,2.304951690821256,5.2
15min,ES,both,fvg_mid1,CISD-FVG mid1,3,8155,1.8444653315882564,1.3,3.004252724372963,87.03862660944206,8.007357449417535,-1.0,0.5258697591436218,1.3,2.5,5.857142857142857
15min,ES,both,fvg_mid1,CISD-FVG mid1,4,8155,1.8459411494405842,1.25,3.269302278548256,80.9196811771919,12.421827099938689,-1.0,0.3333333333333333,1.25,2.5555555555555554,6.5
15min,ES,both,fvg_mid1,CISD-FVG mid1,5,8155,1.8373035619307403,1.2,3.5110276609574025,75.72041692213367,17.47394236664623,-1.0,0.07692307692307693,1.2,2.7142857142857144,6.736538461538448
15min,ES,both,fvg_mid1,CISD-FVG mid1,6,8155,1.8414080714032972,1.1428571428571428,3.7315789843360805,71.68608215818516,21.851624770079706,-1.0,-0.25,1.1428571428571428,2.768336314847943,7.103333333333325
15min,ES,both,fvg_mid1,CISD-FVG mid1,7,8155,1.8431469445713775,1.08,3.8856227419082194,68.28939301042305,25.775597792765176,-1.0,-1.0,1.08,2.8516483516483517,7.654999999999988
15min,ES,bullish,fvg_mid1,CISD-FVG mid1,1,4387,1.246131040479848,0.9047619047619048,2.5894169216288336,94.41531798495555,5.333941189879188,-1.0,0.5135531135531135,0.9047619047619048,1.5326241134751775,3.5666666666666638
15min,ES,bullish,fvg_mid1,CISD-FVG mid1,2,4387,1.7359622939850803,1.2222222222222223,3.1321629197405625,94.66605881012082,5.333941189879188,-1.0,0.7142857142857143,1.2222222222222223,2.1,4.8287878787878755
15min,ES,bullish,fvg_mid1,CISD-FVG mid1,3,4387,1.7307022631850448,1.2105263157894737,3.317065247730692,86.87029860952815,8.547982676088443,-1.0,0.5,1.2105263157894737,2.272727272727273,5.4
15min,ES,bullish,fvg_mid1,CISD-FVG mid1,4,4387,1.7385833734489666,1.1818181818181819,3.510600884643509,81.2856165944837,12.833371324367448,-1.0,0.3333333333333333,1.1818181818181819,2.3636363636363638,6.0
15min,ES,bullish,fvg_mid1,CISD-FVG mid1,5,4387,1.737420536062297,1.1764705882352942,3.6713681158713425,76.15682698883064,17.711420104855254,-1.0,0.1111111111111111,1.1764705882352942,2.5294117647058822,6.325641025641021
15min,ES,bullish,fvg_mid1,CISD-FVG mid1,6,4387,1.7397261540304698,1.135135135135135,3.8658422291166987,72.37291999088215,22.01960337360383,-1.0,-0.2204861111111111,1.135135135135135,2.588235294117647,6.5
15min,ES,bullish,fvg_mid1,CISD-FVG mid1,7,4387,1.7436418589151725,1.0888888888888888,4.00433050381347,68.74857533622065,25.62115340779576,-1.0,-1.0,1.0888888888888888,2.6666666666666665,7.0
15min,ES,bearish,fvg_mid1,CISD-FVG mid1,1,3768,1.4449171850893476,1.103448275862069,1.750411149531207,94.63906581740976,5.254777070063694,-1.0,0.6111111111111112,1.103448275862069,1.8333333333333333,4.0
15min,ES,bearish,fvg_mid1,CISD-FVG mid1,2,3768,1.956254089669822,1.4615384615384615,2.228792602718753,94.7452229299363,5.254777070063694,-1.0,0.8173400673400674,1.4615384615384615,2.5,5.5
15min,ES,bearish,fvg_mid1,CISD-FVG mid1,3,3768,1.9769171843177913,1.4375,2.5870823196581605,87.23460721868365,7.377919320594479,-1.0,0.5789473684210527,1.4375,2.7058823529411766,6.5
15min,ES,bearish,fvg_mid1,CISD-FVG mid1,4,3768,1.9709354602885742,1.3333333333333333,2.95927624441189,80.49363057324841,11.94267515923567,-1.0,0.3,1.3333333333333333,2.8333333333333335,7.0
15min,ES,bearish,fvg_mid1,CISD-FVG mid1,5,3768,1.9535951846708837,1.2230514096185738,3.3112800374525935,75.21231422505308,17.197452229299362,-1.0,0.02900326797385621,1.2230514096185738,2.980263157894737,7.376666666666643
15min,ES,bearish,fvg_mid1,CISD-FVG mid1,6,3768,1.9597941041831786,1.1666666666666667,3.5657603363508215,70.8864118895966,21.656050955414013,-1.0,-0.2922794117647059,1.1666666666666667,3.0,7.6796703296702935
15min,ES,bearish,fvg_mid1,CISD-FVG mid1,7,3768,1.9589985397873457,1.0692049808429118,3.7398681548748804,67.7547770700637,25.955414012738853,-1.0,-1.0,1.0692049808429118,3.0482142857142858,8.446934865900383
15min,ES,both,fvg_none,CISD no FVG,1,44590,-0.2760447710341201,-0.4,0.8292209089728846,30.820811841220003,39.27337968154295,-1.0,-1.0,-0.4,0.18123543123543123,1.1607096774193493
15min,ES,both,fvg_none,CISD no FVG,2,44590,-0.3642203025118936,-1.0,1.0182351531962701,26.665171563130745,55.99013231666293,-1.0,-1.0,-1.0,0.1,1.4285714285714286
15min,ES,both,fvg_none,CISD no FVG,3,44590,-0.3621655094142352,-1.0,1.2557498984413116,24.56828885400314,64.58174478582642,-1.0,-1.0,-1.0,0.0,1.875
15min,ES,both,fvg_none,CISD no FVG,4,44590,-0.359768217639071,-1.0,1.452425597478579,22.691186364655753,69.69724153397623,-1.0,-1.0,-1.0,-0.15789473684210525,2.1666666666666665
15min,ES,both,fvg_none,CISD no FVG,5,44590,-0.3577939841682192,-1.0,1.6602543893671715,21.10787172011662,72.97151827764073,-1.0,-1.0,-1.0,-0.4090909090909091,2.4026190476190266
15min,ES,both,fvg_none,CISD no FVG,6,44590,-0.36043922429024516,-1.0,1.7472518092283609,19.865440681767215,75.43171114599686,-1.0,-1.0,-1.0,-1.0,2.6
15min,ES,both,fvg_none,CISD no FVG,7,44590,-0.3610452336969184,-1.0,1.8412164940475373,18.623009643417806,77.3357254989908,-1.0,-1.0,-1.0,-1.0,2.738100686498846
15min,ES,bullish,fvg_none,CISD no FVG,1,22061,-0.2650509341922957,-0.36363636363636365,0.8273703815887329,31.594216037350982,38.80150491818141,-1.0,-1.0,-0.36363636363636365,0.19230769230769232,1.1666666666666667
15min,ES,bullish,fvg_none,CISD no FVG,2,22061,-0.35253603615758616,-1.0,0.9992122588269898,27.70499977335569,55.147092153574185,-1.0,-1.0,-1.0,0.13043478260869565,1.4210526315789473
15min,ES,bullish,fvg_none,CISD no FVG,3,22061,-0.3460970160502946,-1.0,1.2077687091840288,26.12302252844386,63.360681746067726,-1.0,-1.0,-1.0,0.1,1.8333333333333333
15min,ES,bullish,fvg_none,CISD no FVG,4,22061,-0.3398203708993824,-1.0,1.4231544516389751,24.33706540954626,68.41484973482616,-1.0,-1.0,-1.0,0.0,2.142857142857143
15min,ES,bullish,fvg_none,CISD no FVG,5,22061,-0.33328367987051166,-1.0,1.73724603246946,22.727890848102987,71.50627804723267,-1.0,-1.0,-1.0,-0.2,2.4
15min,ES,bullish,fvg_none,CISD no FVG,6,22061,-0.33370772851939345,-1.0,1.823421342041836,21.621866642491273,73.93137210461902,-1.0,-1.0,-1.0,-0.45454545454545453,2.590909090909091
15min,ES,bullish,fvg_none,CISD no FVG,7,22061,-0.33116187056127827,-1.0,1.9277339796907151,20.348125651602373,75.78078962875662,-1.0,-1.0,-1.0,-1.0,2.75
15min,ES,bearish,fvg_none,CISD no FVG,1,22529,-0.28681023042279635,-0.42857142857142855,0.8309064098898413,30.063473744950954,39.73545208398065,-1.0,-1.0,-0.42857142857142855,0.16666666666666666,1.1428571428571428
15min,ES,bearish,fvg_none,CISD no FVG,2,22529,-0.37566184896501503,-1.0,1.0364191567528136,25.646943938923165,56.81565981623685,-1.0,-1.0,-1.0,0.07142857142857142,1.4444444444444444
15min,ES,bearish,fvg_none,CISD no FVG,3,22529,-0.3779002083401482,-1.0,1.3008552434890355,23.04585201296107,65.77744240756358,-1.0,-1.0,-1.0,-0.07692307692307693,1.9166666666666667
15min,ES,bearish,fvg_none,CISD no FVG,4,22529,-0.3793016832577967,-1.0,1.4802991073651486,21.0794975365085,70.95299391894892,-1.0,-1.0,-1.0,-0.3,2.2
15min,ES,bearish,fvg_none,CISD no FVG,5,22529,-0.38179513038472795,-1.0,1.580904031076595,19.52150561498513,74.40632074215455,-1.0,-1.0,-1.0,-0.6923076923076923,2.4238095238095063
15min,ES,bearish,fvg_none,CISD no FVG,6,22529,-0.38661542066828064,-1.0,1.668925699632231,18.145501353810644,76.90088330596122,-1.0,-1.0,-1.0,-1.0,2.6153846153846154
15min,ES,bearish,fvg_none,CISD no FVG,7,22529,-0.3903078229878482,-1.0,1.7519108819618212,16.93372985929247,78.8583603355675,-1.0,-1.0,-1.0,-1.0,2.7229314420803767
15min,ES,both,sweep,CISD w/ sweep,1,18939,-0.02487928663897001,-0.12280701754385964,1.0369772603825105,42.55240509002587,29.621416125455408,-1.0,-1.0,-0.12280701754385964,0.43478260869565216,1.6666666666666667
15min,ES,both,sweep,CISD w/ sweep,2,18939,-0.03682349303445232,-0.38461538461538464,1.3540326938740221,39.078092824330746,43.376102222926235,-1.0,-1.0,-0.38461538461538464,0.5263157894736842,2.1714732142857134
15min,ES,both,sweep,CISD w/ sweep,3,18939,-0.03282135872893602,-1.0,1.5421536918948209,36.20571307883204,51.22762553461112,-1.0,-1.0,-1.0,0.5477784540474742,2.6320574162679358
15min,ES,both,sweep,CISD w/ sweep,4,18939,-0.03185274008366164,-1.0,1.7380221291853923,33.819103437351494,56.56053645915835,-1.0,-1.0,-1.0,0.5230987917555081,2.954924242424237
15min,ES,both,sweep,CISD w/ sweep,5,18939,-0.02941668701417653,-1.0,1.8599873727442664,31.87074291145256,60.11405037224774,-1.0,-1.0,-1.0,0.5,3.2
15min,ES,both,sweep,CISD w/ sweep,6,18939,-0.03300079030625321,-1.0,1.97835585525942,30.133586778604993,63.09203231427214,-1.0,-1.0,-1.0,0.42857142857142855,3.4218045112781845
15min,ES,both,sweep,CISD w/ sweep,7,18939,-0.02710697750474213,-1.0,2.080201729854839,28.66043613707165,65.46280162627383,-1.0,-1.0,-1.0,0.354502688172043,3.6501162790697657
15min,ES,bullish,sweep,CISD w/ sweep,1,8723,-0.00836635014391676,-0.07142857142857142,1.0116231009854018,44.89281210592686,28.510833428866217,-1.0,-1.0,-0.07142857142857142,0.45454545454545453,1.6
15min,ES,bullish,sweep,CISD w/ sweep,2,8723,-0.01486171719304311,-0.2777777777777778,1.2898797764630223,41.55680385188582,41.54533990599564,-1.0,-1.0,-0.2777777777777778,0.5555555555555556,2.076923076923077
15min,ES,bullish,sweep,CISD w/ sweep,3,8723,-0.0054149441683814924,-0.6470588235294118,1.4854662851334026,39.195230998509686,48.77908976269632,-1.0,-1.0,-0.6470588235294118,0.6153846153846154,2.5454545454545454
15min,ES,bullish,sweep,CISD w/ sweep,4,8723,-0.009071379652322778,-1.0,1.646200190729274,36.466811876647945,54.28178378998051,-1.0,-1.0,-1.0,0.6153846153846154,2.7849206349206317
15min,ES,bullish,sweep,CISD w/ sweep,5,8723,-0.003153071600918793,-1.0,1.732127753212415,34.47208529175742,57.82414307004471,-1.0,-1.0,-1.0,0.6363636363636364,3.1
15min,ES,bullish,sweep,CISD w/ sweep,6,8723,-0.0019558600480046495,-1.0,1.826282533476971,33.1766594061676,60.701593488478736,-1.0,-1.0,-1.0,0.5772434683831882,3.357142857142857
15min,ES,bullish,sweep,CISD w/ sweep,7,8723,-0.001641296923600412,-1.0,1.862330514631943,31.606098819213575,62.94852688295312,-1.0,-1.0,-1.0,0.5686274509803921,3.6148217636022495
15min,ES,bearish,sweep,CISD w/ sweep,1,10216,-0.03897896802565261,-0.16666666666666666,1.0579907711644148,40.55403288958496,30.569694596711038,-1.0,-1.0,-0.16666666666666666,0.4166666666666667,1.7234848484848486
15min,ES,bearish,sweep,CISD w/ sweep,2,10216,-0.05557570237906985,-0.5,1.4062875541489614,36.96162881754111,44.93931088488645,-1.0,-1.0,-0.5,0.5,2.25
15min,ES,bearish,sweep,CISD w/ sweep,3,10216,-0.05622250929781984,-1.0,1.5886550768915992,33.6530931871574,53.31832419733751,-1.0,-1.0,-1.0,0.4786956521739131,2.75
15min,ES,bearish,sweep,CISD w/ sweep,4,10216,-0.051304757217820685,-1.0,1.812601173134818,31.558339859044636,58.50626468285043,-1.0,-1.0,-1.0,0.42105263157894735,3.0
15min,ES,bearish,sweep,CISD w/ sweep,5,10216,-0.051842050879666667,-1.0,1.9623857890510477,29.649569303054037,62.069303054032886,-1.0,-1.0,-1.0,0.3641906873614191,3.2955882352941175
15min,ES,bearish,sweep,CISD w/ sweep,6,10216,-0.05950871186485757,-1.0,2.09923053247792,27.53523884103367,65.13312451057165,-1.0,-1.0,-1.0,0.25,3.5
15min,ES,bearish,sweep,CISD w/ sweep,7,10216,-0.048851019371353256,-1.0,2.2494568999024485,26.14526233359436,67.60963194988254,-1.0,-1.0,-1.0,0.14285714285714285,3.6810526315789476
15min,ES,both,no_sweep,CISD no sweep,1,38504,-0.003980924134265688,-0.13793103448275862,1.3507552688416284,42.18263037606482,32.06160398919593,-1.0,-1.0,-0.13793103448275862,0.4779722970373221,1.8
15min,ES,both,no_sweep,CISD no sweep,2,38504,-0.006456296524328567,-0.46153846153846156,1.6817248525287107,37.87658425098691,45.61344275919385,-1.0,-1.0,-0.46153846153846156,0.5454545454545454,2.466666666666667
15min,ES,both,no_sweep,CISD no sweep,3,38504,-0.0045214186980575945,-1.0,1.8783222402384134,35.04051527114066,53.373675462289626,-1.0,-1.0,-1.0,0.5483870967741935,2.8333333333333335
15min,ES,both,no_sweep,CISD no sweep,4,38504,0.0002889481642590919,-1.0,2.056566781275769,32.63297319758986,58.63546644504467,-1.0,-1.0,-1.0,0.5294117647058824,3.1666666666666665
15min,ES,both,no_sweep,CISD no sweep,5,38504,-0.00021849264160650302,-1.0,2.2666177723080256,30.487741533347183,62.44026594639518,-1.0,-1.0,-1.0,0.4666666666666667,3.447701149425282
15min,ES,both,no_sweep,CISD no sweep,6,38504,0.0009633012046740012,-1.0,2.3750235205240244,28.867130687720753,65.32827758154997,-1.0,-1.0,-1.0,0.39451114922813035,3.6666666666666665
15min,ES,both,no_sweep,CISD no sweep,7,38504,-0.001764291843115304,-1.0,2.4740306808560315,27.17899439019323,67.70725119468108,-1.0,-1.0,-1.0,0.26666666666666666,3.875
15min,ES,bullish,no_sweep,CISD no sweep,1,20124,0.004420449123431699,-0.10344827586206896,1.4851545635482792,43.16736235340887,31.380441264162194,-1.0,-1.0,-0.10344827586206896,0.4838709677419355,1.75
15min,ES,bullish,no_sweep,CISD no sweep,2,20124,0.00680122559939191,-0.38095238095238093,1.8317822458947763,39.19697873186245,44.638242894056845,-1.0,-1.0,-0.38095238095238093,0.565422477440525,2.4
15min,ES,bullish,no_sweep,CISD no sweep,3,20124,0.007879388758457407,-1.0,1.976833228613899,36.53846153846153,52.265951103160404,-1.0,-1.0,-1.0,0.5952380952380952,2.75
15min,ES,bullish,no_sweep,CISD no sweep,4,20124,0.02148061057694547,-1.0,2.1562073828633093,34.44643212085072,57.3146491751143,-1.0,-1.0,-1.0,0.6,3.0
15min,ES,bullish,no_sweep,CISD no sweep,5,20124,0.026724593336522443,-1.0,2.4276336923456387,32.31464917511429,60.867620751341676,-1.0,-1.0,-1.0,0.5652173913043478,3.3333333333333335
15min,ES,bullish,no_sweep,CISD no sweep,6,20124,0.02909619386889536,-1.0,2.5413491671388155,30.659908566885314,63.73981315841781,-1.0,-1.0,-1.0,0.5270897832817337,3.5555555555555554
15min,ES,bullish,no_sweep,CISD no sweep,7,20124,0.03315339279393151,-1.0,2.6640947912488286,28.995229576624926,66.10017889087658,-1.0,-1.0,-1.0,0.46200750469043156,3.8
15min,ES,bearish,no_sweep,CISD no sweep,1,18380,-0.013179467955696711,-0.16666666666666666,1.1862401774771838,41.10446137105549,32.80739934711643,-1.0,-1.0,-0.16666666666666666,0.47058823529411764,1.875
15min,ES,bearish,no_sweep,CISD no sweep,2,18380,-0.020971768516589225,-0.5533814589665653,1.500230771595688,36.430903155603914,46.681175190424376,-1.0,-1.0,-0.5533814589665653,0.5,2.5454545454545454
15min,ES,bearish,no_sweep,CISD no sweep,3,18380,-0.018098886013340948,-1.0,1.7641205390491104,33.40043525571273,54.586507072905334,-1.0,-1.0,-1.0,0.5,3.0
15min,ES,bearish,no_sweep,CISD no sweep,4,18380,-0.022913500932199043,-1.0,1.941409762242967,30.6474428726877,60.0816104461371,-1.0,-1.0,-1.0,0.43197174447174447,3.2903225806451615
15min,ES,bearish,no_sweep,CISD no sweep,5,18380,-0.02971809341548392,-1.0,2.075716284867699,28.487486398258977,64.16213275299239,-1.0,-1.0,-1.0,0.3333333333333333,3.6
15min,ES,bearish,no_sweep,CISD no sweep,6,18380,-0.029839001949558366,-1.0,2.178053085783905,26.90424374319913,67.06746463547334,-1.0,-1.0,-1.0,0.215818759936407,3.7505952380952294
15min,ES,bearish,no_sweep,CISD no sweep,7,18380,-0.039995167013731736,-1.0,2.2470253645219036,25.190424374319914,69.46681175190425,-1.0,-1.0,-1.0,0.04,4.0
15min,ES,both,prev_swing,prev-bar swing,1,19876,-0.0002508809649871016,-0.14285714285714285,1.4781915149130354,42.19661903803582,33.08009659891326,-1.0,-1.0,-0.14285714285714285,0.4779722970373221,1.8333333333333333
15min,ES,both,prev_swing,prev-bar swing,2,19876,-0.0014001902937534002,-0.5,1.7646141597485787,37.915073455423624,46.005232441135036,-1.0,-1.0,-0.5,0.5454545454545454,2.486111111111111
15min,ES,both,prev_swing,prev-bar swing,3,19876,-0.0072618549943701035,-1.0,1.9253634792821686,34.66995371302073,53.74823908231032,-1.0,-1.0,-1.0,0.5333333333333333,2.8903508771929824
15min,ES,both,prev_swing,prev-bar swing,4,19876,-0.005529092945302897,-1.0,2.087678317349381,32.335479975850276,58.895149929563296,-1.0,-1.0,-1.0,0.5,3.1666666666666665
15min,ES,both,prev_swing,prev-bar swing,5,19876,-0.010317114175750966,-1.0,2.218480356400671,30.19722278124371,62.67860736566714,-1.0,-1.0,-1.0,0.4244318181818182,3.4444444444444446
15min,ES,both,prev_swing,prev-bar swing,6,19876,-0.006747691162390511,-1.0,2.3426882923896795,28.64258402092976,65.46588850875428,-1.0,-1.0,-1.0,0.36,3.7
15min,ES,both,prev_swing,prev-bar swing,7,19876,-0.002279439283783353,-1.0,2.4578185980743905,27.118132421010266,67.79029985912658,-1.0,-1.0,-1.0,0.2608695652173913,3.918269230769231
15min,ES,bullish,prev_swing,prev-bar swing,1,10150,0.021847928755093574,-0.1,1.7330136770884352,43.75369458128079,32.33497536945813,-1.0,-1.0,-0.1,0.5,1.7619047619047619
15min,ES,bullish,prev_swing,prev-bar swing,2,10150,0.027782924650741028,-0.39197119231795147,1.990685497671256,39.68472906403941,44.64039408866995,-1.0,-1.0,-0.39197119231795147,0.5806451612903226,2.4285714285714284
15min,ES,bullish,prev_swing,prev-bar swing,3,10150,0.027311518946004303,-1.0,2.1068082725424624,36.73891625615763,52.08866995073892,-1.0,-1.0,-1.0,0.6,2.848269230769228
15min,ES,bullish,prev_swing,prev-bar swing,4,10150,0.03274445395318838,-1.0,2.2094083110805345,34.82758620689655,57.064039408866996,-1.0,-1.0,-1.0,0.6147642679900744,3.051102941176458
15min,ES,bullish,prev_swing,prev-bar swing,5,10150,0.03728093211681987,-1.0,2.3538035106334827,32.64039408866995,60.591133004926114,-1.0,-1.0,-1.0,0.5714285714285714,3.4
15min,ES,bullish,prev_swing,prev-bar swing,6,10150,0.036187351642175965,-1.0,2.4679855637965566,31.08374384236453,63.38916256157635,-1.0,-1.0,-1.0,0.5384615384615384,3.625
15min,ES,bullish,prev_swing,prev-bar swing,7,10150,0.041744349360961726,-1.0,2.5835561857308122,29.467980295566505,65.75369458128078,-1.0,-1.0,-1.0,0.5,3.857142857142857
15min,ES,bearish,prev_swing,prev-bar swing,1,9726,-0.02331307700229112,-0.1883445945945946,1.1533735432280712,40.57166358215093,33.85770100760847,-1.0,-1.0,-0.1883445945945946,0.4444444444444444,1.8805147058823528
15min,ES,bearish,prev_swing,prev-bar swing,2,9726,-0.0318555282216393,-0.5980769230769231,1.4921083012116407,36.0682706148468,47.42957022414148,-1.0,-1.0,-0.5980769230769231,0.5,2.5
15min,ES,bearish,prev_swing,prev-bar swing,3,9726,-0.04334243750463128,-1.0,1.7150340854673405,32.510795805058606,55.48015628213038,-1.0,-1.0,-1.0,0.45,2.995575221238938
15min,ES,bearish,prev_swing,prev-bar swing,4,9726,-0.04547115556299636,-1.0,1.951879668456992,29.7347316471314,60.80608677770923,-1.0,-1.0,-1.0,0.36272727272727273,3.280952380952381
15min,ES,bearish,prev_swing,prev-bar swing,5,9726,-0.059990172973776255,-1.0,2.066789007497082,27.64754266913428,64.85708410446227,-1.0,-1.0,-1.0,0.2704326923076923,3.4573863636363638
15min,ES,bearish,prev_swing,prev-bar swing,6,9726,-0.051554465218153385,-1.0,2.203582703144803,26.09500308451573,67.63314826238947,-1.0,-1.0,-1.0,0.13636363636363635,3.75
15min,ES,bearish,prev_swing,prev-bar swing,7,9726,-0.04822242249827673,-1.0,2.3185841356947425,24.665844129138392,69.91568990335185,-1.0,-1.0,-1.0,0.0,4.0
15min,ES,both,cisd_swing,CISD-bar swing,1,16525,0.35724173180577784,0.18518518518518517,0.8832749630731976,60.47201210287443,0.0,-0.6153846153846154,-0.18181818181818182,0.18518518518518517,0.6666666666666666,1.8571428571428572
15min,ES,both,cisd_swing,CISD-bar swing,2,16525,0.3489308737433144,0.1590909090909091,1.3538796014203986,55.37670196671709,19.170953101361572,-1.0,-0.5,0.1590909090909091,0.8571428571428571,2.5454545454545454
15min,ES,both,cisd_swing,CISD-bar swing,3,16525,0.35473924054061634,0.09090909090909091,1.5987899180087675,51.84871406959153,30.450832072617246,-1.0,-1.0,0.09090909090909091,1.0,3.0
15min,ES,both,cisd_swing,CISD-bar swing,4,16525,0.35473157658733,-0.041666666666666664,1.8047145322502345,48.44175491679274,37.86384266263237,-1.0,-1.0,-0.041666666666666664,1.0172413793103448,3.4
15min,ES,both,cisd_swing,CISD-bar swing,5,16525,0.3551057305913785,-0.2222222222222222,1.937413381049698,45.56127080181543,43.122541603630864,-1.0,-1.0,-0.2222222222222222,1.0833333333333333,3.7777777777777777
15min,ES,both,cisd_swing,CISD-bar swing,6,16525,0.35288635174949856,-0.4520547945205479,2.077430008982727,43.104387291981844,47.425113464447804,-1.0,-1.0,-0.4520547945205479,1.0833333333333333,4.0
15min,ES,both,cisd_swing,CISD-bar swing,7,16525,0.36343907928734825,-1.0,2.2315130309337703,40.768532526475035,50.79576399394856,-1.0,-1.0,-1.0,1.0833333333333333,4.375
15min,ES,bullish,cisd_swing,CISD-bar swing,1,8291,0.34903055238212627,0.2,0.8306136042072292,61.63309612833192,0.0,-0.6,-0.15737874097007223,0.2,0.6470588235294118,1.7609523809523808
15min,ES,bullish,cisd_swing,CISD-bar swing,2,8291,0.35138523263477994,0.1875,1.326205897888429,57.38752864551924,18.09190688698589,-1.0,-0.4411764705882353,0.1875,0.8393548387096774,2.418859649122807
15min,ES,bullish,cisd_swing,CISD-bar swing,3,8291,0.35979227814778064,0.14705882352941177,1.5368568403241851,54.3722108310216,28.561090338921723,-1.0,-1.0,0.14705882352941177,1.0,2.8944444444444444
15min,ES,bullish,cisd_swing,CISD-bar swing,4,8291,0.37116421524589766,0.07142857142857142,1.7456534538389143,51.103606320106145,35.761669279942105,-1.0,-1.0,0.07142857142857142,1.0588235294117647,3.2583333333333333
15min,ES,bullish,cisd_swing,CISD-bar swing,5,8291,0.3776480140857833,-0.058823529411764705,1.8385036865136535,48.305391388252325,40.81534193704016,-1.0,-1.0,-0.058823529411764705,1.1428571428571428,3.5857843137254903
15min,ES,bullish,cisd_swing,CISD-bar swing,6,8291,0.3809621647052087,-0.20689655172413793,1.9754287564508548,46.20673018936196,44.976480521046916,-1.0,-1.0,-0.20689655172413793,1.1428571428571428,3.8708333333333336
15min,ES,bullish,cisd_swing,CISD-bar swing,7,8291,0.3965893239948487,-0.5,2.1394758276746813,43.878904836569774,48.22096248944639,-1.0,-1.0,-0.5,1.1781229345670852,4.2
15min,ES,bearish,cisd_swing,CISD-bar swing,1,8234,0.36550975325361557,0.17445652173913043,0.9332811627292277,59.30289045421423,0.0,-0.6428571428571429,-0.2,0.17445652173913043,0.6666666666666666,2.0
15min,ES,bearish,cisd_swing,CISD-bar swing,2,8234,0.34645952451218237,0.11952380952380952,1.381260953712044,53.351955307262564,20.257469030847705,-1.0,-0.5925925925925926,0.11952380952380952,0.875,2.6756410256410117
15min,ES,bearish,cisd_swing,CISD-bar swing,3,8234,0.3496512231977698,0.0,1.6588950670281297,49.30774836045664,32.353655574447416,-1.0,-1.0,0.0,1.0,3.2439814814814767
15min,ES,bearish,cisd_swing,CISD-bar swing,4,8234,0.3381851827182282,-0.15789473684210525,1.8622525891529618,45.76147680349769,39.98056837503036,-1.0,-1.0,-0.15789473684210525,1.0,3.5714285714285716
15min,ES,bearish,cisd_swing,CISD-bar swing,5,8234,0.3324073977698932,-0.4,2.0320088628556894,42.798153995627885,45.445712897741075,-1.0,-1.0,-0.4,1.0,3.9166666666666665
15min,ES,bearish,cisd_swing,CISD-bar swing,6,8234,0.3246161835182874,-0.8805704099821747,2.175064435550205,39.98056837503036,49.89069710954578,-1.0,-1.0,-0.8805704099821747,1.0,4.167907801418438
15min,ES,bearish,cisd_swing,CISD-bar swing,7,8234,0.33005935146734744,-1.0,2.320153666827961,37.63662861306777,53.38838960408064,-1.0,-1.0,-1.0,1.0,4.633571428571421
15min,ES,both,smt,CISD w/ SMT,1,7337,-0.014491387469441378,-0.1111111111111111,1.0178041463883871,42.82404252419245,29.875971105356413,-1.0,-1.0,-0.1111111111111111,0.45454545454545453,1.7294372294372276
15min,ES,both,smt,CISD w/ SMT,2,7337,-0.017905593290977437,-0.375,1.3926784908116006,39.15769388033256,43.1784107946027,-1.0,-1.0,-0.375,0.5555555555555556,2.282783882783882
15min,ES,both,smt,CISD w/ SMT,3,7337,-0.02139795442188565,-1.0,1.5861400501146379,36.17282267956931,51.28799236745264,-1.0,-1.0,-1.0,0.5555555555555556,2.6666666666666665
15min,ES,both,smt,CISD w/ SMT,4,7337,-0.010805495362468873,-1.0,1.7778484355537056,34.14201989914134,56.68529371677798,-1.0,-1.0,-1.0,0.5714285714285714,3.0
15min,ES,both,smt,CISD w/ SMT,5,7337,-0.00379630752409918,-1.0,1.9272048211486608,32.015810276679844,60.71964017991005,-1.0,-1.0,-1.0,0.5294117647058824,3.375
15min,ES,both,smt,CISD w/ SMT,6,7337,0.009804276604104257,-1.0,2.1011147745515295,30.393893962109853,63.40466130571079,-1.0,-1.0,-1.0,0.5,3.5738095238095218
15min,ES,both,smt,CISD w/ SMT,7,7337,0.010957801251304883,-1.0,2.1749303713619565,28.921902685021127,65.69442551451546,-1.0,-1.0,-1.0,0.4,3.8254901960784298
15min,ES,bullish,smt,CISD w/ SMT,1,3558,-0.005695144097058184,-0.06896551724137931,0.9706651125773962,44.68802698145025,28.948847667228776,-1.0,-1.0,-0.06896551724137931,0.46153846153846156,1.6267045454545412
15min,ES,bullish,smt,CISD w/ SMT,2,3558,0.003223286876619859,-0.27334993773349936,1.3571568850211366,41.31534569983137,41.7088251826869,-1.0,-1.0,-0.27334993773349936,0.6,2.2
15min,ES,bullish,smt,CISD w/ SMT,3,3558,0.0030690359035792543,-0.633399209486166,1.4721230828886667,39.01068015739179,48.988195615514336,-1.0,-1.0,-0.633399209486166,0.6239224137931034,2.5
15min,ES,bullish,smt,CISD w/ SMT,4,3558,0.024050399509281426,-1.0,1.6975903856498236,36.734120292299046,54.412591343451375,-1.0,-1.0,-1.0,0.6666666666666666,2.859821428571422
15min,ES,bullish,smt,CISD w/ SMT,5,3558,0.030383181265048964,-1.0,1.7716445121873492,35.10399100618325,57.89769533445755,-1.0,-1.0,-1.0,0.6842105263157895,3.1666666666666665
15min,ES,bullish,smt,CISD w/ SMT,6,3558,0.050101991275896686,-1.0,1.9064632870806328,33.61439010680157,60.70826306913997,-1.0,-1.0,-1.0,0.7,3.4749999999999894
15min,ES,bullish,smt,CISD w/ SMT,7,3558,0.050709926215090594,-1.0,2.008326732356263,31.98426082068578,63.18156267566049,-1.0,-1.0,-1.0,0.6398639455782313,3.719642857142844
15min,ES,bearish,smt,CISD w/ SMT,1,3779,-0.022773217032537277,-0.15384615384615385,1.0603345592005786,41.069065890447206,30.748875363852875,-1.0,-1.0,-0.15384615384615385,0.45454545454545453,1.8196969696969683
15min,ES,bearish,smt,CISD w/ SMT,2,3779,-0.03779883373456334,-0.47368421052631576,1.4252070687883633,37.12622386874835,44.56205345329452,-1.0,-1.0,-0.47368421052631576,0.5,2.354010695187165
15min,ES,bearish,smt,CISD w/ SMT,3,3779,-0.0444340887373141,-1.0,1.686329770226409,33.500926170944695,53.453294522360416,-1.0,-1.0,-1.0,0.47058823529411764,2.8357142857142836
15min,ES,bearish,smt,CISD w/ SMT,4,3779,-0.04362297986992788,-1.0,1.8498582659208924,31.701508335538502,58.82508600158772,-1.0,-1.0,-1.0,0.43266740658527564,3.0714285714285716
15min,ES,bearish,smt,CISD w/ SMT,5,3779,-0.035976942906948896,-1.0,2.0626926589141523,29.108229690394282,63.376554644085736,-1.0,-1.0,-1.0,0.3333333333333333,3.5765151515151508
15min,ES,bearish,smt,CISD w/ SMT,6,3779,-0.028136784206225847,-1.0,2.268773136887832,27.361735908970626,65.9433712622387,-1.0,-1.0,-1.0,0.25,3.7158301158301144
15min,ES,bearish,smt,CISD w/ SMT,7,3779,-0.026469576526189052,-1.0,2.3205304828132314,26.038634559407253,68.0603334215401,-1.0,-1.0,-1.0,0.12030755314337405,4.0
15min,ES,both,no_smt,CISD no SMT,1,50106,-0.010341017096913098,-0.13333333333333333,1.2872187780134514,42.22847563166088,31.459306270706104,-1.0,-1.0,-0.13333333333333333,0.46153846153846156,1.75
15min,ES,both,no_smt,CISD no SMT,2,50106,-0.016257933939574875,-0.4444444444444444,1.607028935722594,38.143136550512914,45.12433640681755,-1.0,-1.0,-0.4444444444444444,0.5333333333333333,2.375
15min,ES,both,no_smt,CISD no SMT,3,50106,-0.01274696896427482,-1.0,1.8005242424141195,35.3151319203289,52.86792000957969,-1.0,-1.0,-1.0,0.5454545454545454,2.8
15min,ES,both,no_smt,CISD no SMT,4,50106,-0.010235370312006572,-1.0,1.9822557070488032,32.86033608749451,58.13675008980961,-1.0,-1.0,-1.0,0.5172413793103449,3.1
15min,ES,both,no_smt,CISD no SMT,5,50106,-0.010730889868071499,-1.0,2.170701852350125,30.78673212788888,61.812956532151844,-1.0,-1.0,-1.0,0.4666666666666667,3.3684210526315788
15min,ES,both,no_smt,CISD no SMT,6,50106,-0.013168981668256792,-1.0,2.273275625289472,29.122260807088974,64.76469883846246,-1.0,-1.0,-1.0,0.399702380952381,3.6
15min,ES,both,no_smt,CISD no SMT,7,50106,-0.013206177461191211,-1.0,2.376254916714206,27.48373448289626,67.15363429529397,-1.0,-1.0,-1.0,0.2857142857142857,3.8
15min,ES,bullish,no_smt,CISD no SMT,1,25289,0.0014330645162674118,-0.1,1.405580129694697,43.54857843331092,30.732729645300328,-1.0,-1.0,-0.1,0.47368421052631576,1.6923076923076923
15min,ES,bullish,no_smt,CISD no SMT,2,25289,-0.0001676361192520757,-0.3609022556390977,1.7277084731920362,39.71291866028708,43.98355016014868,-1.0,-1.0,-0.3609022556390977,0.5555555555555556,2.3333333333333335
15min,ES,bullish,no_smt,CISD no SMT,3,25289,0.003970525985585442,-1.0,1.888381771098013,37.107042587686344,51.52437818814505,-1.0,-1.0,-1.0,0.6,2.7142857142857144
15min,ES,bullish,no_smt,CISD no SMT,4,25289,0.010580680971537658,-1.0,2.05649571926576,34.82146387757523,56.676816006959555,-1.0,-1.0,-1.0,0.6,3.0
15min,ES,bullish,no_smt,CISD no SMT,5,25289,0.015904073462308464,-1.0,2.298522081103108,32.666376685515445,60.23567559017755,-1.0,-1.0,-1.0,0.5675675675675675,3.2777777777777777
15min,ES,bullish,no_smt,CISD no SMT,6,25289,0.01542994793227353,-1.0,2.4038608394538254,31.112341334176914,63.118351852584134,-1.0,-1.0,-1.0,0.5238095238095238,3.5
15min,ES,bullish,no_smt,CISD no SMT,7,25289,0.01868147914299572,-1.0,2.5053623582140694,29.475265925896636,65.42370200482424,-1.0,-1.0,-1.0,0.47368421052631576,3.75
15min,ES,bearish,no_smt,CISD no SMT,1,24817,-0.02233903256678141,-0.16666666666666666,1.1540919763013016,40.88326550348552,32.19970181730265,-1.0,-1.0,-0.16666666666666666,0.44680851063829785,1.8
15min,ES,bearish,no_smt,CISD no SMT,2,24817,-0.03265425668519856,-0.5384615384615384,1.473778991878244,36.543498408349116,46.28681951887819,-1.0,-1.0,-0.5384615384615384,0.5,2.4285714285714284
15min,ES,bearish,no_smt,CISD no SMT,3,24817,-0.029782417640062217,-1.0,1.7062182322233799,33.48914050852238,54.23701494942983,-1.0,-1.0,-1.0,0.5,2.8823529411764706
15min,ES,bearish,no_smt,CISD no SMT,4,24817,-0.03144732666892119,-1.0,1.9034349593742854,30.86190917516219,59.62445098118225,-1.0,-1.0,-1.0,0.42857142857142855,3.2016666666666427
15min,ES,bearish,no_smt,CISD no SMT,5,24817,-0.03787242944424826,-1.0,2.0318844063225567,28.871338195591733,63.42023612846033,-1.0,-1.0,-1.0,0.34375,3.4545454545454546
15min,ES,bearish,no_smt,CISD no SMT,6,24817,-0.042311840622514404,-1.0,2.131648628894271,27.094330499254543,66.44235806100657,-1.0,-1.0,-1.0,0.2222222222222222,3.6666666666666665
15min,ES,bearish,no_smt,CISD no SMT,7,24817,-0.045700312443795195,-1.0,2.2366229743874277,25.45432566385945,68.91646854978443,-1.0,-1.0,-1.0,0.07692307692307693,3.880470588235287
